{
  "type": "FeatureCollection",
  "features": [
    {
      "type": "Feature",
      "properties": {
        "id": "caucaia:acude",
        "name": "Açude",
        "municipality": "Caucaia",
        "kind": "bairro",
        "source": "IBGE - Malha de Setores Censitarios 2022 agregada por unidade territorial de Caucaia"
      },
      "geometry": {
        "type": "Polygon",
        "coordinates": [
          [
            [
              -38.659325999999965,
              -3.7416999999999803
            ],
            [
              -38.65865299999996,
              -3.74171199999995
            ],
            [
              -38.65853299999998,
              -3.741807999999935
            ],
            [
              -38.658353999999974,
              -3.741799999999955
            ],
            [
              -38.65811699999995,
              -3.7417919999999754
            ],
            [
              -38.65797399999997,
              -3.7417959999999653
            ],
            [
              -38.65753899999993,
              -3.7418949999999427
            ],
            [
              -38.65742499999993,
              -3.7419179999999415
            ],
            [
              -38.65732299999996,
              -3.741916999999944
            ],
            [
              -38.65723799999995,
              -3.741918999999939
            ],
            [
              -38.65716699999996,
              -3.7419099999999617
            ],
            [
              -38.65710599999994,
              -3.7418179999999666
            ],
            [
              -38.65703999999994,
              -3.741799999999955
            ],
            [
              -38.656969999999944,
              -3.741784999999936
            ],
            [
              -38.65680699999996,
              -3.7417879999999286
            ],
            [
              -38.65659299999993,
              -3.7418159999999716
            ],
            [
              -38.65633999999994,
              -3.741910999999959
            ],
            [
              -38.65602099999995,
              -3.7420139999999265
            ],
            [
              -38.655861999999956,
              -3.7420649999999682
            ],
            [
              -38.65578799999997,
              -3.7420989999999392
            ],
            [
              -38.65549899999996,
              -3.742177999999967
            ],
            [
              -38.65566999999993,
              -3.7432159999999612
            ],
            [
              -38.65586429999996,
              -3.744244399999957
            ],
            [
              -38.65586499999995,
              -3.7442479999999705
            ],
            [
              -38.65601899999996,
              -3.745736999999963
            ],
            [
              -38.65594699999997,
              -3.7460569999999507
            ],
            [
              -38.65568099999996,
              -3.747229999999945
            ],
            [
              -38.65554999999995,
              -3.7475359999999682
            ],
            [
              -38.65522299999998,
              -3.7474729999999568
            ],
            [
              -38.65492999999998,
              -3.7473929999999314
            ],
            [
              -38.65494249999995,
              -3.747276099999965
            ],
            [
              -38.65494899999993,
              -3.747214999999926
            ],
            [
              -38.655006999999955,
              -3.7470259999999485
            ],
            [
              -38.65503099999995,
              -3.746806999999933
            ],
            [
              -38.65505699999994,
              -3.746520999999973
            ],
            [
              -38.655032999999946,
              -3.7462359999999535
            ],
            [
              -38.65497199999993,
              -3.7458939999999643
            ],
            [
              -38.654762999999946,
              -3.7448889999999437
            ],
            [
              -38.65443819999996,
              -3.743515999999943
            ],
            [
              -38.65443699999997,
              -3.7435109999999554
            ],
            [
              -38.65408599999995,
              -3.742008999999939
            ],
            [
              -38.654106999999954,
              -3.741717999999935
            ],
            [
              -38.65382609999995,
              -3.740597199999968
            ],
            [
              -38.65362699999997,
              -3.7397809999999367
            ],
            [
              -38.653457999999944,
              -3.7390839999999343
            ],
            [
              -38.65308289999996,
              -3.7377120999999534
            ],
            [
              -38.65432229999993,
              -3.737652199999957
            ],
            [
              -38.65432299999998,
              -3.737675999999965
            ],
            [
              -38.654323499999975,
              -3.737690599999951
            ],
            [
              -38.65536739999993,
              -3.7376694999999245
            ],
            [
              -38.656209099999955,
              -3.7376694999999245
            ],
            [
              -38.656382399999984,
              -3.737446699999964
            ],
            [
              -38.656828099999984,
              -3.7370504999999525
            ],
            [
              -38.65712519999994,
              -3.736728699999958
            ],
            [
              -38.657620399999985,
              -3.7363820999999575
            ],
            [
              -38.657867899999985,
              -3.736307799999963
            ],
            [
              -38.65786979999996,
              -3.736307199999942
            ],
            [
              -38.65791439999998,
              -3.7373878999999306
            ],
            [
              -38.65796389999997,
              -3.7379201999999623
            ],
            [
              -38.658000999999956,
              -3.7381553999999255
            ],
            [
              -38.65807529999995,
              -3.738353399999937
            ],
            [
              -38.658163499999944,
              -3.7386397999999303
            ],
            [
              -38.65816989999996,
              -3.7386368999999604
            ],
            [
              -38.658236199999976,
              -3.7387990999999374
            ],
            [
              -38.65831489999994,
              -3.7390349999999444
            ],
            [
              -38.65847599999995,
              -3.7394089999999665
            ],
            [
              -38.65857399999993,
              -3.739753999999948
            ],
            [
              -38.65882099999993,
              -3.7402479999999514
            ],
            [
              -38.65883009999993,
              -3.7402452999999696
            ],
            [
              -38.65895359999996,
              -3.7407289999999307
            ],
            [
              -38.65895999999998,
              -3.740727999999933
            ],
            [
              -38.65916199999998,
              -3.741203999999925
            ],
            [
              -38.659325999999965,
              -3.7416999999999803
            ]
          ]
        ]
      }
    },
    {
      "type": "Feature",
      "properties": {
        "id": "caucaia:alto-do-garrote",
        "name": "Alto do Garrote",
        "municipality": "Caucaia",
        "kind": "bairro",
        "source": "IBGE - Malha de Setores Censitarios 2022 agregada por unidade territorial de Caucaia"
      },
      "geometry": {
        "type": "Polygon",
        "coordinates": [
          [
            [
              -38.717718599999955,
              -3.680636799999945
            ],
            [
              -38.71532479999996,
              -3.6835836999999287
            ],
            [
              -38.714590699999974,
              -3.684455499999956
            ],
            [
              -38.71188349999994,
              -3.6879151999999635
            ],
            [
              -38.71140479999997,
              -3.688504699999953
            ],
            [
              -38.709901299999956,
              -3.6903561999999397
            ],
            [
              -38.70980399999996,
              -3.6904376999999613
            ],
            [
              -38.708790799999974,
              -3.691689199999928
            ],
            [
              -38.70864409999996,
              -3.6918703999999707
            ],
            [
              -38.70763479999994,
              -3.6930236999999693
            ],
            [
              -38.706587799999966,
              -3.694362299999966
            ],
            [
              -38.706398899999954,
              -3.6948172999999542
            ],
            [
              -38.70629029999998,
              -3.6957016999999723
            ],
            [
              -38.706273099999976,
              -3.6960635999999454
            ],
            [
              -38.70612199999994,
              -3.698449099999948
            ],
            [
              -38.70609499999995,
              -3.699637199999927
            ],
            [
              -38.70598719999998,
              -3.6999862999999777
            ],
            [
              -38.70575599999995,
              -3.7007169999999405
            ],
            [
              -38.70417719999995,
              -3.7012503999999353
            ],
            [
              -38.70363649999996,
              -3.70112649999993
            ],
            [
              -38.70300579999997,
              -3.7009574999999586
            ],
            [
              -38.702439399999946,
              -3.7006008999999267
            ],
            [
              -38.70233859999996,
              -3.700067199999978
            ],
            [
              -38.70177179999996,
              -3.6998305999999275
            ],
            [
              -38.70001709999997,
              -3.700351699999942
            ],
            [
              -38.70000699999997,
              -3.699869999999976
            ],
            [
              -38.69982509999994,
              -3.6992530999999644
            ],
            [
              -38.699644399999954,
              -3.6984977999999273
            ],
            [
              -38.69941479999994,
              -3.697458299999937
            ],
            [
              -38.699275899999975,
              -3.6966694999999277
            ],
            [
              -38.69918709999996,
              -3.695573999999965
            ],
            [
              -38.69894889999995,
              -3.69471139999996
            ],
            [
              -38.69889639999997,
              -3.694006799999954
            ],
            [
              -38.69920229999997,
              -3.6934479999999326
            ],
            [
              -38.69958019999996,
              -3.69294119999995
            ],
            [
              -38.701318999999955,
              -3.689638499999944
            ],
            [
              -38.70168289999998,
              -3.6889759999999683
            ],
            [
              -38.702400799999964,
              -3.686326099999974
            ],
            [
              -38.70255149999997,
              -3.6859532999999374
            ],
            [
              -38.70339999999993,
              -3.684247599999935
            ],
            [
              -38.70354639999994,
              -3.683633699999973
            ],
            [
              -38.703535199999976,
              -3.682169399999964
            ],
            [
              -38.70344509999995,
              -3.68100359999994
            ],
            [
              -38.703332399999965,
              -3.6801306999999497
            ],
            [
              -38.70305079999997,
              -3.6782720999999583
            ],
            [
              -38.70291299999997,
              -3.677694899999949
            ],
            [
              -38.70287059999998,
              -3.6775173999999424
            ],
            [
              -38.70258899999993,
              -3.6767683999999576
            ],
            [
              -38.70236369999998,
              -3.6763628999999582
            ],
            [
              -38.701998799999956,
              -3.6759331999999745
            ],
            [
              -38.70166149999994,
              -3.6758045999999354
            ],
            [
              -38.70146729999993,
              -3.675563699999941
            ],
            [
              -38.70121569999998,
              -3.674700199999961
            ],
            [
              -38.700639799999976,
              -3.6728462999999465
            ],
            [
              -38.70038129999995,
              -3.6705074999999283
            ],
            [
              -38.700661199999956,
              -3.6701814999999556
            ],
            [
              -38.70149599999996,
              -3.668907699999977
            ],
            [
              -38.70147529999997,
              -3.6686959999999544
            ],
            [
              -38.70607179999996,
              -3.6666466999999443
            ],
            [
              -38.70608649999997,
              -3.666581899999926
            ],
            [
              -38.70667609999998,
              -3.666452799999945
            ],
            [
              -38.70679659999996,
              -3.66649979999994
            ],
            [
              -38.70730729999997,
              -3.6664206999999465
            ],
            [
              -38.70908869999994,
              -3.666007299999933
            ],
            [
              -38.70975759999993,
              -3.6660801999999535
            ],
            [
              -38.711386999999945,
              -3.666292999999939
            ],
            [
              -38.71214089999995,
              -3.666505799999925
            ],
            [
              -38.71292529999994,
              -3.6669557999999256
            ],
            [
              -38.713454199999944,
              -3.6671016999999324
            ],
            [
              -38.714785699999936,
              -3.667241499999932
            ],
            [
              -38.715534899999966,
              -3.667302799999959
            ],
            [
              -38.715707099999975,
              -3.6693768999999747
            ],
            [
              -38.71605439999996,
              -3.673024899999973
            ],
            [
              -38.71617269999996,
              -3.6733255999999415
            ],
            [
              -38.71618939999996,
              -3.6733679999999254
            ],
            [
              -38.71643689999996,
              -3.6745884999999703
            ],
            [
              -38.71667309999998,
              -3.6750496999999314
            ],
            [
              -38.71668999999997,
              -3.675595299999941
            ],
            [
              -38.71680809999998,
              -3.675972099999967
            ],
            [
              -38.71685309999998,
              -3.676444599999968
            ],
            [
              -38.71703309999998,
              -3.676900099999955
            ],
            [
              -38.71704989999995,
              -3.6777549999999337
            ],
            [
              -38.71720739999995,
              -3.678171299999974
            ],
            [
              -38.71744819999998,
              -3.6796721999999704
            ],
            [
              -38.717718599999955,
              -3.680636799999945
            ]
          ]
        ]
      }
    },
    {
      "type": "Feature",
      "properties": {
        "id": "caucaia:araturi",
        "name": "Araturi",
        "municipality": "Caucaia",
        "kind": "bairro",
        "source": "IBGE - Malha de Setores Censitarios 2022 agregada por unidade territorial de Caucaia"
      },
      "geometry": {
        "type": "Polygon",
        "coordinates": [
          [
            [
              -38.644371999999976,
              -3.7648286999999527
            ],
            [
              -38.64433429999997,
              -3.764894799999979
            ],
            [
              -38.64430599999997,
              -3.7649796999999694
            ],
            [
              -38.64430599999997,
              -3.7650173999999765
            ],
            [
              -38.64432489999996,
              -3.76507399999997
            ],
            [
              -38.64433429999997,
              -3.765139999999974
            ],
            [
              -38.64433429999997,
              -3.765290899999968
            ],
            [
              -38.64434369999998,
              -3.765404099999955
            ],
            [
              -38.64423999999997,
              -3.7656398999999396
            ],
            [
              -38.644041899999934,
              -3.7658002999999667
            ],
            [
              -38.64395699999994,
              -3.7659134999999537
            ],
            [
              -38.64391919999997,
              -3.7659700999999473
            ],
            [
              -38.64378719999996,
              -3.7660454999999615
            ],
            [
              -38.64369289999996,
              -3.766111599999931
            ],
            [
              -38.64358909999993,
              -3.766224799999975
            ],
            [
              -38.64359849999994,
              -3.7663190999999756
            ],
            [
              -38.64359849999994,
              -3.7664322999999627
            ],
            [
              -38.64360799999997,
              -3.766507699999977
            ],
            [
              -38.643532499999935,
              -3.76655489999996
            ],
            [
              -38.64345709999998,
              -3.766592599999967
            ],
            [
              -38.64341929999995,
              -3.7666869999999335
            ],
            [
              -38.64342679999993,
              -3.7668586999999434
            ],
            [
              -38.643692999999985,
              -3.7668449999999325
            ],
            [
              -38.64359899999994,
              -3.767129999999952
            ],
            [
              -38.643532999999934,
              -3.7672189999999546
            ],
            [
              -38.64345899999995,
              -3.767285999999956
            ],
            [
              -38.64342999999997,
              -3.76738899999998
            ],
            [
              -38.64342999999997,
              -3.767507999999964
            ],
            [
              -38.64347399999997,
              -3.7676559999999313
            ],
            [
              -38.643524999999954,
              -3.767751999999973
            ],
            [
              -38.64362099999994,
              -3.767900999999938
            ],
            [
              -38.64367199999998,
              -3.7680559999999446
            ],
            [
              -38.64367199999998,
              -3.7684189999999376
            ],
            [
              -38.64362799999998,
              -3.768633999999963
            ],
            [
              -38.64356899999996,
              -3.768752999999947
            ],
            [
              -38.643524999999954,
              -3.768855999999971
            ],
            [
              -38.64352659999997,
              -3.7688603999999373
            ],
            [
              -38.64340749999997,
              -3.7689436999999657
            ],
            [
              -38.64335089999997,
              -3.76909459999996
            ],
            [
              -38.643181099999936,
              -3.769207799999947
            ],
            [
              -38.64303019999994,
              -3.769320999999934
            ],
            [
              -38.64306799999997,
              -3.7696039999999584
            ],
            [
              -38.64306799999997,
              -3.769924699999933
            ],
            [
              -38.64301139999998,
              -3.7700755999999274
            ],
            [
              -38.64286039999996,
              -3.7701321999999777
            ],
            [
              -38.642747199999974,
              -3.7702453999999648
            ],
            [
              -38.64267179999996,
              -3.770471799999939
            ],
            [
              -38.642747199999974,
              -3.7706415999999763
            ],
            [
              -38.64276609999996,
              -3.7707924999999705
            ],
            [
              -38.64250199999998,
              -3.7715281999999775
            ],
            [
              -38.64240769999998,
              -3.771735799999931
            ],
            [
              -38.64240769999998,
              -3.7719054999999457
            ],
            [
              -38.64233219999994,
              -3.7720564999999624
            ],
            [
              -38.642388799999935,
              -3.772150799999963
            ],
            [
              -38.64236989999995,
              -3.7723205999999436
            ],
            [
              -38.64227559999995,
              -3.772395999999958
            ],
            [
              -38.64214359999994,
              -3.772395999999958
            ],
            [
              -38.64206809999996,
              -3.7723393999999644
            ],
            [
              -38.64199259999998,
              -3.772377199999937
            ],
            [
              -38.64193599999993,
              -3.7724337999999307
            ],
            [
              -38.641917199999966,
              -3.7728298999999765
            ],
            [
              -38.641785099999936,
              -3.77296199999995
            ],
            [
              -38.64148329999995,
              -3.773075199999937
            ],
            [
              -38.641351199999974,
              -3.7733769999999254
            ],
            [
              -38.641351199999974,
              -3.7736033999999563
            ],
            [
              -38.64127579999996,
              -3.773697699999957
            ],
            [
              -38.64123799999993,
              -3.7738863999999808
            ],
            [
              -38.64131349999997,
              -3.7740183999999317
            ],
            [
              -38.64110599999998,
              -3.774376899999936
            ],
            [
              -38.640917299999956,
              -3.7745843999999806
            ],
            [
              -38.64057779999996,
              -3.7749427999999625
            ],
            [
              -38.64042679999994,
              -3.775093799999979
            ],
            [
              -38.64020039999997,
              -3.775112599999943
            ],
            [
              -38.64008729999995,
              -3.7752069999999662
            ],
            [
              -38.63999289999998,
              -3.7756030999999552
            ],
            [
              -38.63997409999996,
              -3.775791799999979
            ],
            [
              -38.63991749999997,
              -3.7759426999999732
            ],
            [
              -38.639823099999944,
              -3.7759992999999668
            ],
            [
              -38.63970999999998,
              -3.776150199999961
            ],
            [
              -38.63972879999994,
              -3.7764331999999285
            ],
            [
              -38.63984199999993,
              -3.77662179999993
            ],
            [
              -38.63972879999994,
              -3.7767727999999465
            ],
            [
              -38.63950239999997,
              -3.776999099999955
            ],
            [
              -38.63931379999997,
              -3.7771500999999716
            ],
            [
              -38.63910629999998,
              -3.777489599999967
            ],
            [
              -38.63910629999998,
              -3.777904699999965
            ],
            [
              -38.63929489999998,
              -3.77822539999994
            ],
            [
              -38.639257199999975,
              -3.7785083999999642
            ],
            [
              -38.63914399999993,
              -3.778866799999946
            ],
            [
              -38.63914399999993,
              -3.779093199999977
            ],
            [
              -38.638898799999936,
              -3.7792629999999576
            ],
            [
              -38.63878559999995,
              -3.779489299999966
            ],
            [
              -38.63858349999998,
              -3.779757699999948
            ],
            [
              -38.63874619999996,
              -3.780032199999937
            ],
            [
              -38.638563199999965,
              -3.7800829999999337
            ],
            [
              -38.638441099999966,
              -3.7804388999999787
            ],
            [
              -38.63846149999995,
              -3.7807743999999275
            ],
            [
              -38.63832999999994,
              -3.781001099999969
            ],
            [
              -38.63315289999997,
              -3.7811143999999786
            ],
            [
              -38.632488999999964,
              -3.7811657999999397
            ],
            [
              -38.632410799999946,
              -3.781171899999947
            ],
            [
              -38.63187639999995,
              -3.7798784999999384
            ],
            [
              -38.63187149999993,
              -3.779866699999957
            ],
            [
              -38.63166629999995,
              -3.7794130999999425
            ],
            [
              -38.631512999999984,
              -3.779074299999934
            ],
            [
              -38.63128659999995,
              -3.7785649999999578
            ],
            [
              -38.63109549999996,
              -3.778206599999976
            ],
            [
              -38.63090129999995,
              -3.7778423999999404
            ],
            [
              -38.630890499999964,
              -3.7778480999999715
            ],
            [
              -38.63052669999996,
              -3.7775633999999627
            ],
            [
              -38.63054999999997,
              -3.777561999999932
            ],
            [
              -38.629974999999945,
              -3.7768319999999562
            ],
            [
              -38.62962999999996,
              -3.776461999999981
            ],
            [
              -38.62893999999994,
              -3.775615999999957
            ],
            [
              -38.62877199999997,
              -3.7754099999999653
            ],
            [
              -38.62815699999993,
              -3.774710999999968
            ],
            [
              -38.62745899999993,
              -3.7738259999999286
            ],
            [
              -38.626806999999985,
              -3.7731269999999313
            ],
            [
              -38.626660999999956,
              -3.7729249999999297
            ],
            [
              -38.62603399999995,
              -3.7722259999999324
            ],
            [
              -38.62550699999997,
              -3.7716459999999756
            ],
            [
              -38.62509199999994,
              -3.7711539999999673
            ],
            [
              -38.62480199999993,
              -3.770819999999958
            ],
            [
              -38.62432299999995,
              -3.7702639999999406
            ],
            [
              -38.62415899999996,
              -3.770065999999929
            ],
            [
              -38.62353099999996,
              -3.7693512999999257
            ],
            [
              -38.623510299999964,
              -3.7693276999999625
            ],
            [
              -38.62339899999995,
              -3.7692009999999527
            ],
            [
              -38.62426999999997,
              -3.7688949999999295
            ],
            [
              -38.624630999999965,
              -3.7687629999999785
            ],
            [
              -38.624837999999954,
              -3.768639999999948
            ],
            [
              -38.62521499999997,
              -3.768259999999941
            ],
            [
              -38.625782999999956,
              -3.7677419999999415
            ],
            [
              -38.625940999999955,
              -3.7675329999999576
            ],
            [
              -38.62642499999998,
              -3.7670689999999354
            ],
            [
              -38.62679399999996,
              -3.766728999999941
            ],
            [
              -38.62720099999996,
              -3.7663879999999494
            ],
            [
              -38.627711999999974,
              -3.766055999999935
            ],
            [
              -38.628195999999946,
              -3.7658539999999334
            ],
            [
              -38.62861799999996,
              -3.7657149999999433
            ],
            [
              -38.62892899999997,
              -3.7656069999999318
            ],
            [
              -38.629030099999966,
              -3.765581999999938
            ],
            [
              -38.629332999999974,
              -3.765506999999957
            ],
            [
              -38.62952799999994,
              -3.7654829999999606
            ],
            [
              -38.63005499999997,
              -3.7655379999999354
            ],
            [
              -38.63059199999998,
              -3.765598999999952
            ],
            [
              -38.63124499999998,
              -3.765684999999962
            ],
            [
              -38.632619999999974,
              -3.7658689999999524
            ],
            [
              -38.63303599999995,
              -3.765901999999926
            ],
            [
              -38.63340699999998,
              -3.766367999999943
            ],
            [
              -38.63402199999996,
              -3.7671529999999507
            ],
            [
              -38.633876999999984,
              -3.7672599999999647
            ],
            [
              -38.63351699999998,
              -3.7675219999999285
            ],
            [
              -38.633415999999954,
              -3.7675969999999666
            ],
            [
              -38.63317399999994,
              -3.767774999999972
            ],
            [
              -38.63424699999996,
              -3.7692709999999465
            ],
            [
              -38.634596999999985,
              -3.7689809999999397
            ],
            [
              -38.634720999999956,
              -3.768902999999966
            ],
            [
              -38.63494899999995,
              -3.7686789999999633
            ],
            [
              -38.63528599999995,
              -3.768391999999949
            ],
            [
              -38.635471999999936,
              -3.768246999999974
            ],
            [
              -38.63565799999998,
              -3.768128999999931
            ],
            [
              -38.63592399999993,
              -3.767983999999956
            ],
            [
              -38.63599999999997,
              -3.767945999999938
            ],
            [
              -38.636301999999944,
              -3.7677959999999757
            ],
            [
              -38.63625499999995,
              -3.7673219999999787
            ],
            [
              -38.63612199999994,
              -3.7660289999999463
            ],
            [
              -38.63608799999997,
              -3.765639999999962
            ],
            [
              -38.63602399999996,
              -3.7650129999999535
            ],
            [
              -38.63618399999996,
              -3.764881999999943
            ],
            [
              -38.636758999999984,
              -3.764445999999964
            ],
            [
              -38.63708099999997,
              -3.764227999999946
            ],
            [
              -38.637310999999954,
              -3.764069999999947
            ],
            [
              -38.63761499999998,
              -3.7638339999999744
            ],
            [
              -38.63835099999994,
              -3.7633669999999597
            ],
            [
              -38.639268999999956,
              -3.7629929999999376
            ],
            [
              -38.640150999999946,
              -3.7627639999999474
            ],
            [
              -38.64111299999996,
              -3.762538999999947
            ],
            [
              -38.64113999999995,
              -3.7622539999999276
            ],
            [
              -38.641989999999964,
              -3.76202399999994
            ],
            [
              -38.642519999999934,
              -3.7618079999999736
            ],
            [
              -38.643126999999936,
              -3.7614439999999263
            ],
            [
              -38.64386799999994,
              -3.760840999999971
            ],
            [
              -38.643903799999975,
              -3.7608065999999667
            ],
            [
              -38.643843799999956,
              -3.7610839999999257
            ],
            [
              -38.64393809999996,
              -3.76128209999996
            ],
            [
              -38.643975799999964,
              -3.7614518999999405
            ],
            [
              -38.64400409999996,
              -3.7615367999999307
            ],
            [
              -38.64392869999995,
              -3.7616404999999418
            ],
            [
              -38.64391919999997,
              -3.761706599999968
            ],
            [
              -38.64394749999997,
              -3.761734899999965
            ],
            [
              -38.64401359999994,
              -3.761810299999979
            ],
            [
              -38.644277699999975,
              -3.762027299999943
            ],
            [
              -38.64432489999996,
              -3.7620743999999604
            ],
            [
              -38.64434369999998,
              -3.762130999999954
            ],
            [
              -38.64431539999998,
              -3.762196999999958
            ],
            [
              -38.64425879999993,
              -3.7623290999999313
            ],
            [
              -38.644192799999985,
              -3.7624139999999784
            ],
            [
              -38.64416449999993,
              -3.762508299999979
            ],
            [
              -38.644136199999934,
              -3.7625931999999693
            ],
            [
              -38.64416449999993,
              -3.7627063999999564
            ],
            [
              -38.64416449999993,
              -3.762876199999937
            ],
            [
              -38.644136199999934,
              -3.762923399999977
            ],
            [
              -38.64407019999993,
              -3.7629704999999376
            ],
            [
              -38.64400409999996,
              -3.762942199999941
            ],
            [
              -38.64394749999997,
              -3.7629516999999737
            ],
            [
              -38.64390979999996,
              -3.762989399999981
            ],
            [
              -38.64390979999996,
              -3.763093099999935
            ],
            [
              -38.64392869999995,
              -3.7631968999999685
            ],
            [
              -38.64395699999994,
              -3.7632723999999484
            ],
            [
              -38.64402299999995,
              -3.763291199999969
            ],
            [
              -38.64412679999998,
              -3.763319499999966
            ],
            [
              -38.644192799999985,
              -3.7633383999999523
            ],
            [
              -38.644192799999985,
              -3.763366699999949
            ],
            [
              -38.644230499999935,
              -3.7634138999999323
            ],
            [
              -38.64423999999997,
              -3.7634609999999498
            ],
            [
              -38.644230499999935,
              -3.763574199999937
            ],
            [
              -38.644230499999935,
              -3.763611899999944
            ],
            [
              -38.64425879999993,
              -3.7636779999999703
            ],
            [
              -38.64432489999996,
              -3.763743999999974
            ],
            [
              -38.64435309999993,
              -3.763875999999925
            ],
            [
              -38.644362599999965,
              -3.7641212999999425
            ],
            [
              -38.644362599999965,
              -3.7643476999999734
            ],
            [
              -38.64435309999993,
              -3.764441999999974
            ],
            [
              -38.64435309999993,
              -3.7645268999999644
            ],
            [
              -38.64432489999996,
              -3.7645928999999683
            ],
            [
              -38.64435309999993,
              -3.764658999999938
            ],
            [
              -38.64435309999993,
              -3.7647155999999313
            ],
            [
              -38.644371999999976,
              -3.7648286999999527
            ]
          ]
        ]
      }
    },
    {
      "type": "Feature",
      "properties": {
        "id": "caucaia:barra-nova",
        "name": "Barra Nova",
        "municipality": "Caucaia",
        "kind": "bairro",
        "source": "IBGE - Malha de Setores Censitarios 2022 agregada por unidade territorial de Caucaia"
      },
      "geometry": {
        "type": "Polygon",
        "coordinates": [
          [
            [
              -38.68993599999993,
              -3.6890039999999544
            ],
            [
              -38.68989799999997,
              -3.689205999999956
            ],
            [
              -38.68979299999995,
              -3.6893779999999765
            ],
            [
              -38.68964999999997,
              -3.6893689999999424
            ],
            [
              -38.689506999999935,
              -3.6893589999999676
            ],
            [
              -38.689344999999946,
              -3.689397999999926
            ],
            [
              -38.689239999999984,
              -3.6896089999999617
            ],
            [
              -38.68919299999993,
              -3.6898289999999747
            ],
            [
              -38.68883999999997,
              -3.690232999999978
            ],
            [
              -38.688729999999964,
              -3.6903089999999565
            ],
            [
              -38.67990459999993,
              -3.689960699999972
            ],
            [
              -38.67946619999998,
              -3.6899695999999267
            ],
            [
              -38.67940059999995,
              -3.6899709999999573
            ],
            [
              -38.67926369999998,
              -3.6899748999999247
            ],
            [
              -38.67869379999996,
              -3.689991299999974
            ],
            [
              -38.67590789999997,
              -3.689960499999927
            ],
            [
              -38.67474809999993,
              -3.6899512999999615
            ],
            [
              -38.67452439999994,
              -3.6899494999999547
            ],
            [
              -38.672407299999975,
              -3.6897833999999534
            ],
            [
              -38.67255159999996,
              -3.690134599999965
            ],
            [
              -38.67262139999997,
              -3.690321499999925
            ],
            [
              -38.67267929999997,
              -3.690481699999964
            ],
            [
              -38.67272839999998,
              -3.690643699999953
            ],
            [
              -38.67281419999995,
              -3.690814899999964
            ],
            [
              -38.672900099999936,
              -3.6912232999999333
            ],
            [
              -38.67319289999995,
              -3.691462299999955
            ],
            [
              -38.67406329999994,
              -3.69215429999997
            ],
            [
              -38.674162999999965,
              -3.692682799999943
            ],
            [
              -38.67414089999994,
              -3.693148899999926
            ],
            [
              -38.674239399999976,
              -3.693694199999925
            ],
            [
              -38.67428449999994,
              -3.6939898999999627
            ],
            [
              -38.67436809999998,
              -3.69421049999994
            ],
            [
              -38.67436319999996,
              -3.694496499999957
            ],
            [
              -38.67363099999994,
              -3.6967173999999545
            ],
            [
              -38.67229299999997,
              -3.70173699999998
            ],
            [
              -38.67240129999993,
              -3.7024943999999778
            ],
            [
              -38.671487999999954,
              -3.7028199999999742
            ],
            [
              -38.67082599999998,
              -3.703051999999957
            ],
            [
              -38.67018399999995,
              -3.703254999999956
            ],
            [
              -38.66952199999997,
              -3.703461999999945
            ],
            [
              -38.668851899999936,
              -3.703651299999933
            ],
            [
              -38.667528999999945,
              -3.70404979999995
            ],
            [
              -38.666840399999955,
              -3.7042290999999636
            ],
            [
              -38.66618959999994,
              -3.704455399999972
            ],
            [
              -38.665444399999956,
              -3.704681799999946
            ],
            [
              -38.66484069999996,
              -3.7047855999999797
            ],
            [
              -38.664746399999956,
              -3.7047666999999365
            ],
            [
              -38.66418989999994,
              -3.7047949999999332
            ],
            [
              -38.66427479999993,
              -3.702823599999931
            ],
            [
              -38.662558099999956,
              -3.7028141999999775
            ],
            [
              -38.65932269999996,
              -3.7027009999999336
            ],
            [
              -38.659644999999955,
              -3.702047999999934
            ],
            [
              -38.65969599999994,
              -3.701877999999965
            ],
            [
              -38.65973199999996,
              -3.701588999999956
            ],
            [
              -38.659712999999954,
              -3.7013789999999744
            ],
            [
              -38.65962899999994,
              -3.7011339999999677
            ],
            [
              -38.65955399999996,
              -3.700785999999937
            ],
            [
              -38.65860199999997,
              -3.6976739999999495
            ],
            [
              -38.65821699999998,
              -3.696331999999927
            ],
            [
              -38.65815249999997,
              -3.695946899999967
            ],
            [
              -38.659582099999966,
              -3.696017999999981
            ],
            [
              -38.66111009999997,
              -3.6960462999999777
            ],
            [
              -38.66108189999994,
              -3.6949237999999696
            ],
            [
              -38.66287399999993,
              -3.6947633999999425
            ],
            [
              -38.66319239999996,
              -3.69385079999995
            ],
            [
              -38.66333899999995,
              -3.6934219999999414
            ],
            [
              -38.663589299999956,
              -3.6926701999999523
            ],
            [
              -38.66384419999997,
              -3.693197599999962
            ],
            [
              -38.66391639999995,
              -3.693223199999977
            ],
            [
              -38.66466129999998,
              -3.692989799999964
            ],
            [
              -38.66646799999995,
              -3.692288099999928
            ],
            [
              -38.666823799999975,
              -3.692144399999961
            ],
            [
              -38.66851459999998,
              -3.6917139999999335
            ],
            [
              -38.668975699999976,
              -3.691615899999931
            ],
            [
              -38.66908989999996,
              -3.6915994999999384
            ],
            [
              -38.66915299999994,
              -3.691669799999943
            ],
            [
              -38.66929389999996,
              -3.691578199999981
            ],
            [
              -38.669284999999945,
              -3.691244799999936
            ],
            [
              -38.66923929999996,
              -3.690799899999945
            ],
            [
              -38.66909389999995,
              -3.690093799999943
            ],
            [
              -38.66922959999994,
              -3.689768499999957
            ],
            [
              -38.66959509999998,
              -3.6897904999999582
            ],
            [
              -38.66960419999998,
              -3.6891557999999804
            ],
            [
              -38.66951929999993,
              -3.688919999999939
            ],
            [
              -38.66970799999996,
              -3.6887029999999754
            ],
            [
              -38.66987769999997,
              -3.688533199999938
            ],
            [
              -38.66998149999995,
              -3.688306799999964
            ],
            [
              -38.66985889999995,
              -3.688023899999962
            ],
            [
              -38.669736299999954,
              -3.6875144999999634
            ],
            [
              -38.66956649999997,
              -3.6871371999999383
            ],
            [
              -38.669396699999936,
              -3.6867504999999596
            ],
            [
              -38.669409299999984,
              -3.6865104999999403
            ],
            [
              -38.67330179999993,
              -3.683345299999928
            ],
            [
              -38.67742499999997,
              -3.6828029999999785
            ],
            [
              -38.678796999999975,
              -3.6830529999999726
            ],
            [
              -38.68039799999997,
              -3.6830719999999246
            ],
            [
              -38.682361999999955,
              -3.6828609999999458
            ],
            [
              -38.68319999999994,
              -3.682495999999958
            ],
            [
              -38.68487799999997,
              -3.6809599999999705
            ],
            [
              -38.68497519999994,
              -3.6810303999999405
            ],
            [
              -38.68562099999997,
              -3.6814979999999764
            ],
            [
              -38.68636399999997,
              -3.682246999999961
            ],
            [
              -38.68727899999993,
              -3.6827259999999455
            ],
            [
              -38.68729909999996,
              -3.682820999999933
            ],
            [
              -38.68730249999993,
              -3.6828367999999614
            ],
            [
              -38.68733199999997,
              -3.6829759999999396
            ],
            [
              -38.68742699999996,
              -3.6834459999999467
            ],
            [
              -38.687521999999944,
              -3.6838299999999435
            ],
            [
              -38.68766499999998,
              -3.6841379999999617
            ],
            [
              -38.68797999999998,
              -3.6844729999999686
            ],
            [
              -38.68828499999995,
              -3.684981999999934
            ],
            [
              -38.68839899999995,
              -3.685250999999937
            ],
            [
              -38.68857099999997,
              -3.685423999999955
            ],
            [
              -38.688741999999934,
              -3.6855869999999413
            ],
            [
              -38.68876099999994,
              -3.6857499999999277
            ],
            [
              -38.688684999999964,
              -3.686200999999926
            ],
            [
              -38.688620999999955,
              -3.686570999999958
            ],
            [
              -38.688586999999984,
              -3.686651999999981
            ],
            [
              -38.68852999999996,
              -3.686675999999977
            ],
            [
              -38.688444999999945,
              -3.686666999999943
            ],
            [
              -38.68829699999998,
              -3.6866379999999594
            ],
            [
              -38.688110999999935,
              -3.6865609999999265
            ],
            [
              -38.68799699999994,
              -3.6865659999999707
            ],
            [
              -38.687900999999954,
              -3.686623999999938
            ],
            [
              -38.68781999999993,
              -3.6866959999999267
            ],
            [
              -38.687791999999945,
              -3.6868299999999294
            ],
            [
              -38.68782999999996,
              -3.686978999999951
            ],
            [
              -38.68799699999994,
              -3.687347999999929
            ],
            [
              -38.688196999999946,
              -3.6877949999999373
            ],
            [
              -38.68823499999996,
              -3.687851999999964
            ],
            [
              -38.68882099999996,
              -3.688082999999949
            ],
            [
              -38.689115999999956,
              -3.688206999999977
            ],
            [
              -38.68941199999995,
              -3.6885049999999637
            ],
            [
              -38.68986899999993,
              -3.688782999999944
            ],
            [
              -38.68993599999993,
              -3.6890039999999544
            ]
          ]
        ]
      }
    },
    {
      "type": "Feature",
      "properties": {
        "id": "caucaia:bom-jesus",
        "name": "Bom Jesus",
        "municipality": "Caucaia",
        "kind": "bairro",
        "source": "IBGE - Malha de Setores Censitarios 2022 agregada por unidade territorial de Caucaia"
      },
      "geometry": {
        "type": "Polygon",
        "coordinates": [
          [
            [
              -38.694953099999964,
              -3.707509699999946
            ],
            [
              -38.69441489999997,
              -3.7078248999999346
            ],
            [
              -38.69299199999995,
              -3.708657999999957
            ],
            [
              -38.69057299999997,
              -3.7100739999999632
            ],
            [
              -38.69036929999993,
              -3.710190999999952
            ],
            [
              -38.686965999999984,
              -3.712144999999964
            ],
            [
              -38.686045999999976,
              -3.7127369999999473
            ],
            [
              -38.68552099999994,
              -3.7130679999999643
            ],
            [
              -38.68509899999998,
              -3.71347499999996
            ],
            [
              -38.68476199999998,
              -3.713957999999934
            ],
            [
              -38.68445099999997,
              -3.714497999999935
            ],
            [
              -38.68406099999993,
              -3.715048999999965
            ],
            [
              -38.68374499999993,
              -3.715541999999971
            ],
            [
              -38.68340799999993,
              -3.7161429999999314
            ],
            [
              -38.682987999999966,
              -3.71676999999994
            ],
            [
              -38.68253199999998,
              -3.7174699999999348
            ],
            [
              -38.68210199999993,
              -3.7181889999999385
            ],
            [
              -38.68165199999993,
              -3.71884799999998
            ],
            [
              -38.68140409999995,
              -3.7191594999999325
            ],
            [
              -38.68063089999998,
              -3.71836849999994
            ],
            [
              -38.67722299999997,
              -3.7149332999999274
            ],
            [
              -38.677509999999984,
              -3.7146529999999416
            ],
            [
              -38.67789799999997,
              -3.714358999999945
            ],
            [
              -38.678453299999944,
              -3.714039899999932
            ],
            [
              -38.67832459999994,
              -3.7133644999999547
            ],
            [
              -38.67779639999998,
              -3.71089319999993
            ],
            [
              -38.67736249999996,
              -3.708440699999926
            ],
            [
              -38.677136099999984,
              -3.70702579999994
            ],
            [
              -38.67662679999995,
              -3.704705399999966
            ],
            [
              -38.67636259999995,
              -3.703403699999967
            ],
            [
              -38.67768319999993,
              -3.7031206999999426
            ],
            [
              -38.67715499999997,
              -3.701366299999961
            ],
            [
              -38.677031399999976,
              -3.7013943999999697
            ],
            [
              -38.673419699999954,
              -3.702215199999955
            ],
            [
              -38.67240129999993,
              -3.7024943999999778
            ],
            [
              -38.67229299999997,
              -3.70173699999998
            ],
            [
              -38.67363099999994,
              -3.6967173999999545
            ],
            [
              -38.67436319999996,
              -3.694496499999957
            ],
            [
              -38.67436809999998,
              -3.69421049999994
            ],
            [
              -38.67428449999994,
              -3.6939898999999627
            ],
            [
              -38.674239399999976,
              -3.693694199999925
            ],
            [
              -38.67414089999994,
              -3.693148899999926
            ],
            [
              -38.674162999999965,
              -3.692682799999943
            ],
            [
              -38.67406329999994,
              -3.69215429999997
            ],
            [
              -38.67319289999995,
              -3.691462299999955
            ],
            [
              -38.672900099999936,
              -3.6912232999999333
            ],
            [
              -38.67281419999995,
              -3.690814899999964
            ],
            [
              -38.67272839999998,
              -3.690643699999953
            ],
            [
              -38.67267929999997,
              -3.690481699999964
            ],
            [
              -38.67262139999997,
              -3.690321499999925
            ],
            [
              -38.67255159999996,
              -3.690134599999965
            ],
            [
              -38.672407299999975,
              -3.6897833999999534
            ],
            [
              -38.67452439999994,
              -3.6899494999999547
            ],
            [
              -38.67474809999993,
              -3.6899512999999615
            ],
            [
              -38.67590789999997,
              -3.689960499999927
            ],
            [
              -38.67869379999996,
              -3.689991299999974
            ],
            [
              -38.67926369999998,
              -3.6899748999999247
            ],
            [
              -38.67940059999995,
              -3.6899709999999573
            ],
            [
              -38.67946619999998,
              -3.6899695999999267
            ],
            [
              -38.67990459999993,
              -3.689960699999972
            ],
            [
              -38.688729999999964,
              -3.6903089999999565
            ],
            [
              -38.688462999999956,
              -3.690482999999972
            ],
            [
              -38.68832599999996,
              -3.690606999999943
            ],
            [
              -38.68826799999994,
              -3.6907459999999332
            ],
            [
              -38.68833999999998,
              -3.6909279999999285
            ],
            [
              -38.688448999999935,
              -3.6910669999999755
            ],
            [
              -38.688549999999964,
              -3.691197999999929
            ],
            [
              -38.68871699999994,
              -3.691336999999976
            ],
            [
              -38.688991999999985,
              -3.69149699999997
            ],
            [
              -38.68911499999996,
              -3.6915989999999397
            ],
            [
              -38.68931799999996,
              -3.691759999999931
            ],
            [
              -38.68983199999997,
              -3.69228499999997
            ],
            [
              -38.68986799999993,
              -3.692393999999979
            ],
            [
              -38.68986799999993,
              -3.6925469999999336
            ],
            [
              -38.68980299999998,
              -3.6926489999999603
            ],
            [
              -38.68967999999995,
              -3.6927949999999328
            ],
            [
              -38.68967999999995,
              -3.692889999999977
            ],
            [
              -38.68979499999995,
              -3.692991999999947
            ],
            [
              -38.68996899999996,
              -3.6929989999999293
            ],
            [
              -38.690084999999954,
              -3.6929989999999293
            ],
            [
              -38.69028099999997,
              -3.693006999999966
            ],
            [
              -38.69033799999994,
              -3.6930359999999496
            ],
            [
              -38.69152599999995,
              -3.693822999999952
            ],
            [
              -38.69158399999998,
              -3.6939759999999637
            ],
            [
              -38.691670999999985,
              -3.694078999999931
            ],
            [
              -38.691836999999964,
              -3.694172999999978
            ],
            [
              -38.69220699999994,
              -3.694245999999964
            ],
            [
              -38.692763999999954,
              -3.694522999999947
            ],
            [
              -38.693183999999974,
              -3.694851999999969
            ],
            [
              -38.69332899999995,
              -3.69497599999994
            ],
            [
              -38.69340099999994,
              -3.695142999999973
            ],
            [
              -38.69340799999998,
              -3.695295999999928
            ],
            [
              -38.693371999999954,
              -3.695470999999941
            ],
            [
              -38.69306799999998,
              -3.6962949999999637
            ],
            [
              -38.69306099999994,
              -3.6965869999999654
            ],
            [
              -38.693146199999944,
              -3.696834499999966
            ],
            [
              -38.693020599999954,
              -3.6968762999999285
            ],
            [
              -38.69283199999995,
              -3.696838599999978
            ],
            [
              -38.69279419999998,
              -3.6968197999999575
            ],
            [
              -38.692416899999955,
              -3.696838599999978
            ],
            [
              -38.69220939999997,
              -3.6968574999999646
            ],
            [
              -38.69207729999994,
              -3.6969706999999516
            ],
            [
              -38.69190759999998,
              -3.697046099999966
            ],
            [
              -38.692020799999966,
              -3.6973667999999407
            ],
            [
              -38.69207729999994,
              -3.697574399999951
            ],
            [
              -38.69177549999995,
              -3.6981779999999276
            ],
            [
              -38.69166229999996,
              -3.6983666999999514
            ],
            [
              -38.691190699999936,
              -3.6992910999999253
            ],
            [
              -38.691549099999975,
              -3.7000267999999323
            ],
            [
              -38.69136049999997,
              -3.7007813999999257
            ],
            [
              -38.69115299999993,
              -3.7014228999999546
            ],
            [
              -38.69103979999994,
              -3.7017057999999565
            ],
            [
              -38.691115199999956,
              -3.702290699999935
            ],
            [
              -38.69120949999996,
              -3.70246039999995
            ],
            [
              -38.69136049999997,
              -3.702799999999968
            ],
            [
              -38.691322699999944,
              -3.7033281999999303
            ],
            [
              -38.691322699999944,
              -3.703611199999955
            ],
            [
              -38.69137929999994,
              -3.7039130999999657
            ],
            [
              -38.69141709999997,
              -3.70398849999998
            ],
            [
              -38.691549099999975,
              -3.7040827999999806
            ],
            [
              -38.691794399999935,
              -3.70406399999996
            ],
            [
              -38.69196419999997,
              -3.7040450999999734
            ],
            [
              -38.69211509999997,
              -3.703950799999973
            ],
            [
              -38.69213989999997,
              -3.7039585999999645
            ],
            [
              -38.69247349999995,
              -3.70406399999996
            ],
            [
              -38.692680999999936,
              -3.704328099999941
            ],
            [
              -38.69281309999997,
              -3.7046487999999727
            ],
            [
              -38.69296399999996,
              -3.705158199999971
            ],
            [
              -38.69307719999995,
              -3.705365699999959
            ],
            [
              -38.69339789999998,
              -3.705478899999946
            ],
            [
              -38.69369979999993,
              -3.7055354999999395
            ],
            [
              -38.693794099999934,
              -3.7057995999999775
            ],
            [
              -38.69405819999997,
              -3.7061202999999523
            ],
            [
              -38.69419019999998,
              -3.706478699999934
            ],
            [
              -38.69447319999995,
              -3.7067616999999586
            ],
            [
              -38.69462409999994,
              -3.70702579999994
            ],
            [
              -38.69494489999994,
              -3.7073276999999507
            ],
            [
              -38.694953099999964,
              -3.707509699999946
            ]
          ]
        ]
      }
    },
    {
      "type": "Feature",
      "properties": {
        "id": "caucaia:cabatan",
        "name": "Cabatan",
        "municipality": "Caucaia",
        "kind": "bairro",
        "source": "IBGE - Malha de Setores Censitarios 2022 agregada por unidade territorial de Caucaia"
      },
      "geometry": {
        "type": "Polygon",
        "coordinates": [
          [
            [
              -38.68401469999998,
              -3.729873699999928
            ],
            [
              -38.68294899999995,
              -3.729743199999973
            ],
            [
              -38.68232139999998,
              -3.729767299999935
            ],
            [
              -38.680765399999984,
              -3.73018959999996
            ],
            [
              -38.674168899999984,
              -3.731998899999951
            ],
            [
              -38.67374069999994,
              -3.732165699999939
            ],
            [
              -38.67260219999997,
              -3.732648499999925
            ],
            [
              -38.67213749999996,
              -3.732859699999949
            ],
            [
              -38.672226499999965,
              -3.7325475999999753
            ],
            [
              -38.67223329999996,
              -3.732367799999963
            ],
            [
              -38.672235899999976,
              -3.7322968999999375
            ],
            [
              -38.67205149999995,
              -3.7317908999999645
            ],
            [
              -38.67186229999993,
              -3.731611199999975
            ],
            [
              -38.67171859999996,
              -3.731515399999978
            ],
            [
              -38.671635299999934,
              -3.7314598999999475
            ],
            [
              -38.671002199999975,
              -3.730666999999926
            ],
            [
              -38.67038249999996,
              -3.7297432999999387
            ],
            [
              -38.67008229999993,
              -3.729307399999925
            ],
            [
              -38.66994439999996,
              -3.7290728999999487
            ],
            [
              -38.669731999999954,
              -3.7285849999999527
            ],
            [
              -38.668800999999974,
              -3.7267549999999687
            ],
            [
              -38.66849099999996,
              -3.7262119999999754
            ],
            [
              -38.66835299999997,
              -3.7258659999999395
            ],
            [
              -38.668298999999934,
              -3.7256589999999505
            ],
            [
              -38.66824799999995,
              -3.725599999999929
            ],
            [
              -38.668109999999956,
              -3.725599999999929
            ],
            [
              -38.667719999999974,
              -3.7256819999999493
            ],
            [
              -38.66753099999994,
              -3.7249159999999506
            ],
            [
              -38.66732099999996,
              -3.7241069999999468
            ],
            [
              -38.66724499999998,
              -3.723735999999974
            ],
            [
              -38.66713899999996,
              -3.723274999999944
            ],
            [
              -38.66703499999994,
              -3.7227179999999294
            ],
            [
              -38.66692899999998,
              -3.722206999999969
            ],
            [
              -38.66669699999994,
              -3.72126499999996
            ],
            [
              -38.666484999999966,
              -3.720128999999929
            ],
            [
              -38.667149999999936,
              -3.719979999999964
            ],
            [
              -38.67052799999993,
              -3.718977999999936
            ],
            [
              -38.671337999999935,
              -3.7187439999999583
            ],
            [
              -38.67309299999994,
              -3.7182809999999336
            ],
            [
              -38.674012999999945,
              -3.7180159999999773
            ],
            [
              -38.67440099999993,
              -3.717790999999977
            ],
            [
              -38.67478199999994,
              -3.717519999999979
            ],
            [
              -38.675149999999974,
              -3.717194999999947
            ],
            [
              -38.675531999999976,
              -3.7167779999999766
            ],
            [
              -38.67577629999994,
              -3.716502699999978
            ],
            [
              -38.676819999999964,
              -3.715326999999945
            ],
            [
              -38.67722299999997,
              -3.7149332999999274
            ],
            [
              -38.68063089999998,
              -3.71836849999994
            ],
            [
              -38.68140409999995,
              -3.7191594999999325
            ],
            [
              -38.68127599999997,
              -3.7193149999999378
            ],
            [
              -38.68159899999995,
              -3.7206239999999298
            ],
            [
              -38.68183299999998,
              -3.7213779999999588
            ],
            [
              -38.68214899999998,
              -3.7222629999999413
            ],
            [
              -38.68227899999994,
              -3.7227139999999395
            ],
            [
              -38.682474999999954,
              -3.723786999999959
            ],
            [
              -38.68278899999996,
              -3.7249259999999254
            ],
            [
              -38.68310799999995,
              -3.7260579999999663
            ],
            [
              -38.68325399999998,
              -3.7268979999999488
            ],
            [
              -38.68335899999994,
              -3.727931999999953
            ],
            [
              -38.68339119999996,
              -3.7280580999999415
            ],
            [
              -38.68352049999993,
              -3.728563999999949
            ],
            [
              -38.68367049999995,
              -3.729223099999956
            ],
            [
              -38.68373799999995,
              -3.729513099999963
            ],
            [
              -38.68387279999996,
              -3.729708599999981
            ],
            [
              -38.684012999999936,
              -3.7298679999999536
            ],
            [
              -38.68401469999998,
              -3.729873699999928
            ]
          ]
        ]
      }
    },
    {
      "type": "Feature",
      "properties": {
        "id": "caucaia:camara",
        "name": "Camará",
        "municipality": "Caucaia",
        "kind": "aglomerado",
        "source": "IBGE - Malha de Setores Censitarios 2022 agregada por unidade territorial de Caucaia"
      },
      "geometry": {
        "type": "Polygon",
        "coordinates": [
          [
            [
              -38.757870999999966,
              -3.706533199999967
            ],
            [
              -38.76093799999995,
              -3.7027333999999428
            ],
            [
              -38.756528799999955,
              -3.704365799999948
            ],
            [
              -38.75671649999998,
              -3.704875799999968
            ],
            [
              -38.75701159999994,
              -3.7056223999999247
            ],
            [
              -38.757235299999934,
              -3.7060440999999287
            ],
            [
              -38.75754619999998,
              -3.706311299999925
            ],
            [
              -38.75762179999998,
              -3.706362899999931
            ],
            [
              -38.757870999999966,
              -3.706533199999967
            ]
          ]
        ]
      }
    },
    {
      "type": "Feature",
      "properties": {
        "id": "caucaia:campo-grande",
        "name": "Campo Grande",
        "municipality": "Caucaia",
        "kind": "bairro",
        "source": "IBGE - Malha de Setores Censitarios 2022 agregada por unidade territorial de Caucaia"
      },
      "geometry": {
        "type": "Polygon",
        "coordinates": [
          [
            [
              -38.69499399999995,
              -3.7725299999999606
            ],
            [
              -38.69494059999994,
              -3.7725886999999716
            ],
            [
              -38.693879599999946,
              -3.7737546999999267
            ],
            [
              -38.69381929999997,
              -3.7738209999999413
            ],
            [
              -38.68905799999993,
              -3.779053699999963
            ],
            [
              -38.68848349999996,
              -3.779685099999938
            ],
            [
              -38.687400199999956,
              -3.778996599999971
            ],
            [
              -38.68650029999998,
              -3.778424599999937
            ],
            [
              -38.68622399999998,
              -3.77824899999996
            ],
            [
              -38.685449999999946,
              -3.7778509999999415
            ],
            [
              -38.67826459999998,
              -3.7741333999999256
            ],
            [
              -38.67561099999995,
              -3.772760499999947
            ],
            [
              -38.67420099999998,
              -3.77203099999997
            ],
            [
              -38.66582999999997,
              -3.7677309999999693
            ],
            [
              -38.665420799999936,
              -3.767512199999942
            ],
            [
              -38.66585689999994,
              -3.766716899999949
            ],
            [
              -38.66648189999995,
              -3.765694099999962
            ],
            [
              -38.666623999999956,
              -3.76552369999996
            ],
            [
              -38.66730579999995,
              -3.7650974999999676
            ],
            [
              -38.669464999999946,
              -3.76469979999996
            ],
            [
              -38.672675399999946,
              -3.764131599999928
            ],
            [
              -38.67599649999994,
              -3.763546799999972
            ],
            [
              -38.67910889999996,
              -3.7629856999999447
            ],
            [
              -38.68009059999997,
              -3.762796299999934
            ],
            [
              -38.684817899999985,
              -3.7619575999999597
            ],
            [
              -38.68487499999998,
              -3.7622349999999756
            ],
            [
              -38.68469399999998,
              -3.762963999999954
            ],
            [
              -38.68473499999993,
              -3.7631189999999606
            ],
            [
              -38.68467999999996,
              -3.763469999999927
            ],
            [
              -38.684428999999966,
              -3.76369399999993
            ],
            [
              -38.68421999999998,
              -3.7637359999999376
            ],
            [
              -38.68394099999995,
              -3.7639469999999733
            ],
            [
              -38.684177999999974,
              -3.7643889999999374
            ],
            [
              -38.68426199999993,
              -3.764697999999953
            ],
            [
              -38.68428899999998,
              -3.7649509999999395
            ],
            [
              -38.68490299999996,
              -3.765062999999941
            ],
            [
              -38.68545999999998,
              -3.765062999999941
            ],
            [
              -38.685626999999954,
              -3.765399999999943
            ],
            [
              -38.685626999999954,
              -3.7664099999999507
            ],
            [
              -38.685292999999945,
              -3.7666909999999802
            ],
            [
              -38.68493099999995,
              -3.7668879999999376
            ],
            [
              -38.68490299999996,
              -3.76739299999997
            ],
            [
              -38.68487499999998,
              -3.7678979999999456
            ],
            [
              -38.68481899999995,
              -3.768122999999946
            ],
            [
              -38.68509799999998,
              -3.7682909999999765
            ],
            [
              -38.685626999999954,
              -3.768571999999949
            ],
            [
              -38.68626899999998,
              -3.7686839999999506
            ],
            [
              -38.68679799999995,
              -3.7688249999999357
            ],
            [
              -38.68718899999993,
              -3.7691049999999677
            ],
            [
              -38.68763499999994,
              -3.7691899999999805
            ],
            [
              -38.68780199999998,
              -3.7694419999999695
            ],
            [
              -38.68794099999997,
              -3.7696109999999408
            ],
            [
              -38.688358999999934,
              -3.76986299999993
            ],
            [
              -38.68860999999998,
              -3.770031999999958
            ],
            [
              -38.68916799999994,
              -3.770396999999946
            ],
            [
              -38.68961399999995,
              -3.770424999999932
            ],
            [
              -38.690087999999946,
              -3.7709579999999505
            ],
            [
              -38.69044999999994,
              -3.7713789999999676
            ],
            [
              -38.690616999999975,
              -3.771631999999954
            ],
            [
              -38.69117499999993,
              -3.7717159999999694
            ],
            [
              -38.691899999999976,
              -3.7717159999999694
            ],
            [
              -38.69240099999996,
              -3.7712949999999523
            ],
            [
              -38.692568999999935,
              -3.7705649999999764
            ],
            [
              -38.69298699999996,
              -3.7705649999999764
            ],
            [
              -38.693404999999984,
              -3.7709579999999505
            ],
            [
              -38.693624299999954,
              -3.7709992999999713
            ],
            [
              -38.69385099999994,
              -3.771041999999966
            ],
            [
              -38.69440899999995,
              -3.7713789999999676
            ],
            [
              -38.69488199999995,
              -3.7718849999999406
            ],
            [
              -38.69499399999995,
              -3.7725299999999606
            ]
          ]
        ]
      }
    },
    {
      "type": "Feature",
      "properties": {
        "id": "caucaia:camurupim",
        "name": "Camurupim",
        "municipality": "Caucaia",
        "kind": "bairro",
        "source": "IBGE - Malha de Setores Censitarios 2022 agregada por unidade territorial de Caucaia"
      },
      "geometry": {
        "type": "Polygon",
        "coordinates": [
          [
            [
              -38.65899299999995,
              -3.7033909999999537
            ],
            [
              -38.658661999999936,
              -3.704070999999942
            ],
            [
              -38.65851399999997,
              -3.704495999999949
            ],
            [
              -38.65841299999994,
              -3.7048469999999725
            ],
            [
              -38.65831099999997,
              -3.705208999999968
            ],
            [
              -38.65824199999997,
              -3.706066999999962
            ],
            [
              -38.658169999999984,
              -3.7073499999999626
            ],
            [
              -38.658094999999946,
              -3.708522999999957
            ],
            [
              -38.65802699999995,
              -3.7098649999999793
            ],
            [
              -38.65796279999995,
              -3.710571699999946
            ],
            [
              -38.65548309999997,
              -3.7104305999999383
            ],
            [
              -38.655440399999975,
              -3.710965299999941
            ],
            [
              -38.65531199999998,
              -3.711606999999958
            ],
            [
              -38.65520509999993,
              -3.711820899999964
            ],
            [
              -38.65413569999998,
              -3.712141699999961
            ],
            [
              -38.65336569999994,
              -3.712398399999927
            ],
            [
              -38.65321599999993,
              -3.7124838999999383
            ],
            [
              -38.65310899999997,
              -3.7124624999999583
            ],
            [
              -38.65293789999998,
              -3.7124624999999583
            ],
            [
              -38.652125199999944,
              -3.7128260999999725
            ],
            [
              -38.65176159999993,
              -3.7128902999999696
            ],
            [
              -38.65039269999994,
              -3.7131468999999697
            ],
            [
              -38.64975099999998,
              -3.713232499999947
            ],
            [
              -38.649584999999945,
              -3.7133062999999424
            ],
            [
              -38.64955859999998,
              -3.713318099999981
            ],
            [
              -38.64949439999998,
              -3.7122485999999526
            ],
            [
              -38.649472999999944,
              -3.7117566999999667
            ],
            [
              -38.64936609999995,
              -3.711200599999927
            ],
            [
              -38.64923769999996,
              -3.710601699999927
            ],
            [
              -38.64902379999995,
              -3.710195399999975
            ],
            [
              -38.648702999999955,
              -3.7097033999999667
            ],
            [
              -38.64831799999996,
              -3.709254299999941
            ],
            [
              -38.64811519999995,
              -3.7090329999999767
            ],
            [
              -38.648811499999965,
              -3.7085815999999454
            ],
            [
              -38.64896599999997,
              -3.7083919999999466
            ],
            [
              -38.64948799999996,
              -3.7072939999999335
            ],
            [
              -38.64951579999996,
              -3.707008499999972
            ],
            [
              -38.64951579999996,
              -3.7061956999999666
            ],
            [
              -38.64943499999998,
              -3.7045519999999783
            ],
            [
              -38.64943899999997,
              -3.7044129999999313
            ],
            [
              -38.64945199999994,
              -3.7040179999999623
            ],
            [
              -38.649617999999975,
              -3.7033077999999477
            ],
            [
              -38.649622499999964,
              -3.703265599999952
            ],
            [
              -38.64968149999993,
              -3.702714799999967
            ],
            [
              -38.649296499999934,
              -3.701709499999936
            ],
            [
              -38.649157499999944,
              -3.7015062999999486
            ],
            [
              -38.649585299999956,
              -3.7014314999999556
            ],
            [
              -38.65015209999996,
              -3.700939499999947
            ],
            [
              -38.65062259999996,
              -3.7005331999999385
            ],
            [
              -38.65076159999995,
              -3.6997096999999712
            ],
            [
              -38.65068679999996,
              -3.6993353999999385
            ],
            [
              -38.65077229999997,
              -3.69858679999993
            ],
            [
              -38.65039799999994,
              -3.6980413999999655
            ],
            [
              -38.650184199999956,
              -3.6978381999999783
            ],
            [
              -38.649713599999984,
              -3.6978381999999783
            ],
            [
              -38.64955319999996,
              -3.6976029999999582
            ],
            [
              -38.64941419999997,
              -3.697378399999934
            ],
            [
              -38.64917889999998,
              -3.6967687999999725
            ],
            [
              -38.649114699999984,
              -3.6965441999999484
            ],
            [
              -38.649121599999944,
              -3.69650299999995
            ],
            [
              -38.649183999999934,
              -3.6965319999999338
            ],
            [
              -38.64980699999995,
              -3.6966019999999276
            ],
            [
              -38.65064599999994,
              -3.696671999999978
            ],
            [
              -38.650698999999975,
              -3.6966869999999403
            ],
            [
              -38.65097599999996,
              -3.696694999999977
            ],
            [
              -38.65159199999994,
              -3.6967179999999757
            ],
            [
              -38.65216099999998,
              -3.6969119999999407
            ],
            [
              -38.652698999999984,
              -3.6971439999999802
            ],
            [
              -38.65392299999996,
              -3.697693999999956
            ],
            [
              -38.65539199999995,
              -3.6982059999999706
            ],
            [
              -38.65543799999995,
              -3.6983679999999595
            ],
            [
              -38.65534599999995,
              -3.69859299999996
            ],
            [
              -38.65521499999994,
              -3.698778999999945
            ],
            [
              -38.65565299999997,
              -3.6991279999999733
            ],
            [
              -38.655599999999936,
              -3.699220999999966
            ],
            [
              -38.65555299999994,
              -3.699344999999937
            ],
            [
              -38.65557599999994,
              -3.69942999999995
            ],
            [
              -38.655737999999985,
              -3.699406999999951
            ],
            [
              -38.65590699999996,
              -3.6993059999999787
            ],
            [
              -38.65612299999998,
              -3.6993909999999346
            ],
            [
              -38.656222999999954,
              -3.6995149999999626
            ],
            [
              -38.65636099999995,
              -3.6995379999999614
            ],
            [
              -38.65641499999998,
              -3.6996469999999704
            ],
            [
              -38.65645299999994,
              -3.6997629999999617
            ],
            [
              -38.656506999999976,
              -3.699940999999967
            ],
            [
              -38.656537999999955,
              -3.7000959999999736
            ],
            [
              -38.65663799999993,
              -3.70026699999994
            ],
            [
              -38.65679199999994,
              -3.700211999999965
            ],
            [
              -38.65689999999995,
              -3.70025899999996
            ],
            [
              -38.65692299999995,
              -3.7003669999999715
            ],
            [
              -38.65694599999995,
              -3.7004989999999793
            ],
            [
              -38.65702999999996,
              -3.700568999999973
            ],
            [
              -38.65721499999995,
              -3.700676999999928
            ],
            [
              -38.65732299999996,
              -3.7007079999999632
            ],
            [
              -38.65740699999998,
              -3.7007699999999772
            ],
            [
              -38.65752999999995,
              -3.7007699999999772
            ],
            [
              -38.657599999999945,
              -3.7008319999999344
            ],
            [
              -38.65772999999996,
              -3.7008859999999686
            ],
            [
              -38.65783799999997,
              -3.7009479999999257
            ],
            [
              -38.65796899999998,
              -3.70137399999993
            ],
            [
              -38.658537999999965,
              -3.702605999999946
            ],
            [
              -38.65899299999995,
              -3.7033909999999537
            ]
          ]
        ]
      }
    },
    {
      "type": "Feature",
      "properties": {
        "id": "caucaia:capuan",
        "name": "Capuan",
        "municipality": "Caucaia",
        "kind": "bairro",
        "source": "IBGE - Malha de Setores Censitarios 2022 agregada por unidade territorial de Caucaia"
      },
      "geometry": {
        "type": "Polygon",
        "coordinates": [
          [
            [
              -38.71117399999997,
              -3.7533776999999304
            ],
            [
              -38.706088299999976,
              -3.756028399999934
            ],
            [
              -38.70165659999998,
              -3.758207099999936
            ],
            [
              -38.70051769999998,
              -3.758801299999959
            ],
            [
              -38.69970069999994,
              -3.759172699999965
            ],
            [
              -38.69903219999998,
              -3.7593212999999537
            ],
            [
              -38.69710109999994,
              -3.759742099999926
            ],
            [
              -38.69625929999995,
              -3.7598411999999257
            ],
            [
              -38.694971899999985,
              -3.7601134999999317
            ],
            [
              -38.69338739999995,
              -3.760435399999949
            ],
            [
              -38.692471299999966,
              -3.7606086999999775
            ],
            [
              -38.69041639999995,
              -3.760955299999978
            ],
            [
              -38.687742499999956,
              -3.761425699999961
            ],
            [
              -38.68481449999996,
              -3.761940999999979
            ],
            [
              -38.68479099999996,
              -3.7618269999999256
            ],
            [
              -38.68448499999994,
              -3.7609849999999483
            ],
            [
              -38.68440099999998,
              -3.760633999999925
            ],
            [
              -38.68414999999993,
              -3.7602129999999647
            ],
            [
              -38.68392699999998,
              -3.7600309999999695
            ],
            [
              -38.68371799999994,
              -3.7597079999999323
            ],
            [
              -38.683675999999934,
              -3.759454999999946
            ],
            [
              -38.683675999999934,
              -3.7590619999999717
            ],
            [
              -38.68348099999997,
              -3.7589079999999626
            ],
            [
              -38.68334199999998,
              -3.7587669999999775
            ],
            [
              -38.68327199999993,
              -3.758528999999953
            ],
            [
              -38.68309099999993,
              -3.758233999999959
            ],
            [
              -38.68309099999993,
              -3.7579109999999787
            ],
            [
              -38.68304899999998,
              -3.7576309999999467
            ],
            [
              -38.68296499999997,
              -3.7574059999999463
            ],
            [
              -38.68282599999998,
              -3.757208999999932
            ],
            [
              -38.68272799999994,
              -3.756956999999943
            ],
            [
              -38.682713999999976,
              -3.7566059999999766
            ],
            [
              -38.68263099999996,
              -3.7561569999999733
            ],
            [
              -38.682504999999935,
              -3.755875999999944
            ],
            [
              -38.68221299999993,
              -3.7557219999999347
            ],
            [
              -38.68139699999995,
              -3.755145999999968
            ],
            [
              -38.681250999999975,
              -3.754970999999955
            ],
            [
              -38.68110399999995,
              -3.7548369999999522
            ],
            [
              -38.68098599999996,
              -3.7546969999999646
            ],
            [
              -38.680804999999964,
              -3.754605999999967
            ],
            [
              -38.68053299999997,
              -3.754605999999967
            ],
            [
              -38.68044199999997,
              -3.754801999999927
            ],
            [
              -38.68028199999998,
              -3.7551319999999464
            ],
            [
              -38.68012199999998,
              -3.7552859999999555
            ],
            [
              -38.679933999999946,
              -3.7553289999999606
            ],
            [
              -38.67965499999997,
              -3.7553219999999783
            ],
            [
              -38.67941099999996,
              -3.7554269999999406
            ],
            [
              -38.67915999999997,
              -3.755510999999956
            ],
            [
              -38.67897899999997,
              -3.7555739999999673
            ],
            [
              -38.67878399999995,
              -3.755615999999975
            ],
            [
              -38.67859599999997,
              -3.755615999999975
            ],
            [
              -38.67849099999995,
              -3.7555289999999673
            ],
            [
              -38.67828199999997,
              -3.7554719999999406
            ],
            [
              -38.67818399999993,
              -3.755401999999947
            ],
            [
              -38.67783599999996,
              -3.7552619999999592
            ],
            [
              -38.67766899999998,
              -3.7552199999999516
            ],
            [
              -38.677584999999965,
              -3.755092999999931
            ],
            [
              -38.67743199999995,
              -3.75488299999995
            ],
            [
              -38.67743199999995,
              -3.754573999999934
            ],
            [
              -38.67733399999997,
              -3.754447999999968
            ],
            [
              -38.677152999999976,
              -3.7542929999999615
            ],
            [
              -38.676999999999964,
              -3.7542369999999323
            ],
            [
              -38.676608999999985,
              -3.7541949999999247
            ],
            [
              -38.676413999999966,
              -3.75418099999996
            ],
            [
              -38.676218999999946,
              -3.75418099999996
            ],
            [
              -38.67599599999994,
              -3.754334999999969
            ],
            [
              -38.675730999999985,
              -3.7545039999999403
            ],
            [
              -38.67546599999997,
              -3.7545879999999556
            ],
            [
              -38.67531299999996,
              -3.754671999999971
            ],
            [
              -38.67496499999993,
              -3.754699999999957
            ],
            [
              -38.67476999999997,
              -3.7546859999999356
            ],
            [
              -38.67449099999993,
              -3.7546859999999356
            ],
            [
              -38.67435109999997,
              -3.754663799999946
            ],
            [
              -38.67440849999997,
              -3.754319799999962
            ],
            [
              -38.674765699999966,
              -3.7526474999999664
            ],
            [
              -38.674944299999936,
              -3.751900599999942
            ],
            [
              -38.67533389999994,
              -3.7504555999999525
            ],
            [
              -38.675739799999974,
              -3.7485396999999807
            ],
            [
              -38.676129499999945,
              -3.7468023999999787
            ],
            [
              -38.67572359999997,
              -3.745665899999949
            ],
            [
              -38.67570649999993,
              -3.745615599999951
            ],
            [
              -38.675481299999944,
              -3.7449541999999383
            ],
            [
              -38.67712069999993,
              -3.7441440999999713
            ],
            [
              -38.67842289999993,
              -3.7435005999999476
            ],
            [
              -38.68391379999997,
              -3.7407872999999654
            ],
            [
              -38.68401589999996,
              -3.740736799999979
            ],
            [
              -38.686033399999985,
              -3.739739899999961
            ],
            [
              -38.686150699999985,
              -3.7394885999999588
            ],
            [
              -38.68636899999996,
              -3.739398999999935
            ],
            [
              -38.68670999999995,
              -3.7393239999999537
            ],
            [
              -38.68713299999996,
              -3.7392679999999245
            ],
            [
              -38.68733999999995,
              -3.739198999999928
            ],
            [
              -38.687363999999945,
              -3.7390099999999507
            ],
            [
              -38.687300999999934,
              -3.738758999999959
            ],
            [
              -38.68728799999997,
              -3.738192999999967
            ],
            [
              -38.68836799999997,
              -3.737835999999959
            ],
            [
              -38.688459999999964,
              -3.737746999999956
            ],
            [
              -38.68849799999998,
              -3.7376239999999257
            ],
            [
              -38.68844299999995,
              -3.7373059999999327
            ],
            [
              -38.688594999999964,
              -3.7372739999999567
            ],
            [
              -38.68895199999997,
              -3.7373549999999796
            ],
            [
              -38.68927599999995,
              -3.737421999999981
            ],
            [
              -38.68962199999993,
              -3.7375529999999344
            ],
            [
              -38.690057999999965,
              -3.73767799999996
            ],
            [
              -38.69042699999994,
              -3.737833999999964
            ],
            [
              -38.690571999999975,
              -3.7379119999999375
            ],
            [
              -38.69064099999997,
              -3.7380289999999263
            ],
            [
              -38.690695999999946,
              -3.738350999999966
            ],
            [
              -38.69078399999995,
              -3.73878899999994
            ],
            [
              -38.69084099999998,
              -3.7390759999999545
            ],
            [
              -38.69111499999997,
              -3.7390889999999786
            ],
            [
              -38.69164999999998,
              -3.73911099999998
            ],
            [
              -38.69213199999996,
              -3.739108999999928
            ],
            [
              -38.69263399999994,
              -3.7390889999999786
            ],
            [
              -38.69284699999997,
              -3.7389969999999266
            ],
            [
              -38.69285659999997,
              -3.7389954999999304
            ],
            [
              -38.692862299999945,
              -3.7389610999999263
            ],
            [
              -38.69340079999995,
              -3.7367797999999652
            ],
            [
              -38.69350119999996,
              -3.7363416999999686
            ],
            [
              -38.69405789999996,
              -3.734151299999951
            ],
            [
              -38.69437879999998,
              -3.7329860999999482
            ],
            [
              -38.69441879999994,
              -3.732839799999965
            ],
            [
              -38.69444199999998,
              -3.7327289999999493
            ],
            [
              -38.693224999999984,
              -3.73248899999993
            ],
            [
              -38.69266299999998,
              -3.732377999999926
            ],
            [
              -38.691922999999974,
              -3.7322319999999536
            ],
            [
              -38.69130699999994,
              -3.7321289999999294
            ],
            [
              -38.69101299999994,
              -3.732106999999928
            ],
            [
              -38.69073199999997,
              -3.732123999999942
            ],
            [
              -38.689776999999935,
              -3.732195999999931
            ],
            [
              -38.68911799999995,
              -3.7322509999999625
            ],
            [
              -38.68827599999997,
              -3.7323219999999537
            ],
            [
              -38.68774399999995,
              -3.7323769999999286
            ],
            [
              -38.687621999999976,
              -3.7323859999999627
            ],
            [
              -38.687206999999944,
              -3.7324789999999552
            ],
            [
              -38.686766999999975,
              -3.7326139999999555
            ],
            [
              -38.68593299999998,
              -3.7329559999999447
            ],
            [
              -38.685085999999956,
              -3.7333059999999705
            ],
            [
              -38.68450799999994,
              -3.7317039999999793
            ],
            [
              -38.68420599999996,
              -3.730842999999936
            ],
            [
              -38.68409699999995,
              -3.7301499999999805
            ],
            [
              -38.68401469999998,
              -3.729873699999928
            ],
            [
              -38.684012999999936,
              -3.7298679999999536
            ],
            [
              -38.68494799999996,
              -3.730073999999945
            ],
            [
              -38.68706499999996,
              -3.7305429999999546
            ],
            [
              -38.69018599999998,
              -3.7312409999999545
            ],
            [
              -38.69198899999998,
              -3.731576999999959
            ],
            [
              -38.69286599999998,
              -3.731685999999968
            ],
            [
              -38.693419999999946,
              -3.7317239999999288
            ],
            [
              -38.694042999999965,
              -3.731600999999955
            ],
            [
              -38.69481899999994,
              -3.731288999999947
            ],
            [
              -38.695231999999976,
              -3.731141999999977
            ],
            [
              -38.69620699999996,
              -3.7307949999999437
            ],
            [
              -38.69677699999994,
              -3.730596999999932
            ],
            [
              -38.69757299999998,
              -3.730385999999953
            ],
            [
              -38.697584699999936,
              -3.730384899999933
            ],
            [
              -38.698406999999975,
              -3.7303099999999745
            ],
            [
              -38.69912399999998,
              -3.7302839999999264
            ],
            [
              -38.70028899999994,
              -3.7303869999999506
            ],
            [
              -38.70116299999995,
              -3.730342999999948
            ],
            [
              -38.70167109999994,
              -3.7303355999999326
            ],
            [
              -38.702301499999976,
              -3.7303008999999747
            ],
            [
              -38.70353159999996,
              -3.730498599999976
            ],
            [
              -38.70359229999997,
              -3.730612699999938
            ],
            [
              -38.70474509999997,
              -3.7308294999999703
            ],
            [
              -38.70485779999996,
              -3.7308470999999486
            ],
            [
              -38.70533909999995,
              -3.7309329999999363
            ],
            [
              -38.705433899999946,
              -3.730966399999943
            ],
            [
              -38.705418099999974,
              -3.732044599999938
            ],
            [
              -38.70547119999998,
              -3.7331715999999346
            ],
            [
              -38.70547159999995,
              -3.7331801999999357
            ],
            [
              -38.70570809999998,
              -3.7331890999999473
            ],
            [
              -38.70573969999998,
              -3.7333822999999597
            ],
            [
              -38.705789299999935,
              -3.7345931999999493
            ],
            [
              -38.70580819999998,
              -3.7349891999999727
            ],
            [
              -38.705861599999935,
              -3.7363983999999277
            ],
            [
              -38.70590199999998,
              -3.737464999999929
            ],
            [
              -38.70593599999995,
              -3.739080299999955
            ],
            [
              -38.70595449999996,
              -3.7397224999999708
            ],
            [
              -38.70597649999996,
              -3.7404288999999267
            ],
            [
              -38.70598209999997,
              -3.740604699999949
            ],
            [
              -38.70640409999993,
              -3.7406108999999788
            ],
            [
              -38.70641039999998,
              -3.7410057999999253
            ],
            [
              -38.70599579999998,
              -3.741035199999942
            ],
            [
              -38.70601769999996,
              -3.7417050999999333
            ],
            [
              -38.706034099999954,
              -3.742156399999942
            ],
            [
              -38.70611659999997,
              -3.742577399999959
            ],
            [
              -38.70615259999994,
              -3.7426931999999624
            ],
            [
              -38.70610929999998,
              -3.7426871999999776
            ],
            [
              -38.70609099999996,
              -3.7426699999999755
            ],
            [
              -38.70605299999994,
              -3.742614999999944
            ],
            [
              -38.70589659999996,
              -3.742390499999942
            ],
            [
              -38.705840999999964,
              -3.742294999999956
            ],
            [
              -38.70570699999996,
              -3.742198999999971
            ],
            [
              -38.705600999999945,
              -3.7421939999999267
            ],
            [
              -38.70548999999994,
              -3.74221799999998
            ],
            [
              -38.70534599999996,
              -3.7422679999999673
            ],
            [
              -38.70494039999994,
              -3.7423888999999804
            ],
            [
              -38.705001799999934,
              -3.7426666999999725
            ],
            [
              -38.704958499999975,
              -3.742882799999961
            ],
            [
              -38.70490389999998,
              -3.743317999999931
            ],
            [
              -38.705008599999985,
              -3.7436766999999804
            ],
            [
              -38.70505929999996,
              -3.743982199999948
            ],
            [
              -38.70513649999998,
              -3.744269299999928
            ],
            [
              -38.705195999999944,
              -3.744911399999978
            ],
            [
              -38.705314699999974,
              -3.7450637999999685
            ],
            [
              -38.70557679999996,
              -3.7452497999999537
            ],
            [
              -38.70600459999997,
              -3.745325899999955
            ],
            [
              -38.70615129999993,
              -3.7453912999999375
            ],
            [
              -38.70672949999994,
              -3.745822999999973
            ],
            [
              -38.70698939999994,
              -3.746069699999964
            ],
            [
              -38.707194399999935,
              -3.7463833999999565
            ],
            [
              -38.70728249999996,
              -3.746564899999953
            ],
            [
              -38.70733029999997,
              -3.7466631999999436
            ],
            [
              -38.70750819999995,
              -3.7469418999999675
            ],
            [
              -38.70766489999994,
              -3.747228699999937
            ],
            [
              -38.70781499999998,
              -3.7474496999999474
            ],
            [
              -38.70797729999998,
              -3.7477697999999577
            ],
            [
              -38.708131099999946,
              -3.7480048999999553
            ],
            [
              -38.70827379999997,
              -3.7482994999999732
            ],
            [
              -38.70836509999998,
              -3.7484593999999447
            ],
            [
              -38.70882039999998,
              -3.749256799999955
            ],
            [
              -38.709501899999964,
              -3.7504498999999782
            ],
            [
              -38.709810699999935,
              -3.7509906999999316
            ],
            [
              -38.71117399999997,
              -3.7533776999999304
            ]
          ]
        ]
      }
    },
    {
      "type": "Feature",
      "properties": {
        "id": "caucaia:caraubas",
        "name": "Caraúbas",
        "municipality": "Caucaia",
        "kind": "bairro",
        "source": "IBGE - Malha de Setores Censitarios 2022 agregada por unidade territorial de Caucaia"
      },
      "geometry": {
        "type": "Polygon",
        "coordinates": [
          [
            [
              -38.816254699999945,
              -3.712826199999938
            ],
            [
              -38.82250759999994,
              -3.7172892999999476
            ],
            [
              -38.82353989999996,
              -3.7151854999999614
            ],
            [
              -38.82467029999998,
              -3.713809699999956
            ],
            [
              -38.82953669999995,
              -3.7110891999999467
            ],
            [
              -38.831010799999945,
              -3.7102650999999582
            ],
            [
              -38.83078729999994,
              -3.7094942999999603
            ],
            [
              -38.830660499999965,
              -3.709056799999928
            ],
            [
              -38.82672249999996,
              -3.707557299999962
            ],
            [
              -38.82484189999997,
              -3.7083006999999384
            ],
            [
              -38.824499999999944,
              -3.708272299999976
            ],
            [
              -38.82327759999998,
              -3.708551899999975
            ],
            [
              -38.82355299999995,
              -3.709446699999944
            ],
            [
              -38.816351699999984,
              -3.711011699999972
            ],
            [
              -38.81647069999997,
              -3.7111370999999735
            ],
            [
              -38.81649629999998,
              -3.711230799999953
            ],
            [
              -38.81649629999998,
              -3.7112904999999614
            ],
            [
              -38.816351399999974,
              -3.7114182999999343
            ],
            [
              -38.81632589999998,
              -3.7114949999999567
            ],
            [
              -38.816453699999954,
              -3.71165689999998
            ],
            [
              -38.816624099999956,
              -3.711699499999952
            ],
            [
              -38.816802999999936,
              -3.7116397999999435
            ],
            [
              -38.81694729999998,
              -3.711690399999952
            ],
            [
              -38.816988899999956,
              -3.7118012999999337
            ],
            [
              -38.817030399999965,
              -3.7119535999999584
            ],
            [
              -38.81697499999996,
              -3.7120782999999733
            ],
            [
              -38.81690569999995,
              -3.7121336999999244
            ],
            [
              -38.816822599999966,
              -3.7121336999999244
            ],
            [
              -38.816726399999936,
              -3.712048799999934
            ],
            [
              -38.81660709999994,
              -3.7120402999999556
            ],
            [
              -38.81643479999997,
              -3.712105999999949
            ],
            [
              -38.81636849999995,
              -3.7121936999999434
            ],
            [
              -38.816300299999966,
              -3.712321499999973
            ],
            [
              -38.81625729999996,
              -3.7124710999999593
            ],
            [
              -38.816254699999945,
              -3.712479999999971
            ],
            [
              -38.816254699999945,
              -3.712715399999979
            ],
            [
              -38.816254699999945,
              -3.712826199999938
            ]
          ]
        ]
      }
    },
    {
      "type": "Feature",
      "properties": {
        "id": "caucaia:catuana",
        "name": "Catuana",
        "municipality": "Caucaia",
        "kind": "distrito",
        "source": "IBGE - Malha de Setores Censitarios 2022 agregada por unidade territorial de Caucaia"
      },
      "geometry": {
        "type": "Polygon",
        "coordinates": [
          [
            [
              -38.926962799999956,
              -3.695964599999968
            ],
            [
              -38.92460799999998,
              -3.6965183999999454
            ],
            [
              -38.92204129999993,
              -3.6962488999999437
            ],
            [
              -38.91874109999998,
              -3.6954471999999328
            ],
            [
              -38.91564159999996,
              -3.6949118999999655
            ],
            [
              -38.91347319999994,
              -3.69504569999998
            ],
            [
              -38.91117339999994,
              -3.6958477999999673
            ],
            [
              -38.908738599999936,
              -3.6975872999999524
            ],
            [
              -38.905204899999944,
              -3.7008643999999435
            ],
            [
              -38.895568899999944,
              -3.718792199999939
            ],
            [
              -38.89366839999997,
              -3.7214691999999445
            ],
            [
              -38.89296799999994,
              -3.723275499999943
            ],
            [
              -38.89273439999994,
              -3.7260841999999457
            ],
            [
              -38.892665799999975,
              -3.7313034999999672
            ],
            [
              -38.893366499999956,
              -3.733244999999954
            ],
            [
              -38.895133699999974,
              -3.7355205999999725
            ],
            [
              -38.896655099999975,
              -3.736870999999951
            ],
            [
              -38.89820049999997,
              -3.737927299999967
            ],
            [
              -38.89916709999994,
              -3.7395987999999534
            ],
            [
              -38.89960049999996,
              -3.741940599999964
            ],
            [
              -38.899699099999964,
              -3.744282099999964
            ],
            [
              -38.89946709999998,
              -3.7466249999999377
            ],
            [
              -38.89896649999997,
              -3.748832299999947
            ],
            [
              -38.898266099999944,
              -3.7507730999999467
            ],
            [
              -38.897564399999965,
              -3.752178199999946
            ],
            [
              -38.89653309999994,
              -3.752913499999977
            ],
            [
              -38.88809639999994,
              -3.7573273999999515
            ],
            [
              -38.88099449999993,
              -3.7637489999999616
            ],
            [
              -38.87929319999995,
              -3.765152799999953
            ],
            [
              -38.87582509999993,
              -3.769166999999925
            ],
            [
              -38.875391399999955,
              -3.7701708999999255
            ],
            [
              -38.875292299999956,
              -3.7712414999999737
            ],
            [
              -38.876197599999955,
              -3.7806796999999506
            ],
            [
              -38.87652429999997,
              -3.784086699999932
            ],
            [
              -38.875489699999946,
              -3.7868281999999454
            ],
            [
              -38.874922899999945,
              -3.791312499999947
            ],
            [
              -38.87052069999993,
              -3.7999631999999792
            ],
            [
              -38.86668359999993,
              -3.807499299999961
            ],
            [
              -38.86638249999993,
              -3.810644699999955
            ],
            [
              -38.86842859999996,
              -3.8177546999999663
            ],
            [
              -38.86961729999996,
              -3.82188519999994
            ],
            [
              -38.87171659999996,
              -3.8248285999999325
            ],
            [
              -38.87294989999998,
              -3.827703999999926
            ],
            [
              -38.87411679999997,
              -3.8293118999999365
            ],
            [
              -38.87308279999996,
              -3.8299802999999315
            ],
            [
              -38.872649699999954,
              -3.831585299999972
            ],
            [
              -38.87304899999998,
              -3.8362694999999576
            ],
            [
              -38.87321929999996,
              -3.8397564999999645
            ],
            [
              -38.873878899999966,
              -3.85326189999995
            ],
            [
              -38.87357939999998,
              -3.854933899999935
            ],
            [
              -38.87241229999995,
              -3.8557369999999764
            ],
            [
              -38.87044529999997,
              -3.8556034999999724
            ],
            [
              -38.86887829999995,
              -3.854666699999939
            ],
            [
              -38.86604369999998,
              -3.85600299999993
            ],
            [
              -38.86327709999995,
              -3.8562707999999475
            ],
            [
              -38.86124239999998,
              -3.8558022999999366
            ],
            [
              -38.85967359999995,
              -3.8544634999999516
            ],
            [
              -38.85824309999998,
              -3.852455999999961
            ],
            [
              -38.857074299999965,
              -3.8499137999999675
            ],
            [
              -38.85657519999995,
              -3.8470371999999315
            ],
            [
              -38.85617649999995,
              -3.842687099999978
            ],
            [
              -38.855943699999955,
              -3.8412166999999613
            ],
            [
              -38.85564299999993,
              -3.8404136999999423
            ],
            [
              -38.85434219999996,
              -3.8401466999999343
            ],
            [
              -38.851409599999954,
              -3.840279799999962
            ],
            [
              -38.85151029999997,
              -3.839341299999944
            ],
            [
              -38.85134329999994,
              -3.8370689999999286
            ],
            [
              -38.85064529999994,
              -3.8357286999999474
            ],
            [
              -38.84887629999997,
              -3.8340563999999517
            ],
            [
              -38.84717779999994,
              -3.832920099999967
            ],
            [
              -38.84371079999994,
              -3.831380299999978
            ],
            [
              -38.84220829999998,
              -3.8311124999999606
            ],
            [
              -38.83837289999997,
              -3.8311777999999777
            ],
            [
              -38.83163899999994,
              -3.8308419999999614
            ],
            [
              -38.82720429999995,
              -3.831041999999968
            ],
            [
              -38.82290339999997,
              -3.830907899999943
            ],
            [
              -38.81943729999995,
              -3.827227599999958
            ],
            [
              -38.81513619999998,
              -3.8208035999999765
            ],
            [
              -38.81183719999996,
              -3.813778399999933
            ],
            [
              -38.81107069999996,
              -3.813042699999926
            ],
            [
              -38.81037169999996,
              -3.812908499999935
            ],
            [
              -38.801268499999935,
              -3.8130409999999415
            ],
            [
              -38.798834099999965,
              -3.812370299999941
            ],
            [
              -38.794301099999984,
              -3.808623399999931
            ],
            [
              -38.78905169999996,
              -3.8046326999999565
            ],
            [
              -38.78483309999996,
              -3.7982579999999757
            ],
            [
              -38.78202079999994,
              -3.7919769999999744
            ],
            [
              -38.77714599999996,
              -3.7880395999999337
            ],
            [
              -38.77302109999994,
              -3.783446099999935
            ],
            [
              -38.77030249999996,
              -3.778946299999973
            ],
            [
              -38.767958799999974,
              -3.773977699999932
            ],
            [
              -38.763967099999945,
              -3.771414499999935
            ],
            [
              -38.76213539999998,
              -3.76720169999993
            ],
            [
              -38.762837099999956,
              -3.76075979999996
            ],
            [
              -38.76571869999998,
              -3.748354899999981
            ],
            [
              -38.76800489999994,
              -3.746413999999959
            ],
            [
              -38.78590369999995,
              -3.74827659999994
            ],
            [
              -38.79046749999998,
              -3.748655699999972
            ],
            [
              -38.798422899999935,
              -3.7493164999999635
            ],
            [
              -38.80421169999994,
              -3.749303599999962
            ],
            [
              -38.805933299999936,
              -3.74929979999996
            ],
            [
              -38.81264029999994,
              -3.7492848999999637
            ],
            [
              -38.81685879999998,
              -3.749520999999959
            ],
            [
              -38.81880899999993,
              -3.7493204999999534
            ],
            [
              -38.82489519999996,
              -3.745966199999941
            ],
            [
              -38.82894559999994,
              -3.7437353999999345
            ],
            [
              -38.83096229999995,
              -3.742465599999946
            ],
            [
              -38.83237929999996,
              -3.7412956999999665
            ],
            [
              -38.83474709999996,
              -3.7390556999999376
            ],
            [
              -38.83609809999996,
              -3.7370808999999667
            ],
            [
              -38.83843239999993,
              -3.7323323999999616
            ],
            [
              -38.83901529999997,
              -3.7309265999999752
            ],
            [
              -38.83916659999994,
              -3.7296900999999707
            ],
            [
              -38.83898339999996,
              -3.728585199999941
            ],
            [
              -38.83804919999994,
              -3.725272699999948
            ],
            [
              -38.83858379999998,
              -3.7240023999999607
            ],
            [
              -38.83910069999996,
              -3.72353389999995
            ],
            [
              -38.83964969999994,
              -3.723233799999946
            ],
            [
              -38.84006759999994,
              -3.722663999999952
            ],
            [
              -38.84030109999998,
              -3.7213597999999593
            ],
            [
              -38.84160789999993,
              -3.72030419999993
            ],
            [
              -38.841818899999964,
              -3.719720499999937
            ],
            [
              -38.841701599999965,
              -3.719221399999981
            ],
            [
              -38.84131709999997,
              -3.718449499999963
            ],
            [
              -38.841051999999934,
              -3.7168774999999528
            ],
            [
              -38.841083699999956,
              -3.715472899999952
            ],
            [
              -38.841719599999976,
              -3.7141675999999393
            ],
            [
              -38.84170279999995,
              -3.713432399999931
            ],
            [
              -38.84131949999994,
              -3.712796899999944
            ],
            [
              -38.84120239999993,
              -3.712127399999929
            ],
            [
              -38.84125259999996,
              -3.7115252999999484
            ],
            [
              -38.84268559999998,
              -3.7097865999999726
            ],
            [
              -38.84303689999996,
              -3.70905149999993
            ],
            [
              -38.84311909999997,
              -3.7083143999999493
            ],
            [
              -38.84275379999997,
              -3.707009899999946
            ],
            [
              -38.84233149999994,
              -3.706393799999944
            ],
            [
              -38.84147189999993,
              -3.7051387999999292
            ],
            [
              -38.84122009999993,
              -3.7044005999999285
            ],
            [
              -38.841120099999955,
              -3.703162499999962
            ],
            [
              -38.84123829999993,
              -3.7025274999999738
            ],
            [
              -38.84252219999996,
              -3.7004541999999674
            ],
            [
              -38.84260469999998,
              -3.6998517999999763
            ],
            [
              -38.84232169999996,
              -3.699348999999927
            ],
            [
              -38.841420899999946,
              -3.6984462999999437
            ],
            [
              -38.84072209999994,
              -3.697109199999943
            ],
            [
              -38.84040569999996,
              -3.6967727999999624
            ],
            [
              -38.839954699999964,
              -3.6965057999999544
            ],
            [
              -38.83940609999996,
              -3.696372599999961
            ],
            [
              -38.83762219999994,
              -3.6963386999999557
            ],
            [
              -38.83693789999995,
              -3.6962382999999477
            ],
            [
              -38.836454799999956,
              -3.6958029999999553
            ],
            [
              -38.83638849999994,
              -3.6941302999999266
            ],
            [
              -38.835838999999964,
              -3.6937288999999396
            ],
            [
              -38.83542239999997,
              -3.6935620999999514
            ],
            [
              -38.83527359999994,
              -3.6930597999999577
            ],
            [
              -38.835387999999966,
              -3.692223799999965
            ],
            [
              -38.83538889999994,
              -3.691086999999925
            ],
            [
              -38.83513949999997,
              -3.690617999999972
            ],
            [
              -38.834339399999976,
              -3.690083199999947
            ],
            [
              -38.83418899999998,
              -3.6894148999999743
            ],
            [
              -38.83443859999994,
              -3.6887784999999553
            ],
            [
              -38.834956199999965,
              -3.6881089999999404
            ],
            [
              -38.834972999999934,
              -3.687238999999977
            ],
            [
              -38.83469069999995,
              -3.6863342999999418
            ],
            [
              -38.834789099999966,
              -3.68533199999996
            ],
            [
              -38.83507479999997,
              -3.6847975999999676
            ],
            [
              -38.83510809999996,
              -3.6838614999999777
            ],
            [
              -38.834924299999955,
              -3.683191699999952
            ],
            [
              -38.83457409999994,
              -3.6826240999999413
            ],
            [
              -38.83342289999996,
              -3.6826566999999386
            ],
            [
              -38.833140999999955,
              -3.6819878999999673
            ],
            [
              -38.833222699999965,
              -3.6815864999999803
            ],
            [
              -38.83304099999998,
              -3.681318699999963
            ],
            [
              -38.83268979999997,
              -3.6812185999999656
            ],
            [
              -38.83200629999993,
              -3.681385499999976
            ],
            [
              -38.831789399999934,
              -3.68111719999996
            ],
            [
              -38.831640499999935,
              -3.6805161999999427
            ],
            [
              -38.83159029999996,
              -3.679512299999942
            ],
            [
              -38.831707999999935,
              -3.678541799999948
            ],
            [
              -38.83142479999998,
              -3.6778397999999584
            ],
            [
              -38.83094129999995,
              -3.6772708999999395
            ],
            [
              -38.83015729999994,
              -3.677002899999934
            ],
            [
              -38.82937579999998,
              -3.6769025999999485
            ],
            [
              -38.82902389999998,
              -3.676635499999975
            ],
            [
              -38.828940699999976,
              -3.676133499999935
            ],
            [
              -38.829124099999945,
              -3.6756305999999768
            ],
            [
              -38.82930719999996,
              -3.6752972999999542
            ],
            [
              -38.82979169999993,
              -3.675130499999966
            ],
            [
              -38.83000839999994,
              -3.67462809999995
            ],
            [
              -38.83005869999994,
              -3.6740592999999535
            ],
            [
              -38.82939249999998,
              -3.6726546999999528
            ],
            [
              -38.82867589999995,
              -3.6721858999999313
            ],
            [
              -38.82809179999998,
              -3.6720189999999775
            ],
            [
              -38.82680919999996,
              -3.672052899999926
            ],
            [
              -38.826459099999965,
              -3.6717841999999337
            ],
            [
              -38.826175199999966,
              -3.6709144999999808
            ],
            [
              -38.82585919999997,
              -3.670446199999958
            ],
            [
              -38.824692599999935,
              -3.6701788999999394
            ],
            [
              -38.82417549999997,
              -3.669676699999968
            ],
            [
              -38.82416039999998,
              -3.668672499999957
            ],
            [
              -38.82427649999994,
              -3.6677360999999564
            ],
            [
              -38.82395959999997,
              -3.667368299999964
            ],
            [
              -38.82347589999995,
              -3.667334099999948
            ],
            [
              -38.82292619999998,
              -3.6671013999999786
            ],
            [
              -38.82249239999993,
              -3.6658963999999514
            ],
            [
              -38.82120979999996,
              -3.6645227999999292
            ],
            [
              -38.820492299999955,
              -3.6641561999999794
            ],
            [
              -38.81950949999998,
              -3.664188099999933
            ],
            [
              -38.818759299999954,
              -3.6637878999999316
            ],
            [
              -38.81847629999993,
              -3.6632860999999366
            ],
            [
              -38.81839299999996,
              -3.66268359999998
            ],
            [
              -38.817627899999934,
              -3.6614783999999645
            ],
            [
              -38.817209799999944,
              -3.6609778999999776
            ],
            [
              -38.81669359999995,
              -3.6605753999999706
            ],
            [
              -38.81586029999994,
              -3.659304499999962
            ],
            [
              -38.815243599999974,
              -3.6589360999999485
            ],
            [
              -38.814360799999974,
              -3.658600999999976
            ],
            [
              -38.81360989999996,
              -3.658501299999955
            ],
            [
              -38.81306089999998,
              -3.658599699999968
            ],
            [
              -38.81179309999993,
              -3.659235899999942
            ],
            [
              -38.81097609999995,
              -3.659470699999929
            ],
            [
              -38.81019399999997,
              -3.659404499999937
            ],
            [
              -38.80927649999995,
              -3.6591028999999367
            ],
            [
              -38.80869339999998,
              -3.65913519999998
            ],
            [
              -38.80820899999998,
              -3.659503799999925
            ],
            [
              -38.80799269999994,
              -3.659938899999929
            ],
            [
              -38.80797629999995,
              -3.6604723999999464
            ],
            [
              -38.80779289999998,
              -3.6608756999999628
            ],
            [
              -38.807342699999936,
              -3.661242199999947
            ],
            [
              -38.80669309999996,
              -3.661376599999926
            ],
            [
              -38.80532559999995,
              -3.661007199999972
            ],
            [
              -38.80450939999997,
              -3.661409699999979
            ],
            [
              -38.80389289999994,
              -3.6613435999999524
            ],
            [
              -38.80376899999993,
              -3.6610654999999497
            ],
            [
              -38.80359389999995,
              -3.6606738999999493
            ],
            [
              -38.804025999999965,
              -3.659735699999942
            ],
            [
              -38.804043899999954,
              -3.659269399999971
            ],
            [
              -38.80382679999997,
              -3.658967999999959
            ],
            [
              -38.80344189999994,
              -3.658732699999973
            ],
            [
              -38.802760099999944,
              -3.6587992999999415
            ],
            [
              -38.80214289999998,
              -3.658464199999969
            ],
            [
              -38.801560999999936,
              -3.6584318999999255
            ],
            [
              -38.801042999999936,
              -3.658765799999969
            ],
            [
              -38.80046059999995,
              -3.6593345999999656
            ],
            [
              -38.799576499999944,
              -3.6592335999999364
            ],
            [
              -38.79902599999997,
              -3.6599365999999804
            ],
            [
              -38.798275099999955,
              -3.6602028999999447
            ],
            [
              -38.79684129999998,
              -3.6598674999999616
            ],
            [
              -38.79590909999996,
              -3.66010289999997
            ],
            [
              -38.79529179999997,
              -3.660135499999967
            ],
            [
              -38.79260949999997,
              -3.657392899999934
            ],
            [
              -38.79172489999996,
              -3.6569580999999403
            ],
            [
              -38.79114359999994,
              -3.6564208999999437
            ],
            [
              -38.78989389999998,
              -3.653344499999946
            ],
            [
              -38.79006059999995,
              -3.6527103999999326
            ],
            [
              -38.790026799999964,
              -3.651638799999944
            ],
            [
              -38.78990989999994,
              -3.6513704999999277
            ],
            [
              -38.78894399999996,
              -3.651003399999979
            ],
            [
              -38.788626799999975,
              -3.650601599999959
            ],
            [
              -38.788378499999965,
              -3.649965899999927
            ],
            [
              -38.788361099999975,
              -3.649196899999936
            ],
            [
              -38.78801129999994,
              -3.6485953999999765
            ],
            [
              -38.78739399999995,
              -3.648059299999943
            ],
            [
              -38.787410199999954,
              -3.6475904999999784
            ],
            [
              -38.78769609999995,
              -3.6471897999999783
            ],
            [
              -38.787728399999935,
              -3.6465202999999633
            ],
            [
              -38.78737769999998,
              -3.6462856999999644
            ],
            [
              -38.78682809999998,
              -3.645315699999969
            ],
            [
              -38.78614399999998,
              -3.6450476999999637
            ],
            [
              -38.78572909999997,
              -3.644412799999941
            ],
            [
              -38.785612199999946,
              -3.642573699999957
            ],
            [
              -38.784712499999955,
              -3.6417028999999275
            ],
            [
              -38.78396269999996,
              -3.641434699999934
            ],
            [
              -38.783312699999954,
              -3.6410666999999535
            ],
            [
              -38.783027199999935,
              -3.640497699999969
            ],
            [
              -38.782946299999935,
              -3.639863099999957
            ],
            [
              -38.783229699999936,
              -3.638825499999939
            ],
            [
              -38.784447299999954,
              -3.6374878999999396
            ],
            [
              -38.78649759999996,
              -3.636517699999956
            ],
            [
              -38.78993129999998,
              -3.6352476999999794
            ],
            [
              -38.79104719999998,
              -3.6342760999999655
            ],
            [
              -38.79213209999995,
              -3.6329056999999807
            ],
            [
              -38.79321559999994,
              -3.631033699999932
            ],
            [
              -38.79341979999998,
              -3.629465399999958
            ],
            [
              -38.793498599999964,
              -3.6288595999999416
            ],
            [
              -38.79304849999994,
              -3.627754999999979
            ],
            [
              -38.791432999999984,
              -3.626517799999931
            ],
            [
              -38.790381999999966,
              -3.625280299999929
            ],
            [
              -38.790165499999944,
              -3.6237418999999704
            ],
            [
              -38.790066499999966,
              -3.623038699999938
            ],
            [
              -38.78984029999998,
              -3.620119799999941
            ],
            [
              -38.78914609999998,
              -3.617361399999936
            ],
            [
              -38.78912339999994,
              -3.617271199999948
            ],
            [
              -38.78895359999996,
              -3.6144224999999324
            ],
            [
              -38.78651999999994,
              -3.611215399999935
            ],
            [
              -38.78255829999995,
              -3.6066500999999676
            ],
            [
              -38.78052089999994,
              -3.6051219999999375
            ],
            [
              -38.77976629999995,
              -3.604612599999939
            ],
            [
              -38.77929459999996,
              -3.603688199999965
            ],
            [
              -38.779237999999964,
              -3.6025939999999537
            ],
            [
              -38.77967189999998,
              -3.6017827999999668
            ],
            [
              -38.78016239999994,
              -3.6010281999999734
            ],
            [
              -38.78067729999998,
              -3.600789099999929
            ],
            [
              -38.78152069999993,
              -3.6003113999999528
            ],
            [
              -38.78063409999993,
              -3.59738729999998
            ],
            [
              -38.77946439999994,
              -3.595425299999931
            ],
            [
              -38.77869089999996,
              -3.5933689999999388
            ],
            [
              -38.77591789999997,
              -3.5902940999999373
            ],
            [
              -38.77568309999998,
              -3.5899652999999603
            ],
            [
              -38.77598939999996,
              -3.5894654999999602
            ],
            [
              -38.77670439999997,
              -3.588173099999949
            ],
            [
              -38.777714199999934,
              -3.5866558999999256
            ],
            [
              -38.77811049999997,
              -3.5860190999999304
            ],
            [
              -38.77903989999993,
              -3.584822499999973
            ],
            [
              -38.77982629999997,
              -3.5838891999999305
            ],
            [
              -38.780651399999954,
              -3.5830247999999756
            ],
            [
              -38.781156899999985,
              -3.5824688999999807
            ],
            [
              -38.78278119999993,
              -3.5806823999999438
            ],
            [
              -38.78435399999995,
              -3.5791028999999526
            ],
            [
              -38.78699899999998,
              -3.5762789999999427
            ],
            [
              -38.788760099999934,
              -3.5742398999999523
            ],
            [
              -38.78947729999993,
              -3.573407199999963
            ],
            [
              -38.79007299999995,
              -3.572713199999953
            ],
            [
              -38.79090709999997,
              -3.571564399999943
            ],
            [
              -38.79219399999994,
              -3.5697454999999536
            ],
            [
              -38.79355229999993,
              -3.5681659999999624
            ],
            [
              -38.794005099999936,
              -3.56747189999993
            ],
            [
              -38.79431489999996,
              -3.566921499999978
            ],
            [
              -38.794600799999955,
              -3.5665863999999488
            ],
            [
              -38.795124999999985,
              -3.5661077999999407
            ],
            [
              -38.79765099999997,
              -3.562972699999932
            ],
            [
              -38.799104599999964,
              -3.5609143999999446
            ],
            [
              -38.800252099999966,
              -3.5586545999999544
            ],
            [
              -38.80139239999994,
              -3.5573483999999667
            ],
            [
              -38.80172609999994,
              -3.556654299999934
            ],
            [
              -38.802631599999984,
              -3.5553857999999536
            ],
            [
              -38.80327509999995,
              -3.5542369999999437
            ],
            [
              -38.80398999999994,
              -3.5531360999999606
            ],
            [
              -38.80520549999994,
              -3.5507904999999482
            ],
            [
              -38.80632549999996,
              -3.5490912999999296
            ],
            [
              -38.80663509999994,
              -3.548493399999927
            ],
            [
              -38.81676099999993,
              -3.557361999999955
            ],
            [
              -38.826053299999955,
              -3.5655005999999503
            ],
            [
              -38.826525799999956,
              -3.5660757999999646
            ],
            [
              -38.82674489999994,
              -3.5662670999999477
            ],
            [
              -38.831892299999936,
              -3.570760699999937
            ],
            [
              -38.83536309999994,
              -3.5787617999999384
            ],
            [
              -38.84127739999997,
              -3.592396199999939
            ],
            [
              -38.85316099999994,
              -3.61979139999994
            ],
            [
              -38.85487999999998,
              -3.6237541999999507
            ],
            [
              -38.86042579999997,
              -3.636538899999948
            ],
            [
              -38.86080069999997,
              -3.637403099999972
            ],
            [
              -38.88162779999993,
              -3.6854158999999527
            ],
            [
              -38.908945399999936,
              -3.671457999999973
            ],
            [
              -38.91835019999996,
              -3.6666525999999635
            ],
            [
              -38.91836289999998,
              -3.6668237999999747
            ],
            [
              -38.918388999999934,
              -3.6669742999999357
            ],
            [
              -38.91839519999996,
              -3.667127199999925
            ],
            [
              -38.91839229999994,
              -3.6671900999999707
            ],
            [
              -38.91838169999994,
              -3.667275899999936
            ],
            [
              -38.91837199999998,
              -3.6673417999999742
            ],
            [
              -38.91834949999998,
              -3.6673971999999253
            ],
            [
              -38.91834159999996,
              -3.6674233999999615
            ],
            [
              -38.91831369999994,
              -3.667451999999969
            ],
            [
              -38.91823879999998,
              -3.667491699999971
            ],
            [
              -38.91817129999998,
              -3.667515099999946
            ],
            [
              -38.91811089999993,
              -3.667528999999945
            ],
            [
              -38.91807759999995,
              -3.667530799999952
            ],
            [
              -38.91801859999998,
              -3.6675147999999353
            ],
            [
              -38.917979199999934,
              -3.667506299999957
            ],
            [
              -38.91794589999995,
              -3.6675080999999636
            ],
            [
              -38.91789129999995,
              -3.6675387999999316
            ],
            [
              -38.91784249999995,
              -3.667589699999951
            ],
            [
              -38.917805999999985,
              -3.6676609999999528
            ],
            [
              -38.91779849999995,
              -3.6676984999999718
            ],
            [
              -38.91780179999995,
              -3.667750299999966
            ],
            [
              -38.917831999999976,
              -3.6678147999999737
            ],
            [
              -38.91785679999998,
              -3.6678523999999584
            ],
            [
              -38.91786049999996,
              -3.667915599999958
            ],
            [
              -38.91783709999993,
              -3.6679907999999273
            ],
            [
              -38.917813199999955,
              -3.668075999999928
            ],
            [
              -38.917790699999955,
              -3.6681312999999705
            ],
            [
              -38.91774819999995,
              -3.6681890999999496
            ],
            [
              -38.91769919999996,
              -3.6682431999999494
            ],
            [
              -38.91764959999995,
              -3.668310599999927
            ],
            [
              -38.91760059999996,
              -3.668364699999927
            ],
            [
              -38.91753899999998,
              -3.66840499999995
            ],
            [
              -38.917504099999974,
              -3.668443199999956
            ],
            [
              -38.91748229999996,
              -3.6684819999999263
            ],
            [
              -38.917480599999976,
              -3.6685183999999254
            ],
            [
              -38.91749249999998,
              -3.6685487999999395
            ],
            [
              -38.91753079999995,
              -3.6685803999999393
            ],
            [
              -38.917589299999975,
              -3.6686063999999305
            ],
            [
              -38.91761489999993,
              -3.6686273999999344
            ],
            [
              -38.917664499999944,
              -3.668702699999926
            ],
            [
              -38.91768879999995,
              -3.6687502999999424
            ],
            [
              -38.917745399999944,
              -3.6688192999999387
            ],
            [
              -38.91778279999994,
              -3.6688707999999792
            ],
            [
              -38.91779479999997,
              -3.6688978999999335
            ],
            [
              -38.91779879999996,
              -3.6689543999999614
            ],
            [
              -38.91777669999993,
              -3.6690031999999633
            ],
            [
              -38.91773519999998,
              -3.669037699999933
            ],
            [
              -38.91770699999995,
              -3.6690728999999465
            ],
            [
              -38.91768419999994,
              -3.6691348999999605
            ],
            [
              -38.91767479999993,
              -3.669194199999936
            ],
            [
              -38.91763869999994,
              -3.669255499999963
            ],
            [
              -38.91759529999996,
              -3.6693330999999603
            ],
            [
              -38.91758079999994,
              -3.669358999999929
            ],
            [
              -38.917532499999936,
              -3.6693998999999735
            ],
            [
              -38.91749749999997,
              -3.669437999999957
            ],
            [
              -38.91748949999993,
              -3.6694674999999393
            ],
            [
              -38.91749859999993,
              -3.6695574999999394
            ],
            [
              -38.91749639999995,
              -3.6696037999999476
            ],
            [
              -38.917462599999965,
              -3.669686899999931
            ],
            [
              -38.91739449999994,
              -3.669725099999937
            ],
            [
              -38.91735529999994,
              -3.6697829999999385
            ],
            [
              -38.917353299999945,
              -3.669826099999966
            ],
            [
              -38.91737699999993,
              -3.6698868999999377
            ],
            [
              -38.91739529999995,
              -3.6699208999999655
            ],
            [
              -38.91744709999995,
              -3.669949899999949
            ],
            [
              -38.91747359999994,
              -3.6699510999999347
            ],
            [
              -38.91752749999995,
              -3.6699336999999446
            ],
            [
              -38.917560899999955,
              -3.6699285999999347
            ],
            [
              -38.91759389999993,
              -3.6699334999999564
            ],
            [
              -38.91763919999994,
              -3.6699588999999264
            ],
            [
              -38.917664299999956,
              -3.669989899999962
            ],
            [
              -38.91767519999996,
              -3.67004019999996
            ],
            [
              -38.91766659999996,
              -3.6700828999999544
            ],
            [
              -38.91760199999993,
              -3.670185999999944
            ],
            [
              -38.91757229999996,
              -3.6702542999999537
            ],
            [
              -38.91762129999995,
              -3.6703270999999518
            ],
            [
              -38.91770999999994,
              -3.6703494999999293
            ],
            [
              -38.91777639999998,
              -3.670355799999925
            ],
            [
              -38.917841299999964,
              -3.6703688999999713
            ],
            [
              -38.91792049999998,
              -3.6703824999999597
            ],
            [
              -38.91799189999995,
              -3.670392599999957
            ],
            [
              -38.91806309999998,
              -3.6704125999999633
            ],
            [
              -38.918096799999944,
              -3.670420799999931
            ],
            [
              -38.918160899999975,
              -3.6704570999999646
            ],
            [
              -38.91819439999995,
              -3.6704718999999386
            ],
            [
              -38.918258099999946,
              -3.6705246999999304
            ],
            [
              -38.918316499999946,
              -3.6705804999999714
            ],
            [
              -38.91833539999993,
              -3.6706045999999333
            ],
            [
              -38.91834719999997,
              -3.670646599999941
            ],
            [
              -38.91831989999997,
              -3.670686699999976
            ],
            [
              -38.91831909999996,
              -3.6707130999999436
            ],
            [
              -38.918363099999965,
              -3.6707682999999633
            ],
            [
              -38.91842189999994,
              -3.6708140999999728
            ],
            [
              -38.918447199999946,
              -3.6708384999999453
            ],
            [
              -38.91847199999995,
              -3.6708827999999585
            ],
            [
              -38.918478799999946,
              -3.6709196999999563
            ],
            [
              -38.91850409999995,
              -3.670947399999932
            ],
            [
              -38.91856859999996,
              -3.6709703999999306
            ],
            [
              -38.91863519999998,
              -3.6709701999999425
            ],
            [
              -38.91869989999998,
              -3.670986599999935
            ],
            [
              -38.91872719999998,
              -3.6709944999999493
            ],
            [
              -38.91875249999998,
              -3.671022199999925
            ],
            [
              -38.91876469999994,
              -3.671049299999936
            ],
            [
              -38.91875019999998,
              -3.671098299999926
            ],
            [
              -38.91870919999997,
              -3.6711625999999455
            ],
            [
              -38.91868899999997,
              -3.6711848999999575
            ],
            [
              -38.91868819999996,
              -3.671211299999925
            ],
            [
              -38.91872519999998,
              -3.6712826999999493
            ],
            [
              -38.91878959999997,
              -3.6713571999999317
            ],
            [
              -38.918799699999965,
              -3.6714553999999566
            ],
            [
              -38.91879819999997,
              -3.6715050999999335
            ],
            [
              -38.918777699999964,
              -3.6715869999999313
            ],
            [
              -38.91877569999997,
              -3.6716564999999264
            ],
            [
              -38.918840899999964,
              -3.671825399999932
            ],
            [
              -38.918859399999974,
              -3.67185939999996
            ],
            [
              -38.91889649999996,
              -3.6719273999999587
            ],
            [
              -38.918921599999976,
              -3.6719617999999628
            ],
            [
              -38.91894729999996,
              -3.672022699999957
            ],
            [
              -38.91898319999996,
              -3.6720807999999465
            ],
            [
              -38.919016399999975,
              -3.672108899999955
            ],
            [
              -38.91904839999995,
              -3.6721302999999352
            ],
            [
              -38.91908779999994,
              -3.672176699999966
            ],
            [
              -38.919125099999974,
              -3.672230099999979
            ],
            [
              -38.91915609999995,
              -3.672284599999955
            ],
            [
              -38.91917489999997,
              -3.672358499999973
            ],
            [
              -38.91918689999994,
              -3.6724453999999582
            ],
            [
              -38.91919669999993,
              -3.67250219999994
            ],
            [
              -38.919222599999955,
              -3.672556499999928
            ],
            [
              -38.91924759999995,
              -3.672594199999935
            ],
            [
              -38.919266999999934,
              -3.672651499999972
            ],
            [
              -38.919297599999936,
              -3.67271599999998
            ],
            [
              -38.919335599999954,
              -3.672754199999929
            ],
            [
              -38.919375499999944,
              -3.6727793999999676
            ],
            [
              -38.91941399999996,
              -3.6728010999999583
            ],
            [
              -38.91948649999995,
              -3.672824599999956
            ],
            [
              -38.91955709999996,
              -3.672860999999955
            ],
            [
              -38.919629199999974,
              -3.6729009999999676
            ],
            [
              -38.91969429999995,
              -3.672950799999967
            ],
            [
              -38.91975779999996,
              -3.673006799999939
            ],
            [
              -38.91979749999996,
              -3.6730419999999526
            ],
            [
              -38.919825199999934,
              -3.6730946999999787
            ],
            [
              -38.91982059999998,
              -3.6731424999999263
            ],
            [
              -38.919766599999946,
              -3.6732028999999784
            ],
            [
              -38.91971829999994,
              -3.6732401999999524
            ],
            [
              -38.919684899999936,
              -3.673268499999949
            ],
            [
              -38.919636999999966,
              -3.6733425999999554
            ],
            [
              -38.91962319999993,
              -3.673368499999981
            ],
            [
              -38.91959509999998,
              -3.673386799999946
            ],
            [
              -38.91953019999994,
              -3.6733771999999476
            ],
            [
              -38.919461499999954,
              -3.67333229999997
            ],
            [
              -38.919425899999965,
              -3.673325699999964
            ],
            [
              -38.91939949999994,
              -3.6733376999999336
            ],
            [
              -38.919372599999974,
              -3.673362999999938
            ],
            [
              -38.91935859999995,
              -3.6733954999999696
            ],
            [
              -38.919356499999935,
              -3.6734682999999677
            ],
            [
              -38.91936759999993,
              -3.673531799999978
            ],
            [
              -38.91939119999995,
              -3.6736124999999333
            ],
            [
              -38.919421899999975,
              -3.6736768999999754
            ],
            [
              -38.91944209999997,
              -3.673707899999954
            ],
            [
              -38.919452399999955,
              -3.673801199999957
            ],
            [
              -38.91944309999997,
              -3.673893499999963
            ],
            [
              -38.91945449999997,
              -3.6739471999999296
            ],
            [
              -38.91949989999995,
              -3.6740058999999405
            ],
            [
              -38.91957019999995,
              -3.674052299999971
            ],
            [
              -38.919616099999985,
              -3.67409779999997
            ],
            [
              -38.91964709999996,
              -3.6741488999999774
            ],
            [
              -38.91967589999996,
              -3.6742260999999417
            ],
            [
              -38.919687099999976,
              -3.674286299999949
            ],
            [
              -38.91971289999998,
              -3.674347599999976
            ],
            [
              -38.91975659999997,
              -3.674409199999957
            ],
            [
              -38.919775399999935,
              -3.6744365999999786
            ],
            [
              -38.91980859999995,
              -3.6744665999999597
            ],
            [
              -38.919813999999974,
              -3.6745049999999537
            ],
            [
              -38.91978659999995,
              -3.6745500999999763
            ],
            [
              -38.91973169999994,
              -3.674590299999977
            ],
            [
              -38.91967539999996,
              -3.6746224999999413
            ],
            [
              -38.919651399999964,
              -3.6746627999999646
            ],
            [
              -38.91965319999997,
              -3.6747093999999265
            ],
            [
              -38.91971549999994,
              -3.6747490999999286
            ],
            [
              -38.91976859999994,
              -3.6747684999999706
            ],
            [
              -38.91981369999996,
              -3.6747870999999463
            ],
            [
              -38.919840799999974,
              -3.674805299999946
            ],
            [
              -38.91985089999997,
              -3.674859799999979
            ],
            [
              -38.919844499999954,
              -3.6749015999999415
            ],
            [
              -38.91982369999994,
              -3.6749436999999716
            ],
            [
              -38.91980859999995,
              -3.6750125999999455
            ],
            [
              -38.919786699999975,
              -3.6750878999999372
            ],
            [
              -38.91977789999993,
              -3.6751135999999747
            ],
            [
              -38.919757699999934,
              -3.6751358999999297
            ],
            [
              -38.91973599999994,
              -3.675207799999953
            ],
            [
              -38.91971459999996,
              -3.675269799999967
            ],
            [
              -38.91969979999993,
              -3.675328699999966
            ],
            [
              -38.91968429999997,
              -3.67541099999994
            ],
            [
              -38.919669399999975,
              -3.6754732999999646
            ],
            [
              -38.91966189999994,
              -3.67550609999995
            ],
            [
              -38.91966019999995,
              -3.6755655999999703
            ],
            [
              -38.91967109999996,
              -3.67563569999993
            ],
            [
              -38.919689999999946,
              -3.6757131999999615
            ],
            [
              -38.91970749999996,
              -3.675777099999948
            ],
            [
              -38.91974979999998,
              -3.67583819999993
            ],
            [
              -38.91979539999994,
              -3.6758903999999575
            ],
            [
              -38.91982649999994,
              -3.675941499999965
            ],
            [
              -38.919841099999985,
              -3.6759700999999723
            ],
            [
              -38.91986499999996,
              -3.6760172999999554
            ],
            [
              -38.91991829999995,
              -3.67608759999996
            ],
            [
              -38.919964499999935,
              -3.676119999999969
            ],
            [
              -38.920014899999956,
              -3.676175399999977
            ],
            [
              -38.92003539999996,
              -3.6761999999999375
            ],
            [
              -38.920059599999945,
              -3.6762606999999434
            ],
            [
              -38.92007119999994,
              -3.6763109999999415
            ],
            [
              -38.92010209999995,
              -3.6763652999999294
            ],
            [
              -38.92014139999998,
              -3.6764139999999657
            ],
            [
              -38.92015999999995,
              -3.6764446999999336
            ],
            [
              -38.92016559999996,
              -3.676474799999937
            ],
            [
              -38.920151199999964,
              -3.676523799999927
            ],
            [
              -38.920137299999965,
              -3.676549799999975
            ],
            [
              -38.92014219999993,
              -3.6766029999999432
            ],
            [
              -38.92015449999997,
              -3.6766300999999544
            ],
            [
              -38.920200499999964,
              -3.6766690999999696
            ],
            [
              -38.920226199999945,
              -3.6766834999999674
            ],
            [
              -38.92025209999997,
              -3.676687999999956
            ],
            [
              -38.92033889999993,
              -3.6766692999999577
            ],
            [
              -38.92037499999998,
              -3.676662599999929
            ],
            [
              -38.92043659999996,
              -3.676727299999925
            ],
            [
              -38.920473699999945,
              -3.676795199999958
            ],
            [
              -38.92048599999998,
              -3.676818899999944
            ],
            [
              -38.92047039999994,
              -3.6769043999999553
            ],
            [
              -38.920435699999985,
              -3.6769757999999797
            ],
            [
              -38.92042179999993,
              -3.6770049999999515
            ],
            [
              -38.920412399999975,
              -3.677100699999926
            ],
            [
              -38.92041709999995,
              -3.67716379999996
            ],
            [
              -38.92045249999995,
              -3.6772309999999493
            ],
            [
              -38.920465399999955,
              -3.6772917999999777
            ],
            [
              -38.920457899999974,
              -3.6773213999999257
            ],
            [
              -38.92041549999993,
              -3.677378499999975
            ],
            [
              -38.920388199999934,
              -3.6774219999999787
            ],
            [
              -38.92041359999996,
              -3.677498299999968
            ],
            [
              -38.920451199999945,
              -3.6775462999999604
            ],
            [
              -38.920489499999974,
              -3.6775744999999347
            ],
            [
              -38.92050829999994,
              -3.6775985999999534
            ],
            [
              -38.920526999999936,
              -3.6776828999999793
            ],
            [
              -38.92053779999998,
              -3.677756299999942
            ],
            [
              -38.92053529999998,
              -3.677838999999949
            ],
            [
              -38.92053979999997,
              -3.6779087999999547
            ],
            [
              -38.92054539999998,
              -3.677938799999936
            ],
            [
              -38.920584099999985,
              -3.6780074999999783
            ],
            [
              -38.92059509999996,
              -3.6780743999999572
            ],
            [
              -38.92057379999994,
              -3.6781329999999457
            ],
            [
              -38.92055339999996,
              -3.6781619999999293
            ],
            [
              -38.92052529999995,
              -3.6781764999999496
            ],
            [
              -38.92047359999998,
              -3.678160999999932
            ],
            [
              -38.92044159999995,
              -3.6781429999999773
            ],
            [
              -38.92038789999998,
              -3.6781398999999624
            ],
            [
              -38.920327199999974,
              -3.6781563999999776
            ],
            [
              -38.92024249999997,
              -3.678211499999975
            ],
            [
              -38.92019129999994,
              -3.6782888999999273
            ],
            [
              -38.92017759999993,
              -3.6783113999999273
            ],
            [
              -38.92015599999996,
              -3.6783262999999806
            ],
            [
              -38.92013499999996,
              -3.67837499999996
            ],
            [
              -38.92013399999996,
              -3.678411399999959
            ],
            [
              -38.92011969999993,
              -3.678453799999943
            ],
            [
              -38.920088799999974,
              -3.678508699999952
            ],
            [
              -38.92009619999993,
              -3.6785884999999325
            ],
            [
              -38.920128499999976,
              -3.678650399999981
            ],
            [
              -38.92014509999996,
              -3.6787471999999752
            ],
            [
              -38.92013629999997,
              -3.6787724999999796
            ],
            [
              -38.920095999999944,
              -3.678813699999978
            ],
            [
              -38.92007549999994,
              -3.6788459999999645
            ],
            [
              -38.920059299999934,
              -3.6788973999999257
            ],
            [
              -38.92005969999997,
              -3.6789379999999596
            ],
            [
              -38.920078099999955,
              -3.6789752999999337
            ],
            [
              -38.920128499999976,
              -3.6790337999999565
            ],
            [
              -38.920187099999964,
              -3.6790867999999364
            ],
            [
              -38.92025079999996,
              -3.679135899999949
            ],
            [
              -38.92031949999995,
              -3.679181099999937
            ],
            [
              -38.920402399999944,
              -3.679183999999964
            ],
            [
              -38.920428699999945,
              -3.6791751999999747
            ],
            [
              -38.92046869999996,
              -3.6791454999999473
            ],
            [
              -38.92049229999998,
              -3.6791200999999774
            ],
            [
              -38.920551099999955,
              -3.679112699999962
            ],
            [
              -38.92057699999998,
              -3.679117099999928
            ],
            [
              -38.920642499999985,
              -3.6791604999999663
            ],
            [
              -38.920717399999944,
              -3.679219299999943
            ],
            [
              -38.92076419999995,
              -3.679285899999968
            ],
            [
              -38.92079679999995,
              -3.6793444999999565
            ],
            [
              -38.92085339999994,
              -3.6794097999999735
            ],
            [
              -38.92091839999995,
              -3.6794731999999613
            ],
            [
              -38.92095049999995,
              -3.679487799999947
            ],
            [
              -38.921006999999975,
              -3.6794773999999393
            ],
            [
              -38.92106659999996,
              -3.6794721999999638
            ],
            [
              -38.92108029999997,
              -3.6795604999999796
            ],
            [
              -38.92106439999998,
              -3.6796542999999247
            ],
            [
              -38.92109059999996,
              -3.6797076999999376
            ],
            [
              -38.92110249999996,
              -3.679744699999958
            ],
            [
              -38.92110169999995,
              -3.6797710999999254
            ],
            [
              -38.921081199999946,
              -3.679803399999969
            ],
            [
              -38.921059499999956,
              -3.679818099999977
            ],
            [
              -38.92102029999995,
              -3.679822999999942
            ],
            [
              -38.920987999999966,
              -3.6798149999999623
            ],
            [
              -38.920956099999955,
              -3.679793699999948
            ],
            [
              -38.920907899999975,
              -3.6797145999999543
            ],
            [
              -38.92087309999994,
              -3.679701699999953
            ],
            [
              -38.920848199999966,
              -3.6797465999999304
            ],
            [
              -38.92083939999998,
              -3.6798222999999552
            ],
            [
              -38.92083039999994,
              -3.6799047999999743
            ],
            [
              -38.92082329999994,
              -3.6799815999999623
            ],
            [
              -38.92080669999996,
              -3.6800461999999357
            ],
            [
              -38.92080629999998,
              -3.680116699999928
            ],
            [
              -38.92081719999993,
              -3.680189999999925
            ],
            [
              -38.920838999999944,
              -3.6802763999999684
            ],
            [
              -38.92087399999997,
              -3.680306099999939
            ],
            [
              -38.92095449999994,
              -3.680283999999972
            ],
            [
              -38.921000299999946,
              -3.6802759999999353
            ],
            [
              -38.92102619999997,
              -3.6802803999999583
            ],
            [
              -38.92107239999996,
              -3.6803164999999467
            ],
            [
              -38.92109099999993,
              -3.680347099999949
            ],
            [
              -38.921095299999934,
              -3.6804234999999608
            ],
            [
              -38.92108609999997,
              -3.6805124999999634
            ],
            [
              -38.92108369999994,
              -3.6805951999999706
            ],
            [
              -38.92108189999993,
              -3.6806514999999536
            ],
            [
              -38.92110119999995,
              -3.680719599999975
            ],
            [
              -38.92111259999996,
              -3.680772999999931
            ],
            [
              -38.921146299999975,
              -3.6808456999999635
            ],
            [
              -38.92113029999996,
              -3.6809475999999677
            ],
            [
              -38.92109829999998,
              -3.6809767999999394
            ],
            [
              -38.92103279999998,
              -3.680990599999973
            ],
            [
              -38.92098549999997,
              -3.680990799999961
            ],
            [
              -38.920959299999936,
              -3.680996299999947
            ],
            [
              -38.92094529999997,
              -3.6810287999999787
            ],
            [
              -38.92095009999997,
              -3.6810852999999497
            ],
            [
              -38.92097469999993,
              -3.681135999999981
            ],
            [
              -38.92100119999998,
              -3.6811779999999317
            ],
            [
              -38.92099899999994,
              -3.681250699999964
            ],
            [
              -38.920997399999976,
              -3.681303699999944
            ],
            [
              -38.92098979999997,
              -3.6813397999999324
            ],
            [
              -38.92100099999993,
              -3.681371199999944
            ],
            [
              -38.92105239999995,
              -3.6813644999999724
            ],
            [
              -38.92108059999998,
              -3.6813502999999628
            ],
            [
              -38.92110669999994,
              -3.681347999999957
            ],
            [
              -38.92115729999995,
              -3.681398199999933
            ],
            [
              -38.92119749999995,
              -3.6814191999999366
            ],
            [
              -38.92122349999994,
              -3.6814202999999566
            ],
            [
              -38.921302399999945,
              -3.6814544999999725
            ],
            [
              -38.921334299999955,
              -3.6814756999999645
            ],
            [
              -38.92134579999998,
              -3.6815257999999744
            ],
            [
              -38.92133809999996,
              -3.681565199999966
            ],
            [
              -38.92130329999998,
              -3.6816431999999395
            ],
            [
              -38.92129399999993,
              -3.6816775999999436
            ],
            [
              -38.921281299999976,
              -3.68172519999996
            ],
            [
              -38.92125999999996,
              -3.681783899999971
            ],
            [
              -38.92121049999997,
              -3.6818567999999345
            ],
            [
              -38.92116299999998,
              -3.681924399999957
            ],
            [
              -38.921135299999946,
              -3.6819794999999544
            ],
            [
              -38.92109739999995,
              -3.682038499999976
            ],
            [
              -38.921089999999936,
              -3.6820712999999614
            ],
            [
              -38.92108269999994,
              -3.6820974999999407
            ],
            [
              -38.921047199999975,
              -3.682137799999964
            ],
            [
              -38.92102309999996,
              -3.6821773999999436
            ],
            [
              -38.92099479999996,
              -3.682252399999925
            ],
            [
              -38.92097309999997,
              -3.682324299999948
            ],
            [
              -38.92095199999994,
              -3.682376399999953
            ],
            [
              -38.920936799999936,
              -3.6824518999999327
            ],
            [
              -38.920911399999966,
              -3.682511399999953
            ],
            [
              -38.92090579999996,
              -3.6825617999999736
            ],
            [
              -38.92092299999996,
              -3.682638699999927
            ],
            [
              -38.92094909999997,
              -3.6826939999999695
            ],
            [
              -38.92096029999993,
              -3.6827539999999317
            ],
            [
              -38.920979699999975,
              -3.6830988999999477
            ],
            [
              -38.92098089999996,
              -3.6832160999999246
            ],
            [
              -38.92093159999996,
              -3.683317299999942
            ],
            [
              -38.92091809999994,
              -3.683384099999955
            ],
            [
              -38.920924199999945,
              -3.6834610999999313
            ],
            [
              -38.92097659999996,
              -3.683579899999927
            ],
            [
              -38.92096899999996,
              -3.6836880999999266
            ],
            [
              -38.920944299999974,
              -3.683790399999964
            ],
            [
              -38.92090099999996,
              -3.683915499999955
            ],
            [
              -38.920882699999936,
              -3.6839936999999736
            ],
            [
              -38.920893199999966,
              -3.6840680999999336
            ],
            [
              -38.92091409999995,
              -3.6840921999999523
            ],
            [
              -38.92097869999998,
              -3.6841046999999776
            ],
            [
              -38.92099819999993,
              -3.6841664999999466
            ],
            [
              -38.920979699999975,
              -3.684210099999973
            ],
            [
              -38.92089129999994,
              -3.6843160999999327
            ],
            [
              -38.92087899999996,
              -3.6843465999999694
            ],
            [
              -38.92086599999993,
              -3.6846007999999415
            ],
            [
              -38.921320299999934,
              -3.6876702999999793
            ],
            [
              -38.926962799999956,
              -3.695964599999968
            ]
          ],
          [
            [
              -38.83073369999994,
              -3.5947576999999455
            ],
            [
              -38.827638699999966,
              -3.594470099999967
            ],
            [
              -38.82750119999997,
              -3.5977995999999735
            ],
            [
              -38.830564899999956,
              -3.5980371999999647
            ],
            [
              -38.83071499999994,
              -3.5947607999999605
            ],
            [
              -38.83073369999994,
              -3.5947576999999455
            ]
          ],
          [
            [
              -38.801557499999944,
              -3.647577199999944
            ],
            [
              -38.79811129999996,
              -3.6456799999999703
            ],
            [
              -38.79494539999996,
              -3.647662599999933
            ],
            [
              -38.79423029999998,
              -3.649124699999959
            ],
            [
              -38.79713849999996,
              -3.650872799999945
            ],
            [
              -38.798060299999975,
              -3.651524399999971
            ],
            [
              -38.801557499999944,
              -3.647577199999944
            ]
          ],
          [
            [
              -38.784263599999974,
              -3.5877232999999364
            ],
            [
              -38.78375319999998,
              -3.5866993999999295
            ],
            [
              -38.78205819999994,
              -3.5872324999999705
            ],
            [
              -38.782055999999955,
              -3.587220699999932
            ],
            [
              -38.780434199999945,
              -3.5877839999999424
            ],
            [
              -38.78037429999995,
              -3.587981599999978
            ],
            [
              -38.77990749999998,
              -3.5879695999999512
            ],
            [
              -38.78054199999997,
              -3.5906638999999245
            ],
            [
              -38.78113369999994,
              -3.590490599999953
            ],
            [
              -38.78146149999998,
              -3.5901194999999575
            ],
            [
              -38.78141089999997,
              -3.5898903999999447
            ],
            [
              -38.78158959999996,
              -3.5898308999999244
            ],
            [
              -38.781570199999976,
              -3.589754599999935
            ],
            [
              -38.78166129999994,
              -3.5895977999999786
            ],
            [
              -38.781992499999944,
              -3.5892259999999396
            ],
            [
              -38.78261239999995,
              -3.589010499999972
            ],
            [
              -38.782444699999985,
              -3.5885513999999716
            ],
            [
              -38.78278329999995,
              -3.5884338999999272
            ],
            [
              -38.78278569999998,
              -3.5884372999999528
            ],
            [
              -38.783164899999974,
              -3.588350499999933
            ],
            [
              -38.78302849999994,
              -3.588083299999937
            ],
            [
              -38.78322459999998,
              -3.5880264999999554
            ],
            [
              -38.783349699999974,
              -3.5879070999999385
            ],
            [
              -38.78409709999994,
              -3.5876996999999733
            ],
            [
              -38.784263599999974,
              -3.5877232999999364
            ]
          ]
        ]
      }
    },
    {
      "type": "Feature",
      "properties": {
        "id": "caucaia:cauipe",
        "name": "Cauípe",
        "municipality": "Caucaia",
        "kind": "aglomerado",
        "source": "IBGE - Malha de Setores Censitarios 2022 agregada por unidade territorial de Caucaia"
      },
      "geometry": {
        "type": "Polygon",
        "coordinates": [
          [
            [
              -38.784263599999974,
              -3.5877232999999364
            ],
            [
              -38.78409709999994,
              -3.5876996999999733
            ],
            [
              -38.783349699999974,
              -3.5879070999999385
            ],
            [
              -38.78322459999998,
              -3.5880264999999554
            ],
            [
              -38.78302849999994,
              -3.588083299999937
            ],
            [
              -38.783164899999974,
              -3.588350499999933
            ],
            [
              -38.78278569999998,
              -3.5884372999999528
            ],
            [
              -38.78278329999995,
              -3.5884338999999272
            ],
            [
              -38.782444699999985,
              -3.5885513999999716
            ],
            [
              -38.78261239999995,
              -3.589010499999972
            ],
            [
              -38.781992499999944,
              -3.5892259999999396
            ],
            [
              -38.78166129999994,
              -3.5895977999999786
            ],
            [
              -38.781570199999976,
              -3.589754599999935
            ],
            [
              -38.78158959999996,
              -3.5898308999999244
            ],
            [
              -38.78141089999997,
              -3.5898903999999447
            ],
            [
              -38.78146149999998,
              -3.5901194999999575
            ],
            [
              -38.78113369999994,
              -3.590490599999953
            ],
            [
              -38.78054199999997,
              -3.5906638999999245
            ],
            [
              -38.77990749999998,
              -3.5879695999999512
            ],
            [
              -38.78037429999995,
              -3.587981599999978
            ],
            [
              -38.780434199999945,
              -3.5877839999999424
            ],
            [
              -38.782055999999955,
              -3.587220699999932
            ],
            [
              -38.78205819999994,
              -3.5872324999999705
            ],
            [
              -38.78375319999998,
              -3.5866993999999295
            ],
            [
              -38.784263599999974,
              -3.5877232999999364
            ]
          ]
        ]
      }
    },
    {
      "type": "Feature",
      "properties": {
        "id": "caucaia:centro",
        "name": "Centro",
        "municipality": "Caucaia",
        "kind": "bairro",
        "source": "IBGE - Malha de Setores Censitarios 2022 agregada por unidade territorial de Caucaia"
      },
      "geometry": {
        "type": "Polygon",
        "coordinates": [
          [
            [
              -38.66333949999995,
              -3.7357878999999343
            ],
            [
              -38.66118549999993,
              -3.7357878999999343
            ],
            [
              -38.65979909999993,
              -3.7358125999999743
            ],
            [
              -38.65883349999996,
              -3.735985899999946
            ],
            [
              -38.65786979999996,
              -3.736307199999942
            ],
            [
              -38.657867899999985,
              -3.736307799999963
            ],
            [
              -38.657620399999985,
              -3.7363820999999575
            ],
            [
              -38.65712519999994,
              -3.736728699999958
            ],
            [
              -38.656828099999984,
              -3.7370504999999525
            ],
            [
              -38.656382399999984,
              -3.737446699999964
            ],
            [
              -38.656209099999955,
              -3.7376694999999245
            ],
            [
              -38.65536739999993,
              -3.7376694999999245
            ],
            [
              -38.654323499999975,
              -3.737690599999951
            ],
            [
              -38.65432299999998,
              -3.737675999999965
            ],
            [
              -38.65432229999993,
              -3.737652199999957
            ],
            [
              -38.65308289999996,
              -3.7377120999999534
            ],
            [
              -38.65308199999998,
              -3.7377089999999384
            ],
            [
              -38.65288899999996,
              -3.7367649999999344
            ],
            [
              -38.65266799999995,
              -3.7358619999999405
            ],
            [
              -38.652574999999956,
              -3.7357679999999505
            ],
            [
              -38.65249199999994,
              -3.734559999999931
            ],
            [
              -38.652480999999966,
              -3.73327699999993
            ],
            [
              -38.652448299999946,
              -3.7332776999999737
            ],
            [
              -38.652439699999945,
              -3.7331325999999763
            ],
            [
              -38.652328299999965,
              -3.7321298999999613
            ],
            [
              -38.65230349999996,
              -3.7307804999999803
            ],
            [
              -38.65230909999997,
              -3.7306974999999625
            ],
            [
              -38.65338799999995,
              -3.730650999999966
            ],
            [
              -38.653940999999975,
              -3.7306069999999636
            ],
            [
              -38.65473399999996,
              -3.7305879999999547
            ],
            [
              -38.65556339999995,
              -3.7305509999999344
            ],
            [
              -38.655583999999976,
              -3.72996349999994
            ],
            [
              -38.65565829999997,
              -3.729592099999934
            ],
            [
              -38.65580679999994,
              -3.729418799999962
            ],
            [
              -38.65590589999994,
              -3.729295099999945
            ],
            [
              -38.65605439999996,
              -3.729146499999956
            ],
            [
              -38.656271999999944,
              -3.7290014999999244
            ],
            [
              -38.65651699999995,
              -3.7287739999999303
            ],
            [
              -38.656744999999944,
              -3.7286339999999427
            ],
            [
              -38.65697599999993,
              -3.7285229999999387
            ],
            [
              -38.657761999999934,
              -3.7282699999999522
            ],
            [
              -38.65838199999996,
              -3.7281419999999343
            ],
            [
              -38.65880869999995,
              -3.728026199999931
            ],
            [
              -38.659778899999935,
              -3.7277846999999724
            ],
            [
              -38.65994799999993,
              -3.7286159999999313
            ],
            [
              -38.66003999999998,
              -3.72932899999995
            ],
            [
              -38.66011199999997,
              -3.7294519999999807
            ],
            [
              -38.66022899999996,
              -3.7302459999999655
            ],
            [
              -38.660406999999964,
              -3.731102999999962
            ],
            [
              -38.660575999999935,
              -3.7319159999999556
            ],
            [
              -38.66065899999995,
              -3.732315999999969
            ],
            [
              -38.66073899999998,
              -3.732702999999958
            ],
            [
              -38.66082599999993,
              -3.7331219999999803
            ],
            [
              -38.66092899999995,
              -3.7336789999999382
            ],
            [
              -38.662064999999984,
              -3.7332439999999565
            ],
            [
              -38.66225799999995,
              -3.7331089999999563
            ],
            [
              -38.66284399999995,
              -3.7326819999999543
            ],
            [
              -38.66284799999994,
              -3.7326790999999275
            ],
            [
              -38.66292169999997,
              -3.733018099999981
            ],
            [
              -38.662995999999964,
              -3.7336122999999475
            ],
            [
              -38.663070199999936,
              -3.7341321999999764
            ],
            [
              -38.663169299999936,
              -3.734676899999954
            ],
            [
              -38.66321879999998,
              -3.7350481999999374
            ],
            [
              -38.663279899999964,
              -3.735373999999979
            ],
            [
              -38.66328199999998,
              -3.735373999999979
            ],
            [
              -38.663299999999936,
              -3.7353729999999246
            ],
            [
              -38.66333949999995,
              -3.7357878999999343
            ]
          ]
        ]
      }
    },
    {
      "type": "Feature",
      "properties": {
        "id": "caucaia:cigana",
        "name": "Cigana",
        "municipality": "Caucaia",
        "kind": "bairro",
        "source": "IBGE - Malha de Setores Censitarios 2022 agregada por unidade territorial de Caucaia"
      },
      "geometry": {
        "type": "Polygon",
        "coordinates": [
          [
            [
              -38.665258999999935,
              -3.737690999999927
            ],
            [
              -38.66519399999993,
              -3.7378649999999425
            ],
            [
              -38.665107999999975,
              -3.738177999999948
            ],
            [
              -38.66502899999995,
              -3.738467999999955
            ],
            [
              -38.664950999999974,
              -3.7388839999999277
            ],
            [
              -38.66489199999995,
              -3.7392229999999245
            ],
            [
              -38.66486999999995,
              -3.7394839999999476
            ],
            [
              -38.66479799999996,
              -3.739909999999952
            ],
            [
              -38.664769999999976,
              -3.740477999999939
            ],
            [
              -38.664788999999985,
              -3.7409639999999627
            ],
            [
              -38.66485199999994,
              -3.7413819999999305
            ],
            [
              -38.66505399999994,
              -3.7419459999999276
            ],
            [
              -38.663689999999974,
              -3.7418749999999363
            ],
            [
              -38.663554999999974,
              -3.741867999999954
            ],
            [
              -38.66321999999997,
              -3.7418519999999376
            ],
            [
              -38.662863999999956,
              -3.7418329999999287
            ],
            [
              -38.66171699999995,
              -3.741771999999969
            ],
            [
              -38.661276999999984,
              -3.7417479999999728
            ],
            [
              -38.66125399999993,
              -3.742198999999971
            ],
            [
              -38.661220999999955,
              -3.7426489999999717
            ],
            [
              -38.66118799999998,
              -3.743125999999961
            ],
            [
              -38.66113299999995,
              -3.7439889999999423
            ],
            [
              -38.66110299999997,
              -3.7443829999999707
            ],
            [
              -38.66103599999997,
              -3.7453669999999306
            ],
            [
              -38.660982599999954,
              -3.7461529999999357
            ],
            [
              -38.660757399999966,
              -3.7461529999999357
            ],
            [
              -38.66063479999997,
              -3.7463288999999804
            ],
            [
              -38.66059699999994,
              -3.7463646999999582
            ],
            [
              -38.660513899999955,
              -3.7463603999999577
            ],
            [
              -38.66046079999995,
              -3.746348699999942
            ],
            [
              -38.660265899999956,
              -3.745658399999968
            ],
            [
              -38.660132199999964,
              -3.745281899999952
            ],
            [
              -38.66014499999994,
              -3.7452799999999797
            ],
            [
              -38.65997999999996,
              -3.7445739999999432
            ],
            [
              -38.65986799999996,
              -3.7440979999999513
            ],
            [
              -38.65963199999993,
              -3.7431099999999446
            ],
            [
              -38.65962859999996,
              -3.743094199999973
            ],
            [
              -38.659325999999965,
              -3.7416999999999803
            ],
            [
              -38.65916199999998,
              -3.741203999999925
            ],
            [
              -38.65895999999998,
              -3.740727999999933
            ],
            [
              -38.65895359999996,
              -3.7407289999999307
            ],
            [
              -38.65883009999993,
              -3.7402452999999696
            ],
            [
              -38.65882099999993,
              -3.7402479999999514
            ],
            [
              -38.65857399999993,
              -3.739753999999948
            ],
            [
              -38.65847599999995,
              -3.7394089999999665
            ],
            [
              -38.65831489999994,
              -3.7390349999999444
            ],
            [
              -38.658236199999976,
              -3.7387990999999374
            ],
            [
              -38.65816989999996,
              -3.7386368999999604
            ],
            [
              -38.658163499999944,
              -3.7386397999999303
            ],
            [
              -38.65807529999995,
              -3.738353399999937
            ],
            [
              -38.658000999999956,
              -3.7381553999999255
            ],
            [
              -38.65796389999997,
              -3.7379201999999623
            ],
            [
              -38.65791439999998,
              -3.7373878999999306
            ],
            [
              -38.65786979999996,
              -3.736307199999942
            ],
            [
              -38.65883349999996,
              -3.735985899999946
            ],
            [
              -38.65979909999993,
              -3.7358125999999743
            ],
            [
              -38.66118549999993,
              -3.7357878999999343
            ],
            [
              -38.66276659999994,
              -3.7357878999999343
            ],
            [
              -38.66302109999998,
              -3.737303999999938
            ],
            [
              -38.66341099999994,
              -3.7372199999999793
            ],
            [
              -38.663854999999955,
              -3.737248999999963
            ],
            [
              -38.66423699999996,
              -3.737310999999977
            ],
            [
              -38.66452999999996,
              -3.7373049999999353
            ],
            [
              -38.66466299999996,
              -3.737287999999978
            ],
            [
              -38.66479899999996,
              -3.737254999999948
            ],
            [
              -38.66492899999997,
              -3.7372119999999427
            ],
            [
              -38.66502399999996,
              -3.7371779999999717
            ],
            [
              -38.665145999999936,
              -3.7371649999999477
            ],
            [
              -38.66517099999993,
              -3.7371989999999755
            ],
            [
              -38.665258999999935,
              -3.737690999999927
            ]
          ]
        ]
      }
    },
    {
      "type": "Feature",
      "properties": {
        "id": "caucaia:cipo",
        "name": "Cipó",
        "municipality": "Caucaia",
        "kind": "bairro",
        "source": "IBGE - Malha de Setores Censitarios 2022 agregada por unidade territorial de Caucaia"
      },
      "geometry": {
        "type": "Polygon",
        "coordinates": [
          [
            [
              -38.70575599999995,
              -3.7007169999999405
            ],
            [
              -38.70508339999998,
              -3.7013134999999693
            ],
            [
              -38.70234869999996,
              -3.7029377999999724
            ],
            [
              -38.700504199999955,
              -3.7040572999999313
            ],
            [
              -38.69984339999996,
              -3.704433599999959
            ],
            [
              -38.69849439999996,
              -3.705241199999932
            ],
            [
              -38.69740239999993,
              -3.705837699999961
            ],
            [
              -38.69681499999996,
              -3.706149699999969
            ],
            [
              -38.69570459999994,
              -3.706810399999938
            ],
            [
              -38.694953099999964,
              -3.707509699999946
            ],
            [
              -38.69494489999994,
              -3.7073276999999507
            ],
            [
              -38.69462409999994,
              -3.70702579999994
            ],
            [
              -38.69447319999995,
              -3.7067616999999586
            ],
            [
              -38.69419019999998,
              -3.706478699999934
            ],
            [
              -38.69405819999997,
              -3.7061202999999523
            ],
            [
              -38.693794099999934,
              -3.7057995999999775
            ],
            [
              -38.69369979999993,
              -3.7055354999999395
            ],
            [
              -38.69339789999998,
              -3.705478899999946
            ],
            [
              -38.69307719999995,
              -3.705365699999959
            ],
            [
              -38.69296399999996,
              -3.705158199999971
            ],
            [
              -38.69281309999997,
              -3.7046487999999727
            ],
            [
              -38.692680999999936,
              -3.704328099999941
            ],
            [
              -38.69247349999995,
              -3.70406399999996
            ],
            [
              -38.69213989999997,
              -3.7039585999999645
            ],
            [
              -38.69211509999997,
              -3.703950799999973
            ],
            [
              -38.69196419999997,
              -3.7040450999999734
            ],
            [
              -38.691794399999935,
              -3.70406399999996
            ],
            [
              -38.691549099999975,
              -3.7040827999999806
            ],
            [
              -38.69141709999997,
              -3.70398849999998
            ],
            [
              -38.69137929999994,
              -3.7039130999999657
            ],
            [
              -38.691322699999944,
              -3.703611199999955
            ],
            [
              -38.691322699999944,
              -3.7033281999999303
            ],
            [
              -38.69136049999997,
              -3.702799999999968
            ],
            [
              -38.69120949999996,
              -3.70246039999995
            ],
            [
              -38.691115199999956,
              -3.702290699999935
            ],
            [
              -38.69103979999994,
              -3.7017057999999565
            ],
            [
              -38.69115299999993,
              -3.7014228999999546
            ],
            [
              -38.69136049999997,
              -3.7007813999999257
            ],
            [
              -38.691549099999975,
              -3.7000267999999323
            ],
            [
              -38.691190699999936,
              -3.6992910999999253
            ],
            [
              -38.69166229999996,
              -3.6983666999999514
            ],
            [
              -38.69177549999995,
              -3.6981779999999276
            ],
            [
              -38.69207729999994,
              -3.697574399999951
            ],
            [
              -38.692020799999966,
              -3.6973667999999407
            ],
            [
              -38.69190759999998,
              -3.697046099999966
            ],
            [
              -38.69207729999994,
              -3.6969706999999516
            ],
            [
              -38.69220939999997,
              -3.6968574999999646
            ],
            [
              -38.692416899999955,
              -3.696838599999978
            ],
            [
              -38.69279419999998,
              -3.6968197999999575
            ],
            [
              -38.69283199999995,
              -3.696838599999978
            ],
            [
              -38.693020599999954,
              -3.6968762999999285
            ],
            [
              -38.693146199999944,
              -3.696834499999966
            ],
            [
              -38.69306099999994,
              -3.6965869999999654
            ],
            [
              -38.69306799999998,
              -3.6962949999999637
            ],
            [
              -38.693371999999954,
              -3.695470999999941
            ],
            [
              -38.69340799999998,
              -3.695295999999928
            ],
            [
              -38.69340099999994,
              -3.695142999999973
            ],
            [
              -38.69332899999995,
              -3.69497599999994
            ],
            [
              -38.693183999999974,
              -3.694851999999969
            ],
            [
              -38.692763999999954,
              -3.694522999999947
            ],
            [
              -38.69220699999994,
              -3.694245999999964
            ],
            [
              -38.691836999999964,
              -3.694172999999978
            ],
            [
              -38.691670999999985,
              -3.694078999999931
            ],
            [
              -38.69158399999998,
              -3.6939759999999637
            ],
            [
              -38.69152599999995,
              -3.693822999999952
            ],
            [
              -38.69033799999994,
              -3.6930359999999496
            ],
            [
              -38.69028099999997,
              -3.693006999999966
            ],
            [
              -38.690084999999954,
              -3.6929989999999293
            ],
            [
              -38.68996899999996,
              -3.6929989999999293
            ],
            [
              -38.68979499999995,
              -3.692991999999947
            ],
            [
              -38.68967999999995,
              -3.692889999999977
            ],
            [
              -38.68967999999995,
              -3.6927949999999328
            ],
            [
              -38.68980299999998,
              -3.6926489999999603
            ],
            [
              -38.68986799999993,
              -3.6925469999999336
            ],
            [
              -38.68986799999993,
              -3.692393999999979
            ],
            [
              -38.68983199999997,
              -3.69228499999997
            ],
            [
              -38.68931799999996,
              -3.691759999999931
            ],
            [
              -38.68911499999996,
              -3.6915989999999397
            ],
            [
              -38.688991999999985,
              -3.69149699999997
            ],
            [
              -38.68871699999994,
              -3.691336999999976
            ],
            [
              -38.688549999999964,
              -3.691197999999929
            ],
            [
              -38.688448999999935,
              -3.6910669999999755
            ],
            [
              -38.68833999999998,
              -3.6909279999999285
            ],
            [
              -38.68826799999994,
              -3.6907459999999332
            ],
            [
              -38.68832599999996,
              -3.690606999999943
            ],
            [
              -38.688462999999956,
              -3.690482999999972
            ],
            [
              -38.688729999999964,
              -3.6903089999999565
            ],
            [
              -38.68883999999997,
              -3.690232999999978
            ],
            [
              -38.68919299999993,
              -3.6898289999999747
            ],
            [
              -38.689239999999984,
              -3.6896089999999617
            ],
            [
              -38.689344999999946,
              -3.689397999999926
            ],
            [
              -38.689506999999935,
              -3.6893589999999676
            ],
            [
              -38.68964999999997,
              -3.6893689999999424
            ],
            [
              -38.68979299999995,
              -3.6893779999999765
            ],
            [
              -38.68989799999997,
              -3.689205999999956
            ],
            [
              -38.68993599999993,
              -3.6890039999999544
            ],
            [
              -38.68986899999993,
              -3.688782999999944
            ],
            [
              -38.68941199999995,
              -3.6885049999999637
            ],
            [
              -38.689115999999956,
              -3.688206999999977
            ],
            [
              -38.68882099999996,
              -3.688082999999949
            ],
            [
              -38.68823499999996,
              -3.687851999999964
            ],
            [
              -38.688196999999946,
              -3.6877949999999373
            ],
            [
              -38.68799699999994,
              -3.687347999999929
            ],
            [
              -38.68782999999996,
              -3.686978999999951
            ],
            [
              -38.687791999999945,
              -3.6868299999999294
            ],
            [
              -38.68781999999993,
              -3.6866959999999267
            ],
            [
              -38.687900999999954,
              -3.686623999999938
            ],
            [
              -38.68799699999994,
              -3.6865659999999707
            ],
            [
              -38.688110999999935,
              -3.6865609999999265
            ],
            [
              -38.68829699999998,
              -3.6866379999999594
            ],
            [
              -38.688444999999945,
              -3.686666999999943
            ],
            [
              -38.68852999999996,
              -3.686675999999977
            ],
            [
              -38.688586999999984,
              -3.686651999999981
            ],
            [
              -38.688620999999955,
              -3.686570999999958
            ],
            [
              -38.688684999999964,
              -3.686200999999926
            ],
            [
              -38.68876099999994,
              -3.6857499999999277
            ],
            [
              -38.688741999999934,
              -3.6855869999999413
            ],
            [
              -38.68857099999997,
              -3.685423999999955
            ],
            [
              -38.68839899999995,
              -3.685250999999937
            ],
            [
              -38.68828499999995,
              -3.684981999999934
            ],
            [
              -38.68797999999998,
              -3.6844729999999686
            ],
            [
              -38.68766499999998,
              -3.6841379999999617
            ],
            [
              -38.687521999999944,
              -3.6838299999999435
            ],
            [
              -38.68742699999996,
              -3.6834459999999467
            ],
            [
              -38.68733199999997,
              -3.6829759999999396
            ],
            [
              -38.68730249999993,
              -3.6828367999999614
            ],
            [
              -38.68729909999996,
              -3.682820999999933
            ],
            [
              -38.68727899999993,
              -3.6827259999999455
            ],
            [
              -38.68636399999997,
              -3.682246999999961
            ],
            [
              -38.68562099999997,
              -3.6814979999999764
            ],
            [
              -38.68497519999994,
              -3.6810303999999405
            ],
            [
              -38.68566629999998,
              -3.6805119999999647
            ],
            [
              -38.68622419999997,
              -3.680640799999935
            ],
            [
              -38.686524599999984,
              -3.68096259999993
            ],
            [
              -38.68712539999996,
              -3.6811342999999397
            ],
            [
              -38.68751159999994,
              -3.681348899999932
            ],
            [
              -38.687854899999934,
              -3.6812629999999444
            ],
            [
              -38.68804799999998,
              -3.681670699999927
            ],
            [
              -38.68809199999998,
              -3.6817409999999313
            ],
            [
              -38.68815529999995,
              -3.681842399999937
            ],
            [
              -38.68856299999993,
              -3.681670699999927
            ],
            [
              -38.688906299999985,
              -3.6813917999999717
            ],
            [
              -38.68906679999998,
              -3.681085399999972
            ],
            [
              -38.68914239999998,
              -3.6809411999999497
            ],
            [
              -38.689421299999935,
              -3.680726599999957
            ],
            [
              -38.68937839999995,
              -3.680447699999945
            ],
            [
              -38.68957149999994,
              -3.680469099999925
            ],
            [
              -38.68972169999995,
              -3.680898299999967
            ],
            [
              -38.69000059999996,
              -3.6808123999999793
            ],
            [
              -38.69017229999997,
              -3.680640799999935
            ],
            [
              -38.690408299999945,
              -3.68057639999995
            ],
            [
              -38.69046539999994,
              -3.680600899999945
            ],
            [
              -38.69070869999996,
              -3.680705199999977
            ],
            [
              -38.69075159999994,
              -3.68096259999993
            ],
            [
              -38.690966199999934,
              -3.6808123999999793
            ],
            [
              -38.69152409999998,
              -3.6806192999999325
            ],
            [
              -38.692210699999976,
              -3.680662199999972
            ],
            [
              -38.69261839999996,
              -3.6807909999999424
            ],
            [
              -38.69279009999997,
              -3.6808553999999276
            ],
            [
              -38.69347669999996,
              -3.6801472999999305
            ],
            [
              -38.69418479999996,
              -3.679760999999928
            ],
            [
              -38.694442299999935,
              -3.67963229999998
            ],
            [
              -38.69480699999997,
              -3.6792674999999804
            ],
            [
              -38.69560089999993,
              -3.6788812999999436
            ],
            [
              -38.695987199999934,
              -3.678838399999961
            ],
            [
              -38.69641629999995,
              -3.678859799999941
            ],
            [
              -38.69671669999997,
              -3.678752599999939
            ],
            [
              -38.697059999999965,
              -3.6787095999999337
            ],
            [
              -38.69731749999994,
              -3.6785379999999464
            ],
            [
              -38.69770369999998,
              -3.6785379999999464
            ],
            [
              -38.69815429999994,
              -3.6783448999999564
            ],
            [
              -38.69828309999997,
              -3.6781731999999465
            ],
            [
              -38.69847619999996,
              -3.6778254999999263
            ],
            [
              -38.69902899999994,
              -3.676995999999974
            ],
            [
              -38.69931489999993,
              -3.6766842999999767
            ],
            [
              -38.69963729999995,
              -3.676485399999933
            ],
            [
              -38.69980349999997,
              -3.676444199999935
            ],
            [
              -38.700067599999954,
              -3.6763702999999737
            ],
            [
              -38.70032349999997,
              -3.6762138999999365
            ],
            [
              -38.700517599999955,
              -3.6761600999999473
            ],
            [
              -38.70098189999993,
              -3.6761015999999245
            ],
            [
              -38.70131339999995,
              -3.675966599999981
            ],
            [
              -38.701618199999984,
              -3.6758737999999767
            ],
            [
              -38.70166149999994,
              -3.6758045999999354
            ],
            [
              -38.701998799999956,
              -3.6759331999999745
            ],
            [
              -38.70236369999998,
              -3.6763628999999582
            ],
            [
              -38.70258899999993,
              -3.6767683999999576
            ],
            [
              -38.70287059999998,
              -3.6775173999999424
            ],
            [
              -38.70291299999997,
              -3.677694899999949
            ],
            [
              -38.70305079999997,
              -3.6782720999999583
            ],
            [
              -38.703332399999965,
              -3.6801306999999497
            ],
            [
              -38.70344509999995,
              -3.68100359999994
            ],
            [
              -38.703535199999976,
              -3.682169399999964
            ],
            [
              -38.70354639999994,
              -3.683633699999973
            ],
            [
              -38.70339999999993,
              -3.684247599999935
            ],
            [
              -38.70255149999997,
              -3.6859532999999374
            ],
            [
              -38.702400799999964,
              -3.686326099999974
            ],
            [
              -38.70168289999998,
              -3.6889759999999683
            ],
            [
              -38.701318999999955,
              -3.689638499999944
            ],
            [
              -38.69958019999996,
              -3.69294119999995
            ],
            [
              -38.69920229999997,
              -3.6934479999999326
            ],
            [
              -38.69889639999997,
              -3.694006799999954
            ],
            [
              -38.69894889999995,
              -3.69471139999996
            ],
            [
              -38.69918709999996,
              -3.695573999999965
            ],
            [
              -38.699275899999975,
              -3.6966694999999277
            ],
            [
              -38.69941479999994,
              -3.697458299999937
            ],
            [
              -38.699644399999954,
              -3.6984977999999273
            ],
            [
              -38.69982509999994,
              -3.6992530999999644
            ],
            [
              -38.70000699999997,
              -3.699869999999976
            ],
            [
              -38.70001709999997,
              -3.700351699999942
            ],
            [
              -38.70177179999996,
              -3.6998305999999275
            ],
            [
              -38.70233859999996,
              -3.700067199999978
            ],
            [
              -38.702439399999946,
              -3.7006008999999267
            ],
            [
              -38.70300579999997,
              -3.7009574999999586
            ],
            [
              -38.70363649999996,
              -3.70112649999993
            ],
            [
              -38.70417719999995,
              -3.7012503999999353
            ],
            [
              -38.70575599999995,
              -3.7007169999999405
            ]
          ]
        ]
      }
    },
    {
      "type": "Feature",
      "properties": {
        "id": "caucaia:coite",
        "name": "Coité (Caucaia)",
        "municipality": "Caucaia",
        "kind": "aglomerado",
        "source": "IBGE - Malha de Setores Censitarios 2022 agregada por unidade territorial de Caucaia"
      },
      "geometry": {
        "type": "Polygon",
        "coordinates": [
          [
            [
              -38.748356299999955,
              -3.744853399999954
            ],
            [
              -38.74799959999996,
              -3.7450565999999412
            ],
            [
              -38.74536959999995,
              -3.7507993999999485
            ],
            [
              -38.74414929999995,
              -3.7506766999999286
            ],
            [
              -38.744149499999935,
              -3.750678199999925
            ],
            [
              -38.741775899999936,
              -3.7510083999999324
            ],
            [
              -38.738473099999965,
              -3.7455342999999743
            ],
            [
              -38.74313859999995,
              -3.744927999999959
            ],
            [
              -38.74298559999994,
              -3.744493499999976
            ],
            [
              -38.74256349999996,
              -3.74343609999994
            ],
            [
              -38.74241159999997,
              -3.7430139999999597
            ],
            [
              -38.74302359999996,
              -3.742636199999936
            ],
            [
              -38.743698999999935,
              -3.7421406999999363
            ],
            [
              -38.74470359999998,
              -3.741403699999978
            ],
            [
              -38.745273399999974,
              -3.7410279999999716
            ],
            [
              -38.74544569999995,
              -3.7408521999999493
            ],
            [
              -38.74557759999993,
              -3.7409741999999255
            ],
            [
              -38.747059099999944,
              -3.7425139999999715
            ],
            [
              -38.747655399999985,
              -3.7432928999999717
            ],
            [
              -38.74823089999995,
              -3.744458399999928
            ],
            [
              -38.748356299999955,
              -3.744853399999954
            ]
          ]
        ]
      }
    },
    {
      "type": "Feature",
      "properties": {
        "id": "caucaia:conjunto-metropolitano",
        "name": "Conjunto Metropolitano",
        "municipality": "Caucaia",
        "kind": "bairro",
        "source": "IBGE - Malha de Setores Censitarios 2022 agregada por unidade territorial de Caucaia"
      },
      "geometry": {
        "type": "Polygon",
        "coordinates": [
          [
            [
              -38.667047199999956,
              -3.753714499999944
            ],
            [
              -38.666892099999984,
              -3.754948899999931
            ],
            [
              -38.66686269999997,
              -3.75572829999993
            ],
            [
              -38.666651599999966,
              -3.7561666999999375
            ],
            [
              -38.665498799999966,
              -3.7577415999999744
            ],
            [
              -38.66489809999996,
              -3.7586182999999664
            ],
            [
              -38.66442729999994,
              -3.75930029999995
            ],
            [
              -38.66404989999995,
              -3.7597902999999633
            ],
            [
              -38.66370139999998,
              -3.76024289999998
            ],
            [
              -38.66284899999994,
              -3.7615529999999353
            ],
            [
              -38.66222699999997,
              -3.7624679999999557
            ],
            [
              -38.661887999999976,
              -3.763053999999954
            ],
            [
              -38.66065299999997,
              -3.764731999999981
            ],
            [
              -38.66056699999996,
              -3.7649469999999496
            ],
            [
              -38.660552999999936,
              -3.765049999999974
            ],
            [
              -38.659431799999936,
              -3.764480899999967
            ],
            [
              -38.657246999999984,
              -3.763371999999947
            ],
            [
              -38.656487099999936,
              -3.7629861999999434
            ],
            [
              -38.65574799999996,
              -3.7626109999999358
            ],
            [
              -38.654713999999956,
              -3.762085999999954
            ],
            [
              -38.65350399999994,
              -3.7614729999999668
            ],
            [
              -38.65270799999996,
              -3.7611949999999297
            ],
            [
              -38.65267199999994,
              -3.7612059999999587
            ],
            [
              -38.652634999999975,
              -3.761216999999931
            ],
            [
              -38.65259499999996,
              -3.7612249999999676
            ],
            [
              -38.65255499999995,
              -3.76122799999996
            ],
            [
              -38.65251399999994,
              -3.76122799999996
            ],
            [
              -38.65247499999998,
              -3.761225999999965
            ],
            [
              -38.65243499999997,
              -3.761218999999926
            ],
            [
              -38.65239699999995,
              -3.7612099999999486
            ],
            [
              -38.652360999999985,
              -3.7611969999999246
            ],
            [
              -38.652327999999954,
              -3.7611819999999625
            ],
            [
              -38.65229799999997,
              -3.761163999999951
            ],
            [
              -38.65227199999998,
              -3.7611429999999473
            ],
            [
              -38.65224899999998,
              -3.761120999999946
            ],
            [
              -38.65223099999997,
              -3.7610969999999497
            ],
            [
              -38.65221799999995,
              -3.761071999999956
            ],
            [
              -38.65220899999997,
              -3.7610449999999673
            ],
            [
              -38.65220499999998,
              -3.761013999999932
            ],
            [
              -38.65220899999997,
              -3.760977999999966
            ],
            [
              -38.65221799999995,
              -3.7609509999999773
            ],
            [
              -38.65223099999997,
              -3.7609259999999267
            ],
            [
              -38.65224899999998,
              -3.7609019999999305
            ],
            [
              -38.65227199999998,
              -3.760879999999929
            ],
            [
              -38.65229799999997,
              -3.7608589999999253
            ],
            [
              -38.652327999999954,
              -3.760840999999971
            ],
            [
              -38.65236299999998,
              -3.760812999999928
            ],
            [
              -38.65239699999995,
              -3.760812999999928
            ],
            [
              -38.65248299999996,
              -3.760471999999936
            ],
            [
              -38.65272599999997,
              -3.7596489999999676
            ],
            [
              -38.65282799999994,
              -3.7594099999999457
            ],
            [
              -38.653029499999946,
              -3.7589038999999502
            ],
            [
              -38.65303099999994,
              -3.758899999999926
            ],
            [
              -38.65320499999996,
              -3.758461999999952
            ],
            [
              -38.65335399999998,
              -3.7580789999999524
            ],
            [
              -38.653576999999984,
              -3.757484999999974
            ],
            [
              -38.65375299999994,
              -3.7570139999999697
            ],
            [
              -38.65419399999996,
              -3.7558369999999286
            ],
            [
              -38.654740999999945,
              -3.7543789999999717
            ],
            [
              -38.65503899999993,
              -3.7540449999999623
            ],
            [
              -38.655528999999945,
              -3.75349499999993
            ],
            [
              -38.656027999999935,
              -3.753191999999956
            ],
            [
              -38.65653199999997,
              -3.75288699999993
            ],
            [
              -38.65724749999998,
              -3.7524627999999325
            ],
            [
              -38.658739999999966,
              -3.7515509999999495
            ],
            [
              -38.66029199999997,
              -3.750644999999963
            ],
            [
              -38.66069699999997,
              -3.750377999999955
            ],
            [
              -38.661242999999956,
              -3.749950999999953
            ],
            [
              -38.661251999999934,
              -3.7495869999999627
            ],
            [
              -38.66126899999995,
              -3.749333999999976
            ],
            [
              -38.661231999999984,
              -3.7489569999999617
            ],
            [
              -38.66106799999994,
              -3.7483579999999392
            ],
            [
              -38.66124499999995,
              -3.7484339999999747
            ],
            [
              -38.661378999999954,
              -3.7484819999999672
            ],
            [
              -38.661933999999974,
              -3.7484819999999672
            ],
            [
              -38.661996999999985,
              -3.7482989999999745
            ],
            [
              -38.662004999999965,
              -3.7481389999999806
            ],
            [
              -38.66204399999998,
              -3.7479319999999348
            ],
            [
              -38.662170999999944,
              -3.747780999999975
            ],
            [
              -38.66238499999997,
              -3.7477879999999573
            ],
            [
              -38.662653999999975,
              -3.747867999999926
            ],
            [
              -38.66304999999994,
              -3.7480279999999766
            ],
            [
              -38.66323999999997,
              -3.7482429999999454
            ],
            [
              -38.66396099999997,
              -3.7487769999999614
            ],
            [
              -38.664229999999975,
              -3.748952999999972
            ],
            [
              -38.66465699999998,
              -3.749055999999939
            ],
            [
              -38.66481599999997,
              -3.749247999999966
            ],
            [
              -38.665036999999984,
              -3.749606999999969
            ],
            [
              -38.66527499999995,
              -3.749805999999978
            ],
            [
              -38.66564699999998,
              -3.7503639999999336
            ],
            [
              -38.665813999999955,
              -3.750787999999943
            ],
            [
              -38.66579999999993,
              -3.7511669999999526
            ],
            [
              -38.665827999999976,
              -3.7512929999999756
            ],
            [
              -38.665925999999956,
              -3.751404999999977
            ],
            [
              -38.66595399999994,
              -3.7516299999999774
            ],
            [
              -38.66593999999998,
              -3.7518399999999588
            ],
            [
              -38.66563299999996,
              -3.7520929999999453
            ],
            [
              -38.665367999999944,
              -3.752247999999952
            ],
            [
              -38.66528499999998,
              -3.752373999999975
            ],
            [
              -38.665228999999954,
              -3.752499999999941
            ],
            [
              -38.66521499999993,
              -3.7527529999999274
            ],
            [
              -38.66533999999996,
              -3.752892999999972
            ],
            [
              -38.665479999999945,
              -3.753033999999957
            ],
            [
              -38.66634399999998,
              -3.753398999999945
            ],
            [
              -38.667030299999965,
              -3.7537068999999406
            ],
            [
              -38.667047199999956,
              -3.753714499999944
            ]
          ]
        ]
      }
    },
    {
      "type": "Feature",
      "properties": {
        "id": "caucaia:corrego-do-alexandre",
        "name": "Córrego do Alexandre",
        "municipality": "Caucaia",
        "kind": "aglomerado",
        "source": "IBGE - Malha de Setores Censitarios 2022 agregada por unidade territorial de Caucaia"
      },
      "geometry": {
        "type": "Polygon",
        "coordinates": [
          [
            [
              -38.72856319999994,
              -3.6904219999999555
            ],
            [
              -38.72867659999997,
              -3.691521499999965
            ],
            [
              -38.733451499999944,
              -3.6913026999999374
            ],
            [
              -38.73342139999994,
              -3.6910239999999703
            ],
            [
              -38.73340509999997,
              -3.6907728999999563
            ],
            [
              -38.73340459999997,
              -3.6905678999999623
            ],
            [
              -38.73338649999994,
              -3.690312899999981
            ],
            [
              -38.73317929999996,
              -3.6895719999999415
            ],
            [
              -38.733058599999936,
              -3.6896045999999387
            ],
            [
              -38.732864699999936,
              -3.689622199999974
            ],
            [
              -38.732646399999965,
              -3.68963569999994
            ],
            [
              -38.73123879999997,
              -3.6896763999999393
            ],
            [
              -38.72918569999996,
              -3.6897306999999273
            ],
            [
              -38.72806149999997,
              -3.689736099999948
            ],
            [
              -38.72814319999998,
              -3.690221299999962
            ],
            [
              -38.72856319999994,
              -3.6904219999999555
            ]
          ]
        ]
      }
    },
    {
      "type": "Feature",
      "properties": {
        "id": "caucaia:cumbuco",
        "name": "Cumbuco",
        "municipality": "Caucaia",
        "kind": "bairro",
        "source": "IBGE - Malha de Setores Censitarios 2022 agregada por unidade territorial de Caucaia"
      },
      "geometry": {
        "type": "Polygon",
        "coordinates": [
          [
            [
              -38.76286429999993,
              -3.6271059999999693
            ],
            [
              -38.76267009999998,
              -3.626680199999953
            ],
            [
              -38.76106379999993,
              -3.6263070999999627
            ],
            [
              -38.76078929999994,
              -3.6260734999999613
            ],
            [
              -38.760595799999976,
              -3.6260604999999373
            ],
            [
              -38.76053409999997,
              -3.6258904999999686
            ],
            [
              -38.76054359999995,
              -3.625702599999954
            ],
            [
              -38.76051609999996,
              -3.6254787999999394
            ],
            [
              -38.76053879999995,
              -3.6253383999999755
            ],
            [
              -38.76052439999995,
              -3.6250384999999596
            ],
            [
              -38.76058469999998,
              -3.624583899999948
            ],
            [
              -38.760352799999964,
              -3.6238214999999627
            ],
            [
              -38.760313199999985,
              -3.6235727999999767
            ],
            [
              -38.760240599999975,
              -3.623470399999974
            ],
            [
              -38.76010329999997,
              -3.6234657999999627
            ],
            [
              -38.75995139999998,
              -3.6235443999999575
            ],
            [
              -38.75981869999998,
              -3.623632099999952
            ],
            [
              -38.75973189999996,
              -3.623665399999936
            ],
            [
              -38.75966949999997,
              -3.623633499999926
            ],
            [
              -38.75959689999996,
              -3.6235258999999473
            ],
            [
              -38.75950379999995,
              -3.623413399999947
            ],
            [
              -38.75928849999997,
              -3.6230646999999294
            ],
            [
              -38.759164399999975,
              -3.622955999999931
            ],
            [
              -38.75899609999993,
              -3.622955999999931
            ],
            [
              -38.75883299999998,
              -3.622975199999928
            ],
            [
              -38.75788619999997,
              -3.62322469999998
            ],
            [
              -38.75736469999998,
              -3.623377499999947
            ],
            [
              -38.75649269999997,
              -3.6236414999999624
            ],
            [
              -38.755821899999944,
              -3.623632099999952
            ],
            [
              -38.75516929999998,
              -3.623583099999962
            ],
            [
              -38.75441369999993,
              -3.623570599999937
            ],
            [
              -38.75383759999994,
              -3.623678899999959
            ],
            [
              -38.75341149999997,
              -3.6238444999999615
            ],
            [
              -38.75314969999994,
              -3.6240586999999778
            ],
            [
              -38.75276739999998,
              -3.624372699999981
            ],
            [
              -38.75239899999997,
              -3.6245516999999268
            ],
            [
              -38.75212629999993,
              -3.624629099999936
            ],
            [
              -38.75061809999994,
              -3.625127999999961
            ],
            [
              -38.74934149999996,
              -3.6255283999999506
            ],
            [
              -38.74841529999998,
              -3.6258799999999383
            ],
            [
              -38.74813039999998,
              -3.6249776999999312
            ],
            [
              -38.74812549999996,
              -3.6249683999999434
            ],
            [
              -38.747859999999946,
              -3.6247770999999602
            ],
            [
              -38.744813799999974,
              -3.6257417999999575
            ],
            [
              -38.74461469999994,
              -3.6257201999999324
            ],
            [
              -38.744424299999935,
              -3.625474899999972
            ],
            [
              -38.74391659999998,
              -3.623981899999933
            ],
            [
              -38.74366719999995,
              -3.6232548999999494
            ],
            [
              -38.74346669999994,
              -3.623252099999945
            ],
            [
              -38.74107309999994,
              -3.624407599999927
            ],
            [
              -38.73859969999995,
              -3.6256501999999386
            ],
            [
              -38.73778569999996,
              -3.625963499999955
            ],
            [
              -38.73686589999994,
              -3.626175699999976
            ],
            [
              -38.73319729999997,
              -3.6270703999999796
            ],
            [
              -38.73148459999993,
              -3.62764599999997
            ],
            [
              -38.72989119999994,
              -3.6281924999999546
            ],
            [
              -38.729861599999936,
              -3.628202599999952
            ],
            [
              -38.72798859999995,
              -3.628867599999978
            ],
            [
              -38.72798219999993,
              -3.6288697999999613
            ],
            [
              -38.72576929999997,
              -3.629500299999961
            ],
            [
              -38.72423299999997,
              -3.630509899999936
            ],
            [
              -38.72345199999995,
              -3.6310108999999784
            ],
            [
              -38.72266029999997,
              -3.631573499999945
            ],
            [
              -38.721870199999955,
              -3.6321552999999653
            ],
            [
              -38.721081899999945,
              -3.632770199999925
            ],
            [
              -38.72032359999997,
              -3.633278999999959
            ],
            [
              -38.71873879999998,
              -3.6342436999999563
            ],
            [
              -38.71711929999998,
              -3.635247999999933
            ],
            [
              -38.716223499999955,
              -3.6355797999999595
            ],
            [
              -38.71535249999994,
              -3.6358681999999476
            ],
            [
              -38.71454699999998,
              -3.6361777999999276
            ],
            [
              -38.71364609999995,
              -3.6365120999999476
            ],
            [
              -38.71247119999998,
              -3.6368788999999424
            ],
            [
              -38.71235749999994,
              -3.635090299999945
            ],
            [
              -38.71214669999995,
              -3.633371699999941
            ],
            [
              -38.71239859999997,
              -3.632757999999967
            ],
            [
              -38.71242899999993,
              -3.6327452999999537
            ],
            [
              -38.71284909999997,
              -3.6326259999999593
            ],
            [
              -38.71334349999995,
              -3.632485699999961
            ],
            [
              -38.71467779999995,
              -3.6319833999999673
            ],
            [
              -38.71570189999994,
              -3.631393399999979
            ],
            [
              -38.71660789999993,
              -3.631050499999958
            ],
            [
              -38.71772839999994,
              -3.630384699999979
            ],
            [
              -38.718375599999945,
              -3.6301111999999307
            ],
            [
              -38.71906229999996,
              -3.6297347999999374
            ],
            [
              -38.71916239999996,
              -3.62965719999994
            ],
            [
              -38.72022229999993,
              -3.628836599999943
            ],
            [
              -38.720209799999964,
              -3.6288452999999663
            ],
            [
              -38.720552699999985,
              -3.6285793999999782
            ],
            [
              -38.72349459999998,
              -3.626552599999968
            ],
            [
              -38.72382559999994,
              -3.6258531999999377
            ],
            [
              -38.72479629999998,
              -3.6253915999999435
            ],
            [
              -38.72532949999993,
              -3.625332399999934
            ],
            [
              -38.72609189999997,
              -3.625212999999974
            ],
            [
              -38.72671849999995,
              -3.6250506999999743
            ],
            [
              -38.72683049999995,
              -3.625021699999934
            ],
            [
              -38.727895399999966,
              -3.6247595999999476
            ],
            [
              -38.72888309999996,
              -3.624469099999942
            ],
            [
              -38.730452199999945,
              -3.6239216999999257
            ],
            [
              -38.73126229999997,
              -3.6234671999999364
            ],
            [
              -38.73134829999998,
              -3.6234571999999616
            ],
            [
              -38.73250129999997,
              -3.6233238999999458
            ],
            [
              -38.73400229999993,
              -3.622941399999945
            ],
            [
              -38.73533699999996,
              -3.622435199999927
            ],
            [
              -38.73635869999998,
              -3.622024999999951
            ],
            [
              -38.73745719999994,
              -3.621673699999974
            ],
            [
              -38.73824059999998,
              -3.6212633999999753
            ],
            [
              -38.73914899999994,
              -3.6208603999999696
            ],
            [
              -38.740173599999935,
              -3.6202861999999527
            ],
            [
              -38.74112889999998,
              -3.6196778999999424
            ],
            [
              -38.74115059999997,
              -3.619664099999966
            ],
            [
              -38.74227929999995,
              -3.6192444999999793
            ],
            [
              -38.74250369999993,
              -3.619168499999944
            ],
            [
              -38.74556069999994,
              -3.618371599999932
            ],
            [
              -38.74668449999996,
              -3.6177685999999767
            ],
            [
              -38.74781049999996,
              -3.6171642999999563
            ],
            [
              -38.74832249999997,
              -3.6168894999999566
            ],
            [
              -38.75230199999993,
              -3.613970399999971
            ],
            [
              -38.75513929999994,
              -3.6116868999999383
            ],
            [
              -38.755466199999944,
              -3.6114237999999546
            ],
            [
              -38.75648359999997,
              -3.6106521999999472
            ],
            [
              -38.75898429999995,
              -3.6087647999999604
            ],
            [
              -38.75926929999997,
              -3.608549699999969
            ],
            [
              -38.75945479999996,
              -3.6083739999999693
            ],
            [
              -38.760475499999984,
              -3.6073899999999526
            ],
            [
              -38.76105609999996,
              -3.6069510999999466
            ],
            [
              -38.762423499999954,
              -3.605917399999953
            ],
            [
              -38.76286309999995,
              -3.605523499999947
            ],
            [
              -38.76286309999995,
              -3.6059143999999606
            ],
            [
              -38.76286369999997,
              -3.616805799999952
            ],
            [
              -38.76286369999997,
              -3.616963999999939
            ],
            [
              -38.762864099999945,
              -3.6236820999999395
            ],
            [
              -38.762864099999945,
              -3.6237718999999515
            ],
            [
              -38.76286429999993,
              -3.626744199999962
            ],
            [
              -38.76286429999993,
              -3.6271059999999693
            ]
          ]
        ]
      }
    },
    {
      "type": "Feature",
      "properties": {
        "id": "caucaia:curicaca",
        "name": "Curicaca",
        "municipality": "Caucaia",
        "kind": "bairro",
        "source": "IBGE - Malha de Setores Censitarios 2022 agregada por unidade territorial de Caucaia"
      },
      "geometry": {
        "type": "Polygon",
        "coordinates": [
          [
            [
              -38.66831449999995,
              -3.7115539999999783
            ],
            [
              -38.667373399999974,
              -3.711789299999964
            ],
            [
              -38.66720359999994,
              -3.7118458999999575
            ],
            [
              -38.667109299999936,
              -3.7119778999999653
            ],
            [
              -38.666939499999955,
              -3.7130531999999334
            ],
            [
              -38.666769699999975,
              -3.7139209999999707
            ],
            [
              -38.66643009999996,
              -3.7161848999999734
            ],
            [
              -38.66633859999996,
              -3.7163547999999764
            ],
            [
              -38.66638699999993,
              -3.7163609999999494
            ],
            [
              -38.666333899999984,
              -3.7172623999999246
            ],
            [
              -38.66633099999996,
              -3.7173121999999807
            ],
            [
              -38.66661709999994,
              -3.718037099999947
            ],
            [
              -38.666759999999954,
              -3.718236999999931
            ],
            [
              -38.66681399999993,
              -3.7184819999999377
            ],
            [
              -38.666886999999974,
              -3.7188579999999547
            ],
            [
              -38.66695299999998,
              -3.719135999999935
            ],
            [
              -38.66703199999995,
              -3.7194659999999544
            ],
            [
              -38.66712099999995,
              -3.719806999999946
            ],
            [
              -38.667149999999936,
              -3.719979999999964
            ],
            [
              -38.666484999999966,
              -3.720128999999929
            ],
            [
              -38.662883499999964,
              -3.721127499999966
            ],
            [
              -38.662185499999964,
              -3.7211463999999523
            ],
            [
              -38.661487499999964,
              -3.721108699999945
            ],
            [
              -38.660147999999936,
              -3.721089799999959
            ],
            [
              -38.65938889999995,
              -3.721074299999941
            ],
            [
              -38.65939099999997,
              -3.7210889999999495
            ],
            [
              -38.65830099999994,
              -3.721132999999952
            ],
            [
              -38.65701769999998,
              -3.7211877999999388
            ],
            [
              -38.65587879999998,
              -3.7212403999999424
            ],
            [
              -38.65481299999993,
              -3.721303999999975
            ],
            [
              -38.65407099999993,
              -3.7213499999999726
            ],
            [
              -38.65317399999998,
              -3.7214729999999463
            ],
            [
              -38.652507999999955,
              -3.7216379999999276
            ],
            [
              -38.65173199999998,
              -3.7219409999999584
            ],
            [
              -38.651724299999955,
              -3.7219438999999284
            ],
            [
              -38.651526299999944,
              -3.7214883999999415
            ],
            [
              -38.65141929999993,
              -3.720483199999933
            ],
            [
              -38.65146209999995,
              -3.71847269999995
            ],
            [
              -38.65131239999994,
              -3.717595699999947
            ],
            [
              -38.651184099999966,
              -3.717082399999981
            ],
            [
              -38.65099159999994,
              -3.7168898999999556
            ],
            [
              -38.65041409999998,
              -3.7160129999999754
            ],
            [
              -38.65026439999997,
              -3.715692199999978
            ],
            [
              -38.64994349999995,
              -3.7148579999999356
            ],
            [
              -38.649799299999984,
              -3.7144611999999597
            ],
            [
              -38.64977239999996,
              -3.71438749999993
            ],
            [
              -38.64960129999997,
              -3.713617499999941
            ],
            [
              -38.649584999999945,
              -3.7133062999999424
            ],
            [
              -38.64975099999998,
              -3.713232499999947
            ],
            [
              -38.65039269999994,
              -3.7131468999999697
            ],
            [
              -38.65176159999993,
              -3.7128902999999696
            ],
            [
              -38.652125199999944,
              -3.7128260999999725
            ],
            [
              -38.65293789999998,
              -3.7124624999999583
            ],
            [
              -38.65310899999997,
              -3.7124624999999583
            ],
            [
              -38.65321599999993,
              -3.7124838999999383
            ],
            [
              -38.65336569999994,
              -3.712398399999927
            ],
            [
              -38.65413569999998,
              -3.712141699999961
            ],
            [
              -38.65520509999993,
              -3.711820899999964
            ],
            [
              -38.65531199999998,
              -3.711606999999958
            ],
            [
              -38.655440399999975,
              -3.710965299999941
            ],
            [
              -38.65548309999997,
              -3.7104305999999383
            ],
            [
              -38.65796279999995,
              -3.710571699999946
            ],
            [
              -38.65802699999995,
              -3.7098649999999793
            ],
            [
              -38.658094999999946,
              -3.708522999999957
            ],
            [
              -38.658169999999984,
              -3.7073499999999626
            ],
            [
              -38.66242999999997,
              -3.7079029999999307
            ],
            [
              -38.66329699999994,
              -3.708020999999974
            ],
            [
              -38.664147999999955,
              -3.7081189999999538
            ],
            [
              -38.664061999999944,
              -3.7090299999999274
            ],
            [
              -38.66451499999994,
              -3.7090519999999287
            ],
            [
              -38.66455099999996,
              -3.709005999999931
            ],
            [
              -38.66459099999997,
              -3.70897599999995
            ],
            [
              -38.665625999999975,
              -3.7087189999999737
            ],
            [
              -38.66563409999998,
              -3.708717599999943
            ],
            [
              -38.66580759999994,
              -3.7096008999999412
            ],
            [
              -38.667731799999956,
              -3.7091292999999723
            ],
            [
              -38.66831449999995,
              -3.7115539999999783
            ]
          ]
        ]
      }
    },
    {
      "type": "Feature",
      "properties": {
        "id": "caucaia:distrito-bom-principio",
        "name": "Distrito Bom Princípio",
        "municipality": "Caucaia",
        "kind": "distrito",
        "source": "IBGE - Malha de Setores Censitarios 2022 agregada por unidade territorial de Caucaia"
      },
      "geometry": {
        "type": "Polygon",
        "coordinates": [
          [
            [
              -38.962501799999984,
              -3.9225525999999604
            ],
            [
              -38.962454099999945,
              -3.9232131999999638
            ],
            [
              -38.96147209999998,
              -3.9232418999999368
            ],
            [
              -38.960747599999934,
              -3.9234811999999692
            ],
            [
              -38.96028999999993,
              -3.9240268999999444
            ],
            [
              -38.95962259999993,
              -3.9248311999999714
            ],
            [
              -38.95907919999996,
              -3.925194999999974
            ],
            [
              -38.95866929999994,
              -3.9255703999999696
            ],
            [
              -38.95844049999994,
              -3.9259417999999755
            ],
            [
              -38.95872639999993,
              -3.9262098999999466
            ],
            [
              -38.95912529999998,
              -3.92660189999998
            ],
            [
              -38.958888499999944,
              -3.927004599999975
            ],
            [
              -38.95830689999997,
              -3.927349299999946
            ],
            [
              -38.95751569999993,
              -3.927483299999949
            ],
            [
              -38.95663859999996,
              -3.927885299999957
            ],
            [
              -38.95615799999996,
              -3.928504699999962
            ],
            [
              -38.95579959999998,
              -3.9293310999999562
            ],
            [
              -38.955408699999964,
              -3.9296756999999616
            ],
            [
              -38.95490339999998,
              -3.929742699999963
            ],
            [
              -38.95451339999994,
              -3.9298689999999397
            ],
            [
              -38.95401679999998,
              -3.9301256999999623
            ],
            [
              -38.95387379999994,
              -3.930575699999963
            ],
            [
              -38.95390239999995,
              -3.930996999999934
            ],
            [
              -38.95408429999998,
              -3.9314127999999755
            ],
            [
              -38.95440609999997,
              -3.9317000999999436
            ],
            [
              -38.954836599999965,
              -3.9321842999999603
            ],
            [
              -38.95508529999995,
              -3.93263369999994
            ],
            [
              -38.95512249999996,
              -3.933304499999963
            ],
            [
              -38.95469429999997,
              -3.9337538999999424
            ],
            [
              -38.95403569999996,
              -3.9338405999999395
            ],
            [
              -38.95320629999998,
              -3.934070399999939
            ],
            [
              -38.95231009999998,
              -3.934481999999946
            ],
            [
              -38.95160459999994,
              -3.9347596999999723
            ],
            [
              -38.951152699999966,
              -3.9346799999999575
            ],
            [
              -38.950544899999954,
              -3.934859499999959
            ],
            [
              -38.95040339999997,
              -3.935228699999925
            ],
            [
              -38.95021269999995,
              -3.9356116999999244
            ],
            [
              -38.949850399999946,
              -3.935946799999954
            ],
            [
              -38.94914499999993,
              -3.936195699999928
            ],
            [
              -38.948600399999975,
              -3.9362921999999685
            ],
            [
              -38.94812369999994,
              -3.936232099999927
            ],
            [
              -38.94782779999997,
              -3.936367399999938
            ],
            [
              -38.94740869999998,
              -3.9368782999999326
            ],
            [
              -38.94718419999998,
              -3.9372648999999456
            ],
            [
              -38.947041199999944,
              -3.9379111999999736
            ],
            [
              -38.947015299999975,
              -3.938326399999937
            ],
            [
              -38.94702709999996,
              -3.939535199999966
            ],
            [
              -38.94702709999996,
              -3.940648299999964
            ],
            [
              -38.94701509999993,
              -3.941306499999939
            ],
            [
              -38.94700319999998,
              -3.942060599999934
            ],
            [
              -38.946943499999975,
              -3.942479399999968
            ],
            [
              -38.94664759999995,
              -3.942830199999946
            ],
            [
              -38.94629009999994,
              -3.9430814999999484
            ],
            [
              -38.94596829999995,
              -3.943476399999952
            ],
            [
              -38.94572789999995,
              -3.9440710999999737
            ],
            [
              -38.94547769999997,
              -3.9444420999999465
            ],
            [
              -38.944987899999944,
              -3.944534899999951
            ],
            [
              -38.94433959999998,
              -3.9444678999999496
            ],
            [
              -38.94381529999998,
              -3.9444199999999796
            ],
            [
              -38.94358459999995,
              -3.94450379999995
            ],
            [
              -38.943466099999966,
              -3.9446728999999436
            ],
            [
              -38.94123049999996,
              -3.945421799999963
            ],
            [
              -38.91777319999994,
              -3.953279299999963
            ],
            [
              -38.90587539999996,
              -3.9572646999999392
            ],
            [
              -38.879665899999964,
              -3.9660440999999764
            ],
            [
              -38.87164329999996,
              -3.9687313999999674
            ],
            [
              -38.848333199999956,
              -3.9948708999999667
            ],
            [
              -38.830182599999944,
              -3.9785861999999383
            ],
            [
              -38.81163129999993,
              -3.9619418999999425
            ],
            [
              -38.80132469999995,
              -3.96471889999998
            ],
            [
              -38.79619939999998,
              -3.966099799999938
            ],
            [
              -38.79440439999996,
              -3.9667406999999457
            ],
            [
              -38.792300599999976,
              -3.966965499999958
            ],
            [
              -38.787719799999934,
              -3.9666436999999632
            ],
            [
              -38.785175799999934,
              -3.964286099999981
            ],
            [
              -38.78010889999996,
              -3.9543003999999655
            ],
            [
              -38.77878629999998,
              -3.953170899999975
            ],
            [
              -38.77710959999996,
              -3.9522015999999667
            ],
            [
              -38.77658749999995,
              -3.9518167999999605
            ],
            [
              -38.77695749999998,
              -3.951714699999968
            ],
            [
              -38.77727609999994,
              -3.951476899999932
            ],
            [
              -38.77738929999998,
              -3.9513074999999276
            ],
            [
              -38.77752149999998,
              -3.951119199999937
            ],
            [
              -38.77762219999994,
              -3.950912199999948
            ],
            [
              -38.77771659999996,
              -3.9506354999999758
            ],
            [
              -38.77771659999996,
              -3.9505821999999284
            ],
            [
              -38.77771029999997,
              -3.9503718999999364
            ],
            [
              -38.77771039999993,
              -3.9501145999999494
            ],
            [
              -38.777719899999965,
              -3.94990439999998
            ],
            [
              -38.77771359999997,
              -3.9497254999999427
            ],
            [
              -38.77769159999997,
              -3.9495811999999546
            ],
            [
              -38.777638199999956,
              -3.9494382999999402
            ],
            [
              -38.77754699999997,
              -3.949281399999961
            ],
            [
              -38.777468399999975,
              -3.9491118999999344
            ],
            [
              -38.77740239999997,
              -3.9489173999999707
            ],
            [
              -38.777361499999984,
              -3.948694499999931
            ],
            [
              -38.77733329999995,
              -3.9485124999999357
            ],
            [
              -38.777295599999945,
              -3.9481527999999457
            ],
            [
              -38.77730509999998,
              -3.9479769999999803
            ],
            [
              -38.77733969999997,
              -3.9478012999999805
            ],
            [
              -38.77737429999996,
              -3.9475722999999334
            ],
            [
              -38.77739329999997,
              -3.9472976999999787
            ],
            [
              -38.77739959999997,
              -3.9470968999999627
            ],
            [
              -38.77743419999996,
              -3.946848999999929
            ],
            [
              -38.77751609999996,
              -3.946497499999964
            ],
            [
              -38.77750359999993,
              -3.9462212999999338
            ],
            [
              -38.77746899999994,
              -3.9461145999999303
            ],
            [
              -38.77744699999994,
              -3.945960899999932
            ],
            [
              -38.77738729999993,
              -3.945813399999963
            ],
            [
              -38.77730239999994,
              -3.9456407999999783
            ],
            [
              -38.77721429999997,
              -3.9454743999999664
            ],
            [
              -38.77715459999996,
              -3.9452609999999595
            ],
            [
              -38.777079199999946,
              -3.9450193999999783
            ],
            [
              -38.77703829999996,
              -3.944874699999957
            ],
            [
              -38.77704149999994,
              -3.9447962999999504
            ],
            [
              -38.777094999999974,
              -3.9446393999999714
            ],
            [
              -38.77712329999997,
              -3.9444416999999703
            ],
            [
              -38.777101399999935,
              -3.9442282999999634
            ],
            [
              -38.77709199999998,
              -3.944046299999968
            ],
            [
              -38.77715799999993,
              -3.943861199999958
            ],
            [
              -38.777327999999954,
              -3.9432458999999653
            ],
            [
              -38.777365799999984,
              -3.9430450999999493
            ],
            [
              -38.77745699999997,
              -3.942938399999946
            ],
            [
              -38.777475899999956,
              -3.942841099999953
            ],
            [
              -38.77747279999994,
              -3.942762699999946
            ],
            [
              -38.77739419999995,
              -3.942665399999953
            ],
            [
              -38.77738789999995,
              -3.9425712999999405
            ],
            [
              -38.77768999999995,
              -3.9417006999999558
            ],
            [
              -38.77774359999995,
              -3.9415029999999547
            ],
            [
              -38.77776559999995,
              -3.9413805999999454
            ],
            [
              -38.77774989999995,
              -3.9412205999999514
            ],
            [
              -38.777715299999954,
              -3.941038599999956
            ],
            [
              -38.77766189999994,
              -3.9408910999999307
            ],
            [
              -38.77757379999997,
              -3.940828299999964
            ],
            [
              -38.77743859999998,
              -3.940793699999972
            ],
            [
              -38.77719639999998,
              -3.9407465999999545
            ],
            [
              -38.77713669999997,
              -3.94070899999997
            ],
            [
              -38.777102199999945,
              -3.9406626999999617
            ],
            [
              -38.77713369999998,
              -3.940515199999936
            ],
            [
              -38.77712429999997,
              -3.9403676999999675
            ],
            [
              -38.77712109999993,
              -3.940361399999972
            ],
            [
              -38.77711799999997,
              -3.9403488999999468
            ],
            [
              -38.77707399999997,
              -3.940160599999956
            ],
            [
              -38.77698909999998,
              -3.939950299999964
            ],
            [
              -38.77693569999997,
              -3.9396270999999388
            ],
            [
              -38.77686339999997,
              -3.9392599999999334
            ],
            [
              -38.776849099999936,
              -3.938799499999959
            ],
            [
              -38.77686179999995,
              -3.938375899999926
            ],
            [
              -38.77681469999993,
              -3.9380557999999724
            ],
            [
              -38.776786399999935,
              -3.9377670999999737
            ],
            [
              -38.776747299999954,
              -3.937514399999941
            ],
            [
              -38.77674119999995,
              -3.937404499999957
            ],
            [
              -38.77671369999996,
              -3.937227499999949
            ],
            [
              -38.77671069999997,
              -3.93713589999993
            ],
            [
              -38.77671069999997,
              -3.9369557999999643
            ],
            [
              -38.776707699999974,
              -3.936830699999973
            ],
            [
              -38.77660369999995,
              -3.936531499999944
            ],
            [
              -38.776502799999946,
              -3.9362017999999352
            ],
            [
              -38.77642769999994,
              -3.9358795999999643
            ],
            [
              -38.77638489999998,
              -3.9355650999999625
            ],
            [
              -38.77625649999993,
              -3.9349515999999767
            ],
            [
              -38.77613119999995,
              -3.9343860999999265
            ],
            [
              -38.776076099999955,
              -3.9341571999999587
            ],
            [
              -38.77604249999996,
              -3.9338945999999737
            ],
            [
              -38.77597839999993,
              -3.9335069999999632
            ],
            [
              -38.77595089999994,
              -3.9332535999999436
            ],
            [
              -38.775837699999954,
              -3.9328775999999266
            ],
            [
              -38.77573679999995,
              -3.9325386999999523
            ],
            [
              -38.77566959999996,
              -3.932175499999971
            ],
            [
              -38.775565599999936,
              -3.931854899999962
            ],
            [
              -38.77535759999995,
              -3.931467199999929
            ],
            [
              -38.775244499999985,
              -3.9312865999999644
            ],
            [
              -38.775125199999934,
              -3.9311552999999435
            ],
            [
              -38.77484679999998,
              -3.9309659999999553
            ],
            [
              -38.77462039999995,
              -3.930807199999947
            ],
            [
              -38.77445519999998,
              -3.9306819999999334
            ],
            [
              -38.77437569999995,
              -3.9305720999999494
            ],
            [
              -38.77433289999993,
              -3.93049579999996
            ],
            [
              -38.77429619999998,
              -3.930370699999969
            ],
            [
              -38.77428089999995,
              -3.9302441999999473
            ],
            [
              -38.774253399999964,
              -3.930128199999956
            ],
            [
              -38.77421059999995,
              -3.9299938999999426
            ],
            [
              -38.774143299999935,
              -3.929868699999929
            ],
            [
              -38.77406069999995,
              -3.929709999999943
            ],
            [
              -38.77393829999994,
              -3.9295481999999424
            ],
            [
              -38.77384049999995,
              -3.929352799999947
            ],
            [
              -38.773734599999955,
              -3.9291672999999605
            ],
            [
              -38.77367339999995,
              -3.9289871999999377
            ],
            [
              -38.77360619999996,
              -3.9288192999999296
            ],
            [
              -38.77349909999998,
              -3.9286147999999343
            ],
            [
              -38.773333899999955,
              -3.928324699999962
            ],
            [
              -38.77319939999995,
              -3.9280987999999297
            ],
            [
              -38.77305089999993,
              -3.9278344999999604
            ],
            [
              -38.77286429999998,
              -3.927577999999926
            ],
            [
              -38.77273279999997,
              -3.9274314999999547
            ],
            [
              -38.77262879999995,
              -3.927245199999959
            ],
            [
              -38.77252789999994,
              -3.9270437999999785
            ],
            [
              -38.77243919999995,
              -3.9269063999999503
            ],
            [
              -38.77235349999995,
              -3.926808699999981
            ],
            [
              -38.77224949999993,
              -3.9266803999999524
            ],
            [
              -38.77212709999998,
              -3.9266010999999708
            ],
            [
              -38.77191419999997,
              -3.9264378999999394
            ],
            [
              -38.771758199999965,
              -3.926245599999959
            ],
            [
              -38.771531799999934,
              -3.9260775999999282
            ],
            [
              -38.77127479999996,
              -3.9257875999999783
            ],
            [
              -38.771039299999984,
              -3.9255280999999513
            ],
            [
              -38.77073029999997,
              -3.9252502999999592
            ],
            [
              -38.770537599999955,
              -3.9250944999999433
            ],
            [
              -38.77035399999994,
              -3.924957099999972
            ],
            [
              -38.770240799999954,
              -3.9247909999999706
            ],
            [
              -38.77025619999995,
              -3.924739099999954
            ],
            [
              -38.770320399999946,
              -3.924647499999935
            ],
            [
              -38.77035409999996,
              -3.9246047999999405
            ],
            [
              -38.77035719999998,
              -3.924558999999931
            ],
            [
              -38.77035409999996,
              -3.9245467999999732
            ],
            [
              -38.77035409999996,
              -3.9245314999999437
            ],
            [
              -38.77033579999994,
              -3.924470499999927
            ],
            [
              -38.770280699999944,
              -3.9244154999999523
            ],
            [
              -38.77029599999997,
              -3.924354499999936
            ],
            [
              -38.770311299999946,
              -3.9243117999999413
            ],
            [
              -38.77030519999994,
              -3.924305699999934
            ],
            [
              -38.77026239999998,
              -3.9242048999999497
            ],
            [
              -38.77027459999994,
              -3.924137799999926
            ],
            [
              -38.77032669999994,
              -3.9240614999999366
            ],
            [
              -38.77037869999998,
              -3.9240186999999764
            ],
            [
              -38.77043379999998,
              -3.9239606999999523
            ],
            [
              -38.770488899999975,
              -3.9238935999999285
            ],
            [
              -38.77053479999995,
              -3.923789799999952
            ],
            [
              -38.77049809999994,
              -3.923689099999933
            ],
            [
              -38.77046749999994,
              -3.923612799999944
            ],
            [
              -38.77044919999997,
              -3.9235089999999673
            ],
            [
              -38.770427799999936,
              -3.9234020999999757
            ],
            [
              -38.77041859999997,
              -3.923261699999955
            ],
            [
              -38.77044019999994,
              -3.9230298999999604
            ],
            [
              -38.77099869999995,
              -3.9213214999999764
            ],
            [
              -38.771240199999966,
              -3.918543399999976
            ],
            [
              -38.771752499999934,
              -3.9178194999999505
            ],
            [
              -38.772505499999966,
              -3.917517499999974
            ],
            [
              -38.77400869999997,
              -3.91721629999995
            ],
            [
              -38.775001799999984,
              -3.9172765999999797
            ],
            [
              -38.775994399999945,
              -3.916975299999933
            ],
            [
              -38.77698789999994,
              -3.9169149999999604
            ],
            [
              -38.778041299999984,
              -3.916494099999966
            ],
            [
              -38.77879369999994,
              -3.9166139999999245
            ],
            [
              -38.779546799999935,
              -3.917037799999946
            ],
            [
              -38.78011689999994,
              -3.9170373999999697
            ],
            [
              -38.78038859999998,
              -3.9163729999999646
            ],
            [
              -38.78095969999998,
              -3.9160710999999537
            ],
            [
              -38.78183269999994,
              -3.9159510999999725
            ],
            [
              -38.782795799999974,
              -3.9143212999999264
            ],
            [
              -38.783306799999934,
              -3.913958999999977
            ],
            [
              -38.784118699999965,
              -3.9138386999999284
            ],
            [
              -38.785597199999984,
              -3.913114299999961
            ],
            [
              -38.78628629999997,
              -3.912570799999969
            ],
            [
              -38.786858999999936,
              -3.912330999999938
            ],
            [
              -38.78800199999995,
              -3.912270699999965
            ],
            [
              -38.78869279999998,
              -3.9125117999999475
            ],
            [
              -38.790799799999945,
              -3.9110626999999454
            ],
            [
              -38.79113079999996,
              -3.9103992999999377
            ],
            [
              -38.79104069999994,
              -3.909916399999929
            ],
            [
              -38.79070889999997,
              -3.90949379999995
            ],
            [
              -38.79031909999998,
              -3.9087085999999545
            ],
            [
              -38.789446099999964,
              -3.9082861999999636
            ],
            [
              -38.78875649999998,
              -3.9067154999999616
            ],
            [
              -38.78854549999994,
              -3.90550879999995
            ],
            [
              -38.78875599999998,
              -3.904784799999959
            ],
            [
              -38.789147199999945,
              -3.9041809999999373
            ],
            [
              -38.78995979999996,
              -3.903817799999956
            ],
            [
              -38.79062079999994,
              -3.9025503999999387
            ],
            [
              -38.79155319999995,
              -3.902189299999975
            ],
            [
              -38.792006699999945,
              -3.9015245999999593
            ],
            [
              -38.79227549999996,
              -3.9006197999999586
            ],
            [
              -38.79224579999993,
              -3.899835699999926
            ],
            [
              -38.79245789999993,
              -3.8991701999999577
            ],
            [
              -38.79320969999998,
              -3.898688899999968
            ],
            [
              -38.79396219999995,
              -3.8980249999999614
            ],
            [
              -38.79447369999997,
              -3.897240599999975
            ],
            [
              -38.79444609999996,
              -3.896634699999936
            ],
            [
              -38.794776499999955,
              -3.895610499999975
            ],
            [
              -38.795046499999955,
              -3.8951276999999322
            ],
            [
              -38.79495659999998,
              -3.8937998999999763
            ],
            [
              -38.79462569999998,
              -3.892591999999979
            ],
            [
              -38.79537949999997,
              -3.891264099999944
            ],
            [
              -38.79673349999996,
              -3.890057699999943
            ],
            [
              -38.79904949999997,
              -3.888791099999935
            ],
            [
              -38.80124749999993,
              -3.8883087999999475
            ],
            [
              -38.802842399999975,
              -3.8877634999999486
            ],
            [
              -38.803713399999936,
              -3.8863772999999355
            ],
            [
              -38.80464649999993,
              -3.8855329999999526
            ],
            [
              -38.805789999999945,
              -3.885048799999936
            ],
            [
              -38.80654149999998,
              -3.8836001999999326
            ],
            [
              -38.807234499999936,
              -3.8831780999999523
            ],
            [
              -38.806843699999945,
              -3.8805213999999637
            ],
            [
              -38.80621129999997,
              -3.8800376999999457
            ],
            [
              -38.80570159999996,
              -3.879495899999938
            ],
            [
              -38.805609499999946,
              -3.878771699999959
            ],
            [
              -38.805672399999935,
              -3.877201899999932
            ],
            [
              -38.80518969999997,
              -3.875873399999932
            ],
            [
              -38.80485919999995,
              -3.8753302999999732
            ],
            [
              -38.80509909999995,
              -3.874424999999974
            ],
            [
              -38.80630559999997,
              -3.8723123999999416
            ],
            [
              -38.80625889999993,
              -3.870824599999935
            ],
            [
              -38.80621599999995,
              -3.8694748999999433
            ],
            [
              -38.806605599999955,
              -3.8687494999999785
            ],
            [
              -38.80681649999997,
              -3.8676033999999504
            ],
            [
              -38.80675709999997,
              -3.8659728999999743
            ],
            [
              -38.807509299999936,
              -3.8650685999999723
            ],
            [
              -38.80783949999994,
              -3.8643429999999626
            ],
            [
              -38.80802169999998,
              -3.863136999999938
            ],
            [
              -38.80802069999993,
              -3.8618088999999713
            ],
            [
              -38.80847309999996,
              -3.8611439999999675
            ],
            [
              -38.81000459999996,
              -3.8603186999999366
            ],
            [
              -38.81066919999995,
              -3.860663099999954
            ],
            [
              -38.81211399999995,
              -3.8605412999999658
            ],
            [
              -38.812746699999934,
              -3.8609034999999494
            ],
            [
              -38.81307529999998,
              -3.8617505999999366
            ],
            [
              -38.81256429999996,
              -3.862715099999946
            ],
            [
              -38.81259419999998,
              -3.8637412999999583
            ],
            [
              -38.813737199999935,
              -3.86368159999995
            ],
            [
              -38.814369399999975,
              -3.86446669999998
            ],
            [
              -38.81596369999994,
              -3.864344899999935
            ],
            [
              -38.81728849999996,
              -3.8631996999999387
            ],
            [
              -38.81804009999996,
              -3.863019599999973
            ],
            [
              -38.81867089999997,
              -3.86259629999995
            ],
            [
              -38.81906279999998,
              -3.8625357999999324
            ],
            [
              -38.821109999999976,
              -3.859940399999971
            ],
            [
              -38.822523899999965,
              -3.8587940999999546
            ],
            [
              -38.82315529999994,
              -3.858733299999926
            ],
            [
              -38.82712909999998,
              -3.8609689999999546
            ],
            [
              -38.83175849999998,
              -3.8612701999999786
            ],
            [
              -38.833595799999955,
              -3.86114989999993
            ],
            [
              -38.83534059999994,
              -3.862116799999967
            ],
            [
              -38.83579189999995,
              -3.8620555999999624
            ],
            [
              -38.83624409999993,
              -3.86145259999995
            ],
            [
              -38.836513999999966,
              -3.8604252999999744
            ],
            [
              -38.83660499999996,
              -3.8592786999999475
            ],
            [
              -38.83687509999993,
              -3.858192899999949
            ],
            [
              -38.83726699999994,
              -3.8575887999999736
            ],
            [
              -38.837838499999975,
              -3.857105899999965
            ],
            [
              -38.83841069999994,
              -3.856442099999981
            ],
            [
              -38.838500299999964,
              -3.855718299999978
            ],
            [
              -38.83832019999994,
              -3.8543293999999264
            ],
            [
              -38.83889099999993,
              -3.8537869999999543
            ],
            [
              -38.83970489999996,
              -3.85354499999994
            ],
            [
              -38.841931099999954,
              -3.8534863999999516
            ],
            [
              -38.84268259999993,
              -3.853063299999974
            ],
            [
              -38.84349629999997,
              -3.8528815999999324
            ],
            [
              -38.84400729999993,
              -3.8524595999999747
            ],
            [
              -38.84466889999993,
              -3.8502864999999247
            ],
            [
              -38.845060599999954,
              -3.8499846999999363
            ],
            [
              -38.84605209999995,
              -3.84968379999998
            ],
            [
              -38.84719609999996,
              -3.847871899999973
            ],
            [
              -38.848190099999954,
              -3.8467835999999807
            ],
            [
              -38.84918279999994,
              -3.845215499999938
            ],
            [
              -38.84975499999996,
              -3.8444930999999656
            ],
            [
              -38.85038719999994,
              -3.8433451999999306
            ],
            [
              -38.85065709999998,
              -3.8417148999999426
            ],
            [
              -38.851409599999954,
              -3.840279799999962
            ],
            [
              -38.85434219999996,
              -3.8401466999999343
            ],
            [
              -38.85564299999993,
              -3.8404136999999423
            ],
            [
              -38.855943699999955,
              -3.8412166999999613
            ],
            [
              -38.85617649999995,
              -3.842687099999978
            ],
            [
              -38.85657519999995,
              -3.8470371999999315
            ],
            [
              -38.857074299999965,
              -3.8499137999999675
            ],
            [
              -38.85824309999998,
              -3.852455999999961
            ],
            [
              -38.85967359999995,
              -3.8544634999999516
            ],
            [
              -38.86124239999998,
              -3.8558022999999366
            ],
            [
              -38.86327709999995,
              -3.8562707999999475
            ],
            [
              -38.86604369999998,
              -3.85600299999993
            ],
            [
              -38.86887829999995,
              -3.854666699999939
            ],
            [
              -38.87044529999997,
              -3.8556034999999724
            ],
            [
              -38.87241229999995,
              -3.8557369999999764
            ],
            [
              -38.87357939999998,
              -3.854933899999935
            ],
            [
              -38.873878899999966,
              -3.85326189999995
            ],
            [
              -38.87321929999996,
              -3.8397564999999645
            ],
            [
              -38.87304899999998,
              -3.8362694999999576
            ],
            [
              -38.872649699999954,
              -3.831585299999972
            ],
            [
              -38.87308279999996,
              -3.8299802999999315
            ],
            [
              -38.87411679999997,
              -3.8293118999999365
            ],
            [
              -38.918008199999974,
              -3.8665586999999277
            ],
            [
              -38.91820439999998,
              -3.866725199999962
            ],
            [
              -38.92835379999997,
              -3.8753399999999374
            ],
            [
              -38.92853539999993,
              -3.875344699999971
            ],
            [
              -38.935853399999985,
              -3.8755314999999655
            ],
            [
              -38.93753849999996,
              -3.881466699999976
            ],
            [
              -38.938351299999965,
              -3.8843296999999666
            ],
            [
              -38.94415189999995,
              -3.8949267999999506
            ],
            [
              -38.94872509999993,
              -3.901741299999969
            ],
            [
              -38.95018779999998,
              -3.9031592999999702
            ],
            [
              -38.95174399999996,
              -3.904295799999943
            ],
            [
              -38.95386629999996,
              -3.9051482999999507
            ],
            [
              -38.95683779999996,
              -3.9059045999999285
            ],
            [
              -38.96107639999997,
              -3.9058542999999304
            ],
            [
              -38.96095239999994,
              -3.90616069999993
            ],
            [
              -38.96118119999994,
              -3.906409599999961
            ],
            [
              -38.96150529999994,
              -3.906668199999956
            ],
            [
              -38.961753199999976,
              -3.90684049999993
            ],
            [
              -38.961949499999946,
              -3.907089499999927
            ],
            [
              -38.96193039999997,
              -3.9077788999999257
            ],
            [
              -38.961625399999946,
              -3.908200099999931
            ],
            [
              -38.961139199999934,
              -3.90873629999993
            ],
            [
              -38.960595799999965,
              -3.909033099999931
            ],
            [
              -38.960681499999964,
              -3.910000099999934
            ],
            [
              -38.960729199999946,
              -3.910316099999932
            ],
            [
              -38.960520299999985,
              -3.9106241999999725
            ],
            [
              -38.95998549999996,
              -3.9111777999999617
            ],
            [
              -38.95953749999995,
              -3.9116277999999625
            ],
            [
              -38.95914659999994,
              -3.912183099999936
            ],
            [
              -38.958875699999965,
              -3.912814399999945
            ],
            [
              -38.95862539999996,
              -3.9132092999999486
            ],
            [
              -38.95829809999998,
              -3.9137915999999677
            ],
            [
              -38.95815499999998,
              -3.9144425999999726
            ],
            [
              -38.95849819999995,
              -3.9149596999999403
            ],
            [
              -38.95870789999998,
              -3.9156107999999676
            ],
            [
              -38.95906059999993,
              -3.9161181999999712
            ],
            [
              -38.959659999999985,
              -3.9162575999999376
            ],
            [
              -38.960148499999946,
              -3.9164131999999654
            ],
            [
              -38.96061329999998,
              -3.9167483999999604
            ],
            [
              -38.960982599999966,
              -3.9173706999999354
            ],
            [
              -38.96115779999997,
              -3.918272599999966
            ],
            [
              -38.96128169999997,
              -3.9191726999999332
            ],
            [
              -38.96175829999993,
              -3.919794999999965
            ],
            [
              -38.962225399999966,
              -3.9202545999999643
            ],
            [
              -38.962414499999966,
              -3.921180399999969
            ],
            [
              -38.96248589999993,
              -3.92182669999994
            ],
            [
              -38.962501799999984,
              -3.9225525999999604
            ]
          ]
        ]
      }
    },
    {
      "type": "Feature",
      "properties": {
        "id": "caucaia:distrito-mirambe",
        "name": "Distrito Mirambé",
        "municipality": "Caucaia",
        "kind": "distrito",
        "source": "IBGE - Malha de Setores Censitarios 2022 agregada por unidade territorial de Caucaia"
      },
      "geometry": {
        "type": "Polygon",
        "coordinates": [
          [
            [
              -38.733565399999975,
              -3.811844199999939
            ],
            [
              -38.73284469999993,
              -3.813756699999942
            ],
            [
              -38.73271829999993,
              -3.8146226999999726
            ],
            [
              -38.733023499999945,
              -3.815524099999948
            ],
            [
              -38.733437099999946,
              -3.81595649999997
            ],
            [
              -38.733489599999984,
              -3.8167871999999647
            ],
            [
              -38.73296899999997,
              -3.8183380999999486
            ],
            [
              -38.73197879999998,
              -3.820610199999976
            ],
            [
              -38.731565399999965,
              -3.8229550999999447
            ],
            [
              -38.731078699999955,
              -3.8236777999999276
            ],
            [
              -38.72863309999997,
              -3.824469699999952
            ],
            [
              -38.72786009999993,
              -3.8245401999999444
            ],
            [
              -38.72694429999996,
              -3.824793399999976
            ],
            [
              -38.725754999999936,
              -3.8254793999999492
            ],
            [
              -38.724855299999945,
              -3.8265250999999694
            ],
            [
              -38.72404739999996,
              -3.8284735999999384
            ],
            [
              -38.72352549999994,
              -3.8290505999999596
            ],
            [
              -38.72167339999993,
              -3.8301311999999257
            ],
            [
              -38.72122239999993,
              -3.8306727999999453
            ],
            [
              -38.71972819999996,
              -3.833414599999969
            ],
            [
              -38.71913639999997,
              -3.834316099999967
            ],
            [
              -38.71854449999995,
              -3.8349311999999713
            ],
            [
              -38.71740999999997,
              -3.8354704999999285
            ],
            [
              -38.715773799999965,
              -3.835720799999933
            ],
            [
              -38.71215449999994,
              -3.8356895999999665
            ],
            [
              -38.71138739999998,
              -3.835683299999971
            ],
            [
              -38.71109899999993,
              -3.8364415999999437
            ],
            [
              -38.71072149999998,
              -3.8369458999999324
            ],
            [
              -38.71016359999993,
              -3.8374156999999514
            ],
            [
              -38.70960589999993,
              -3.839218199999948
            ],
            [
              -38.70926399999996,
              -3.83954499999993
            ],
            [
              -38.708113099999935,
              -3.839796599999943
            ],
            [
              -38.70755719999994,
              -3.8400122999999553
            ],
            [
              -38.70699709999997,
              -3.840408699999955
            ],
            [
              -38.70647489999993,
              -3.8410947999999507
            ],
            [
              -38.70613549999996,
              -3.8420319999999606
            ],
            [
              -38.70564839999997,
              -3.8427178999999683
            ],
            [
              -38.70516299999997,
              -3.8431145999999785
            ],
            [
              -38.70498189999995,
              -3.8437189999999646
            ],
            [
              -38.705033499999956,
              -3.8439614999999776
            ],
            [
              -38.70485579999996,
              -3.847515099999953
            ],
            [
              -38.704513599999984,
              -3.8479116999999405
            ],
            [
              -38.70442719999994,
              -3.8484533999999258
            ],
            [
              -38.70440519999994,
              -3.8492100999999366
            ],
            [
              -38.70460399999996,
              -3.8501130999999305
            ],
            [
              -38.704440699999964,
              -3.8510140999999294
            ],
            [
              -38.70287689999998,
              -3.852672299999938
            ],
            [
              -38.70208459999998,
              -3.854188499999964
            ],
            [
              -38.701940099999945,
              -3.855741299999977
            ],
            [
              -38.70206579999996,
              -3.8564988999999628
            ],
            [
              -38.702605699999935,
              -3.8581936999999584
            ],
            [
              -38.70316209999993,
              -3.8591316999999776
            ],
            [
              -38.70373719999998,
              -3.861116299999935
            ],
            [
              -38.703304499999945,
              -3.8628115999999295
            ],
            [
              -38.70289089999994,
              -3.863316999999938
            ],
            [
              -38.702620999999965,
              -3.8638921999999525
            ],
            [
              -38.702493699999934,
              -3.8647955999999795
            ],
            [
              -38.70251229999997,
              -3.865841199999977
            ],
            [
              -38.70143239999993,
              -3.868944299999953
            ],
            [
              -38.70155699999998,
              -3.869808399999954
            ],
            [
              -38.70135929999998,
              -3.87096379999997
            ],
            [
              -38.70100309999998,
              -3.8715978999999265
            ],
            [
              -38.699949999999944,
              -3.8720841999999607
            ],
            [
              -38.69917579999998,
              -3.871156399999961
            ],
            [
              -38.69881869999995,
              -3.8701688999999533
            ],
            [
              -38.69771689999993,
              -3.8692409999999313
            ],
            [
              -38.69646599999993,
              -3.8683728999999403
            ],
            [
              -38.695632399999965,
              -3.8672056999999427
            ],
            [
              -38.69507169999997,
              -3.8654952999999637
            ],
            [
              -38.692403199999944,
              -3.8611452999999756
            ],
            [
              -38.690151499999956,
              -3.859700099999941
            ],
            [
              -38.68884959999997,
              -3.857823099999962
            ],
            [
              -38.68812859999997,
              -3.8567837999999597
            ],
            [
              -38.68077429999994,
              -3.8440713999999616
            ],
            [
              -38.68073929999997,
              -3.844010899999944
            ],
            [
              -38.67540639999993,
              -3.8347927999999456
            ],
            [
              -38.66955089999993,
              -3.827615099999946
            ],
            [
              -38.66907889999993,
              -3.8276499999999487
            ],
            [
              -38.668449599999974,
              -3.8277199999999425
            ],
            [
              -38.667855299999985,
              -3.82784259999994
            ],
            [
              -38.66755799999993,
              -3.828193699999929
            ],
            [
              -38.66717349999993,
              -3.8281934999999407
            ],
            [
              -38.66701629999994,
              -3.8278949999999554
            ],
            [
              -38.66537359999995,
              -3.8272095999999465
            ],
            [
              -38.66441239999995,
              -3.826928299999963
            ],
            [
              -38.66359069999993,
              -3.827226499999938
            ],
            [
              -38.663066399999934,
              -3.8270330999999373
            ],
            [
              -38.662157399999955,
              -3.8273838999999725
            ],
            [
              -38.66074179999998,
              -3.8269970999999714
            ],
            [
              -38.66019989999995,
              -3.8270319999999742
            ],
            [
              -38.659360799999945,
              -3.8273476999999616
            ],
            [
              -38.65871419999996,
              -3.827031399999953
            ],
            [
              -38.65870169999994,
              -3.8270281999999725
            ],
            [
              -38.658102499999984,
              -3.826873199999966
            ],
            [
              -38.65750809999997,
              -3.8273644999999306
            ],
            [
              -38.657140899999945,
              -3.8275398999999766
            ],
            [
              -38.65693089999996,
              -3.82834749999995
            ],
            [
              -38.656464899999946,
              -3.8288853999999333
            ],
            [
              -38.65637709999993,
              -3.828795899999932
            ],
            [
              -38.65628429999998,
              -3.828740699999969
            ],
            [
              -38.65599929999996,
              -3.8286394999999516
            ],
            [
              -38.65577689999998,
              -3.8285831999999687
            ],
            [
              -38.655393699999934,
              -3.8285255999999777
            ],
            [
              -38.65497919999996,
              -3.8285055999999713
            ],
            [
              -38.65453229999997,
              -3.8284697999999366
            ],
            [
              -38.65426209999998,
              -3.828340199999957
            ],
            [
              -38.65409169999998,
              -3.828278599999976
            ],
            [
              -38.65399729999996,
              -3.828213999999946
            ],
            [
              -38.65387069999997,
              -3.8281275999999593
            ],
            [
              -38.65374479999997,
              -3.8280311999999412
            ],
            [
              -38.653625199999965,
              -3.8279664999999454
            ],
            [
              -38.65351099999998,
              -3.8278357999999457
            ],
            [
              -38.65337239999997,
              -3.827720099999965
            ],
            [
              -38.653315599999985,
              -3.8276623999999515
            ],
            [
              -38.65315119999997,
              -3.827556399999935
            ],
            [
              -38.653013199999975,
              -3.8275674999999296
            ],
            [
              -38.65268659999998,
              -3.8276080999999635
            ],
            [
              -38.65245989999994,
              -3.827640899999949
            ],
            [
              -38.65231869999997,
              -3.8276930999999763
            ],
            [
              -38.651692899999944,
              -3.827879899999971
            ],
            [
              -38.65124959999997,
              -3.8280088999999293
            ],
            [
              -38.65082069999994,
              -3.827936999999963
            ],
            [
              -38.65059199999996,
              -3.8277501999999686
            ],
            [
              -38.65043479999997,
              -3.8275058999999487
            ],
            [
              -38.650177499999984,
              -3.827333499999952
            ],
            [
              -38.64977729999998,
              -3.827089199999932
            ],
            [
              -38.64959149999993,
              -3.8269741999999383
            ],
            [
              -38.64877659999996,
              -3.8267009999999573
            ],
            [
              -38.647906199999966,
              -3.826381099999935
            ],
            [
              -38.64728589999993,
              -3.8262332999999558
            ],
            [
              -38.64696249999997,
              -3.8261973999999555
            ],
            [
              -38.646798399999966,
              -3.82616749999994
            ],
            [
              -38.64651249999997,
              -3.826062199999967
            ],
            [
              -38.646367099999964,
              -3.8259881999999266
            ],
            [
              -38.64615029999993,
              -3.825949499999979
            ],
            [
              -38.64598609999996,
              -3.8259323999999424
            ],
            [
              -38.64580199999995,
              -3.825930099999937
            ],
            [
              -38.645687599999974,
              -3.8259283999999525
            ],
            [
              -38.64540589999996,
              -3.8258939999999484
            ],
            [
              -38.645083399999976,
              -3.82582519999994
            ],
            [
              -38.64489999999995,
              -3.825763399999971
            ],
            [
              -38.644739399999935,
              -3.8257125999999744
            ],
            [
              -38.64454959999995,
              -3.8256950999999617
            ],
            [
              -38.64434579999994,
              -3.825647799999956
            ],
            [
              -38.64419299999997,
              -3.8256458999999268
            ],
            [
              -38.64401579999998,
              -3.8255712999999787
            ],
            [
              -38.64387799999997,
              -3.825483199999951
            ],
            [
              -38.64379809999997,
              -3.825352099999975
            ],
            [
              -38.643677999999966,
              -3.8252402999999617
            ],
            [
              -38.64359469999994,
              -3.8251562999999464
            ],
            [
              -38.64346479999995,
              -3.8249845999999366
            ],
            [
              -38.64324689999995,
              -3.824752599999954
            ],
            [
              -38.643133199999966,
              -3.8246572999999557
            ],
            [
              -38.64303129999996,
              -3.8245306999999684
            ],
            [
              -38.64299269999998,
              -3.8244728999999325
            ],
            [
              -38.64296449999995,
              -3.824445599999933
            ],
            [
              -38.64291579999997,
              -3.8243984999999725
            ],
            [
              -38.642826799999966,
              -3.8243198999999777
            ],
            [
              -38.642734099999984,
              -3.8242803999999637
            ],
            [
              -38.64267419999993,
              -3.8242371999999705
            ],
            [
              -38.64261319999997,
              -3.8241788999999358
            ],
            [
              -38.64259059999995,
              -3.8241276999999627
            ],
            [
              -38.64255849999995,
              -3.8240857999999776
            ],
            [
              -38.64247939999996,
              -3.8240359999999782
            ],
            [
              -38.64242169999994,
              -3.823990599999945
            ],
            [
              -38.64236729999993,
              -3.823980199999937
            ],
            [
              -38.64230119999996,
              -3.8239942999999244
            ],
            [
              -38.64223419999996,
              -3.8240060999999628
            ],
            [
              -38.64218959999994,
              -3.824018199999955
            ],
            [
              -38.64212889999993,
              -3.8240204999999605
            ],
            [
              -38.642011399999944,
              -3.8239732999999774
            ],
            [
              -38.64196939999994,
              -3.8238644999999565
            ],
            [
              -38.64172309999998,
              -3.823782999999935
            ],
            [
              -38.641454899999985,
              -3.82370949999995
            ],
            [
              -38.641270299999974,
              -3.823565799999926
            ],
            [
              -38.64110359999995,
              -3.823308499999939
            ],
            [
              -38.641008399999976,
              -3.8229852999999707
            ],
            [
              -38.64094909999994,
              -3.8224107999999433
            ],
            [
              -38.64096109999997,
              -3.822111599999971
            ],
            [
              -38.64096129999996,
              -3.821770499999957
            ],
            [
              -38.64109849999994,
              -3.821345699999938
            ],
            [
              -38.64116409999997,
              -3.8211840999999254
            ],
            [
              -38.64125349999995,
              -3.82093279999998
            ],
            [
              -38.64152799999994,
              -3.819879799999967
            ],
            [
              -38.64168909999995,
              -3.8194489999999632
            ],
            [
              -38.64182029999995,
              -3.8191198999999756
            ],
            [
              -38.64195739999997,
              -3.818862699999954
            ],
            [
              -38.642106499999954,
              -3.8184976999999662
            ],
            [
              -38.64228529999997,
              -3.818240499999945
            ],
            [
              -38.64236879999993,
              -3.817887399999961
            ],
            [
              -38.64238379999995,
              -3.8176240999999322
            ],
            [
              -38.642393099999936,
              -3.816971899999942
            ],
            [
              -38.642416999999966,
              -3.816654699999958
            ],
            [
              -38.64251239999993,
              -3.816409399999941
            ],
            [
              -38.642846299999974,
              -3.8158769999999436
            ],
            [
              -38.64310859999995,
              -3.815404399999977
            ],
            [
              -38.64325169999995,
              -3.8150812999999744
            ],
            [
              -38.64341269999994,
              -3.814620599999955
            ],
            [
              -38.64344859999994,
              -3.814285499999926
            ],
            [
              -38.643488899999966,
              -3.813781199999937
            ],
            [
              -38.64348469999993,
              -3.813369899999941
            ],
            [
              -38.643484899999976,
              -3.8129270999999676
            ],
            [
              -38.64366989999996,
              -3.8123167999999623
            ],
            [
              -38.64375929999994,
              -3.8120594999999753
            ],
            [
              -38.643955999999946,
              -3.811909999999955
            ],
            [
              -38.64411679999995,
              -3.8118502999999464
            ],
            [
              -38.644349199999965,
              -3.811808499999927
            ],
            [
              -38.644718599999976,
              -3.811766699999964
            ],
            [
              -38.645207099999936,
              -3.811736999999937
            ],
            [
              -38.64588649999996,
              -3.811674299999936
            ],
            [
              -38.64624969999994,
              -3.811504099999979
            ],
            [
              -38.64639269999998,
              -3.811420299999952
            ],
            [
              -38.64661319999993,
              -3.8112647999999467
            ],
            [
              -38.646762199999955,
              -3.811175099999957
            ],
            [
              -38.646780099999944,
              -3.811073399999941
            ],
            [
              -38.64679199999995,
              -3.8109896999999364
            ],
            [
              -38.64681589999998,
              -3.810917899999936
            ],
            [
              -38.64691819999996,
              -3.810815199999979
            ],
            [
              -38.64694559999998,
              -3.81071419999995
            ],
            [
              -38.646897499999966,
              -3.8105926999999724
            ],
            [
              -38.64680519999996,
              -3.8104637999999795
            ],
            [
              -38.64659789999996,
              -3.8103439999999296
            ],
            [
              -38.64645459999997,
              -3.810233099999948
            ],
            [
              -38.64636759999996,
              -3.8101550999999745
            ],
            [
              -38.64634419999993,
              -3.8100593999999433
            ],
            [
              -38.64632759999995,
              -3.8099447999999256
            ],
            [
              -38.646252699999934,
              -3.809892399999967
            ],
            [
              -38.646073899999976,
              -3.80986699999994
            ],
            [
              -38.64603039999997,
              -3.809827999999925
            ],
            [
              -38.646025899999984,
              -3.809738999999979
            ],
            [
              -38.64603999999997,
              -3.809669499999927
            ],
            [
              -38.64604239999994,
              -3.8095552999999427
            ],
            [
              -38.64602569999994,
              -3.8094469999999774
            ],
            [
              -38.64603099999994,
              -3.809127099999955
            ],
            [
              -38.64600389999998,
              -3.8088721999999393
            ],
            [
              -38.645942899999966,
              -3.808710699999949
            ],
            [
              -38.64587469999998,
              -3.8086393999999473
            ],
            [
              -38.64587019999993,
              -3.8085503999999446
            ],
            [
              -38.64580259999997,
              -3.808447299999955
            ],
            [
              -38.64568399999996,
              -3.8083621999999764
            ],
            [
              -38.64561619999995,
              -3.808271799999943
            ],
            [
              -38.645581499999935,
              -3.808112299999948
            ],
            [
              -38.645519699999966,
              -3.808034799999973
            ],
            [
              -38.64539449999995,
              -3.8079622999999287
            ],
            [
              -38.64526859999995,
              -3.8079214999999635
            ],
            [
              -38.64521289999993,
              -3.8078567999999677
            ],
            [
              -38.64512639999998,
              -3.807753299999945
            ],
            [
              -38.64501409999997,
              -3.807609399999933
            ],
            [
              -38.64487839999998,
              -3.807428699999946
            ],
            [
              -38.64473959999998,
              -3.8073938999999655
            ],
            [
              -38.64459439999996,
              -3.8073653999999806
            ],
            [
              -38.64446929999997,
              -3.8072863999999527
            ],
            [
              -38.64441629999993,
              -3.807094799999959
            ],
            [
              -38.64436809999995,
              -3.8069730999999365
            ],
            [
              -38.64423059999996,
              -3.806881199999964
            ],
            [
              -38.64408479999997,
              -3.8068779999999265
            ],
            [
              -38.64392609999993,
              -3.806887299999971
            ],
            [
              -38.64375279999996,
              -3.806985099999963
            ],
            [
              -38.64364139999998,
              -3.8071541999999567
            ],
            [
              -38.64361319999995,
              -3.8072868999999514
            ],
            [
              -38.64352239999994,
              -3.807380299999977
            ],
            [
              -38.643462899999975,
              -3.807493299999976
            ],
            [
              -38.64333279999994,
              -3.8076429999999277
            ],
            [
              -38.64323179999997,
              -3.80762169999997
            ],
            [
              -38.64304139999996,
              -3.8076239999999757
            ],
            [
              -38.64293369999996,
              -3.807615299999952
            ],
            [
              -38.64280119999995,
              -3.80758069999996
            ],
            [
              -38.64273879999996,
              -3.807534799999928
            ],
            [
              -38.64271529999996,
              -3.807445399999949
            ],
            [
              -38.642718299999956,
              -3.807305699999972
            ],
            [
              -38.64272079999995,
              -3.807191399999965
            ],
            [
              -38.64268939999994,
              -3.807093499999951
            ],
            [
              -38.64253809999997,
              -3.807045799999969
            ],
            [
              -38.64242299999995,
              -3.807087699999954
            ],
            [
              -38.64234659999994,
              -3.807098799999949
            ],
            [
              -38.64226439999993,
              -3.8070842999999286
            ],
            [
              -38.64223399999997,
              -3.8070200999999315
            ],
            [
              -38.64219179999998,
              -3.8069174999999404
            ],
            [
              -38.64203969999994,
              -3.8069077999999763
            ],
            [
              -38.641949599999975,
              -3.8069630999999617
            ],
            [
              -38.64186829999994,
              -3.807011799999941
            ],
            [
              -38.64181529999996,
              -3.806946699999969
            ],
            [
              -38.64173279999994,
              -3.806941699999925
            ],
            [
              -38.64168499999994,
              -3.8069533999999408
            ],
            [
              -38.64168079999996,
              -3.8069977999999765
            ],
            [
              -38.64167679999997,
              -3.80703589999996
            ],
            [
              -38.64165429999997,
              -3.807051299999955
            ],
            [
              -38.64159799999993,
              -3.8070118999999636
            ],
            [
              -38.64155269999998,
              -3.806902799999932
            ],
            [
              -38.64149629999997,
              -3.806866599999978
            ],
            [
              -38.64142629999998,
              -3.806874599999958
            ],
            [
              -38.64137449999998,
              -3.806917999999939
            ],
            [
              -38.64131629999997,
              -3.8069675999999504
            ],
            [
              -38.64122679999997,
              -3.8069942999999284
            ],
            [
              -38.64107109999998,
              -3.806850999999938
            ],
            [
              -38.64067469999998,
              -3.806485299999963
            ],
            [
              -38.64039279999997,
              -3.806301099999928
            ],
            [
              -38.640308199999936,
              -3.806245199999978
            ],
            [
              -38.64023649999996,
              -3.8061863999999446
            ],
            [
              -38.64022219999998,
              -3.8061129999999253
            ],
            [
              -38.64029519999997,
              -3.805968299999961
            ],
            [
              -38.64056379999994,
              -3.805742099999975
            ],
            [
              -38.64066289999994,
              -3.80571249999997
            ],
            [
              -38.64075279999997,
              -3.8056148999999664
            ],
            [
              -38.640796799999976,
              -3.8054917999999702
            ],
            [
              -38.64084079999998,
              -3.805365699999925
            ],
            [
              -38.64085709999995,
              -3.805197499999963
            ],
            [
              -38.64086169999996,
              -3.805134099999975
            ],
            [
              -38.64083259999995,
              -3.805009499999926
            ],
            [
              -38.64075769999994,
              -3.8049473999999464
            ],
            [
              -38.64071819999998,
              -3.8049091999999405
            ],
            [
              -38.64062499999994,
              -3.804811799999925
            ],
            [
              -38.64055579999996,
              -3.804778399999975
            ],
            [
              -38.64043879999997,
              -3.8047535999999695
            ],
            [
              -38.64023249999997,
              -3.804745799999978
            ],
            [
              -38.64007219999996,
              -3.8047374999999306
            ],
            [
              -38.63997469999998,
              -3.8046679999999355
            ],
            [
              -38.639867299999935,
              -3.804591499999958
            ],
            [
              -38.63979509999996,
              -3.8045516999999336
            ],
            [
              -38.639684099999954,
              -3.8045428999999444
            ],
            [
              -38.63957889999995,
              -3.804556399999967
            ],
            [
              -38.63951559999998,
              -3.80454229999998
            ],
            [
              -38.63949179999997,
              -3.80446859999995
            ],
            [
              -38.63948949999997,
              -3.8044272999999293
            ],
            [
              -38.63945449999994,
              -3.8042573999999263
            ],
            [
              -38.63943079999996,
              -3.8041773999999577
            ],
            [
              -38.639409299999954,
              -3.8041418999999337
            ],
            [
              -38.63938909999996,
              -3.8040491999999517
            ],
            [
              -38.639392199999975,
              -3.8037012999999433
            ],
            [
              -38.63939449999998,
              -3.803593199999966
            ],
            [
              -38.639396199999965,
              -3.8035136999999395
            ],
            [
              -38.63935689999994,
              -3.803420499999959
            ],
            [
              -38.63935189999995,
              -3.8033567999999605
            ],
            [
              -38.63936529999995,
              -3.8033252999999263
            ],
            [
              -38.63940409999998,
              -3.803295999999932
            ],
            [
              -38.63943279999995,
              -3.8031422999999336
            ],
            [
              -38.63942249999997,
              -3.8030275999999503
            ],
            [
              -38.63939629999993,
              -3.802918899999952
            ],
            [
              -38.63935259999994,
              -3.8028796999999486
            ],
            [
              -38.639260699999966,
              -3.802868099999955
            ],
            [
              -38.63877569999994,
              -3.8026534999999626
            ],
            [
              -38.63871299999994,
              -3.8026106999999456
            ],
            [
              -38.63862789999996,
              -3.8025769999999284
            ],
            [
              -38.638548399999934,
              -3.802578399999959
            ],
            [
              -38.63843079999998,
              -3.802575699999977
            ],
            [
              -38.63833889999995,
              -3.8025608999999463
            ],
            [
              -38.638291799999934,
              -3.8025343999999563
            ],
            [
              -38.63827009999994,
              -3.8025052999999502
            ],
            [
              -38.63815399999993,
              -3.8021560999999338
            ],
            [
              -38.638118599999984,
              -3.8018784999999298
            ],
            [
              -38.63810709999996,
              -3.8018208999999388
            ],
            [
              -38.63810179999996,
              -3.801769899999954
            ],
            [
              -38.63810579999995,
              -3.8017317999999705
            ],
            [
              -38.63811959999998,
              -3.801681199999962
            ],
            [
              -38.63809159999994,
              -3.801609199999973
            ],
            [
              -38.638041199999975,
              -3.801542799999936
            ],
            [
              -38.638003099999935,
              -3.8014925999999605
            ],
            [
              -38.63790289999997,
              -3.801395399999933
            ],
            [
              -38.63777209999995,
              -3.8011922999999683
            ],
            [
              -38.63766719999995,
              -3.8011355999999523
            ],
            [
              -38.637532799999974,
              -3.80110209999998
            ],
            [
              -38.63735589999993,
              -3.80102839999995
            ],
            [
              -38.637252099999955,
              -3.8009324999999308
            ],
            [
              -38.63717829999996,
              -3.800895299999979
            ],
            [
              -38.637120799999934,
              -3.800846999999976
            ],
            [
              -38.64266879999997,
              -3.8009497999999553
            ],
            [
              -38.65922949999998,
              -3.801456799999926
            ],
            [
              -38.66762309999996,
              -3.801721799999939
            ],
            [
              -38.67611299999993,
              -3.8019839999999476
            ],
            [
              -38.690520799999945,
              -3.802428999999961
            ],
            [
              -38.723792999999944,
              -3.8034569999999803
            ],
            [
              -38.72489059999998,
              -3.805005999999935
            ],
            [
              -38.72631249999995,
              -3.806249599999944
            ],
            [
              -38.72709269999996,
              -3.8060742999999775
            ],
            [
              -38.72754239999995,
              -3.8062505999999416
            ],
            [
              -38.72962739999997,
              -3.808271599999955
            ],
            [
              -38.730795299999954,
              -3.808668999999952
            ],
            [
              -38.73209049999997,
              -3.8094981999999504
            ],
            [
              -38.733402799999965,
              -3.811122599999976
            ],
            [
              -38.733565399999975,
              -3.811844199999939
            ]
          ]
        ]
      }
    },
    {
      "type": "Feature",
      "properties": {
        "id": "caucaia:distrito-sitios-novos",
        "name": "Distrito Sítios Novos",
        "municipality": "Caucaia",
        "kind": "distrito",
        "source": "IBGE - Malha de Setores Censitarios 2022 agregada por unidade territorial de Caucaia"
      },
      "geometry": {
        "type": "Polygon",
        "coordinates": [
          [
            [
              -38.99964109999996,
              -3.845299099999977
            ],
            [
              -38.99911689999993,
              -3.845801799999947
            ],
            [
              -38.99849729999994,
              -3.8459453999999482
            ],
            [
              -38.99823509999993,
              -3.8462804999999776
            ],
            [
              -38.99802059999996,
              -3.8467352999999775
            ],
            [
              -38.99799679999995,
              -3.8475969999999506
            ],
            [
              -38.998098599999935,
              -3.8483081999999627
            ],
            [
              -38.99825889999994,
              -3.8491050999999743
            ],
            [
              -38.99770349999994,
              -3.849453599999947
            ],
            [
              -38.997278499999936,
              -3.849897099999964
            ],
            [
              -38.99726529999998,
              -3.850614499999949
            ],
            [
              -38.99691909999996,
              -3.851040399999931
            ],
            [
              -38.99642339999997,
              -3.8513178999999695
            ],
            [
              -38.99573339999995,
              -3.851440499999967
            ],
            [
              -38.99522399999995,
              -3.8517775999999344
            ],
            [
              -38.99462029999995,
              -3.8524408999999764
            ],
            [
              -38.99411229999998,
              -3.853293899999926
            ],
            [
              -38.99327819999996,
              -3.8543231999999534
            ],
            [
              -38.992937799999936,
              -3.8557790999999497
            ],
            [
              -38.992682499999944,
              -3.8565492999999265
            ],
            [
              -38.992372699999976,
              -3.856621099999927
            ],
            [
              -38.99199139999996,
              -3.8563338999999246
            ],
            [
              -38.99209149999996,
              -3.8554343999999787
            ],
            [
              -38.99232499999994,
              -3.854801899999927
            ],
            [
              -38.99203899999998,
              -3.854442899999981
            ],
            [
              -38.991336399999966,
              -3.8544577999999774
            ],
            [
              -38.99076439999993,
              -3.8548599999999738
            ],
            [
              -38.99055469999996,
              -3.855759999999975
            ],
            [
              -38.98994189999996,
              -3.8560705999999527
            ],
            [
              -38.98948909999996,
              -3.856166299999927
            ],
            [
              -38.98890419999998,
              -3.856568799999934
            ],
            [
              -38.98838969999997,
              -3.856913099999929
            ],
            [
              -38.98851869999993,
              -3.857301899999925
            ],
            [
              -38.98865019999994,
              -3.8577094999999417
            ],
            [
              -38.98882759999998,
              -3.858198199999947
            ],
            [
              -38.98850189999996,
              -3.8586184999999773
            ],
            [
              -38.98809689999996,
              -3.858901499999945
            ],
            [
              -38.98808839999998,
              -3.859531299999958
            ],
            [
              -38.98791619999997,
              -3.8602593999999613
            ],
            [
              -38.98734419999994,
              -3.860809999999958
            ],
            [
              -38.986653099999955,
              -3.8606902999999306
            ],
            [
              -38.98624599999994,
              -3.8597429999999804
            ],
            [
              -38.986128399999984,
              -3.859540699999968
            ],
            [
              -38.98590279999996,
              -3.8594556999999554
            ],
            [
              -38.985711299999934,
              -3.8596005999999647
            ],
            [
              -38.98567609999998,
              -3.859876399999962
            ],
            [
              -38.98572369999994,
              -3.860355199999958
            ],
            [
              -38.98550239999997,
              -3.8609493999999245
            ],
            [
              -38.98512789999995,
              -3.861168999999961
            ],
            [
              -38.984770399999945,
              -3.861432299999933
            ],
            [
              -38.98448449999995,
              -3.8618152999999324
            ],
            [
              -38.98429209999995,
              -3.862383799999975
            ],
            [
              -38.98430129999997,
              -3.8630174999999554
            ],
            [
              -38.98430129999997,
              -3.8639940999999567
            ],
            [
              -38.984387399999946,
              -3.8644954999999754
            ],
            [
              -38.985039599999936,
              -3.8642981999999506
            ],
            [
              -38.98555679999998,
              -3.8636822999999367
            ],
            [
              -38.98605729999997,
              -3.863610499999936
            ],
            [
              -38.98629729999993,
              -3.8637379999999553
            ],
            [
              -38.98641749999996,
              -3.864051599999925
            ],
            [
              -38.98693229999998,
              -3.864798399999927
            ],
            [
              -38.98716099999996,
              -3.8654877999999258
            ],
            [
              -38.98724119999997,
              -3.8660324999999602
            ],
            [
              -38.98732199999995,
              -3.8665335999999684
            ],
            [
              -38.98681439999996,
              -3.8669413999999733
            ],
            [
              -38.98670339999995,
              -3.8674983999999313
            ],
            [
              -38.98706699999997,
              -3.8678151999999386
            ],
            [
              -38.98736829999996,
              -3.8681344999999396
            ],
            [
              -38.98754679999996,
              -3.8682778999999528
            ],
            [
              -38.98773289999997,
              -3.8687048999999547
            ],
            [
              -38.98796169999997,
              -3.8690495999999257
            ],
            [
              -38.98820999999998,
              -3.8693285999999603
            ],
            [
              -38.988076099999944,
              -3.8695090999999593
            ],
            [
              -38.98761849999994,
              -3.869738899999959
            ],
            [
              -38.98746699999998,
              -3.8701502999999775
            ],
            [
              -38.98761849999994,
              -3.8706580999999574
            ],
            [
              -38.98748709999995,
              -3.8709830999999326
            ],
            [
              -38.987160899999935,
              -3.8714623999999276
            ],
            [
              -38.98655759999997,
              -3.8713659999999663
            ],
            [
              -38.98591419999997,
              -3.8709111999999664
            ],
            [
              -38.98581789999997,
              -3.8718730999999593
            ],
            [
              -38.985131999999965,
              -3.872074399999974
            ],
            [
              -38.98517889999994,
              -3.8725195999999755
            ],
            [
              -38.98551749999996,
              -3.872742199999948
            ],
            [
              -38.985902599999974,
              -3.8727261999999314
            ],
            [
              -38.98632859999998,
              -3.8730198999999743
            ],
            [
              -38.98684359999993,
              -3.8733287999999675
            ],
            [
              -38.98667679999994,
              -3.8735681999999656
            ],
            [
              -38.986176299999954,
              -3.87366389999994
            ],
            [
              -38.98554139999993,
              -3.8738056999999344
            ],
            [
              -38.985011199999974,
              -3.874206499999957
            ],
            [
              -38.98457399999995,
              -3.8748646999999323
            ],
            [
              -38.98417439999997,
              -3.87502829999994
            ],
            [
              -38.983900699999936,
              -3.875368799999933
            ],
            [
              -38.98424389999997,
              -3.8757708999999636
            ],
            [
              -38.98467489999996,
              -3.876177299999938
            ],
            [
              -38.985056199999974,
              -3.876751699999943
            ],
            [
              -38.98498459999996,
              -3.877637399999969
            ],
            [
              -38.98452979999996,
              -3.8780687999999373
            ],
            [
              -38.984243799999945,
              -3.8781262999999626
            ],
            [
              -38.98369769999994,
              -3.877493799999968
            ],
            [
              -38.98307809999994,
              -3.8770149999999717
            ],
            [
              -38.982768299999975,
              -3.877158599999973
            ],
            [
              -38.98229919999994,
              -3.8777240999999663
            ],
            [
              -38.98195599999997,
              -3.877953899999966
            ],
            [
              -38.981528999999966,
              -3.878020299999946
            ],
            [
              -38.98136219999998,
              -3.8784511999999722
            ],
            [
              -38.98136219999998,
              -3.878977799999973
            ],
            [
              -38.981624299999964,
              -3.879432599999973
            ],
            [
              -38.98188649999997,
              -3.8797676999999453
            ],
            [
              -38.981955899999946,
              -3.8803091999999424
            ],
            [
              -38.98102849999998,
              -3.8804139999999734
            ],
            [
              -38.980766399999936,
              -3.8810841999999752
            ],
            [
              -38.98104939999996,
              -3.8815657999999758
            ],
            [
              -38.98166989999993,
              -3.8818028999999683
            ],
            [
              -38.98171959999996,
              -3.882496499999945
            ],
            [
              -38.98104069999994,
              -3.883239099999969
            ],
            [
              -38.980647499999975,
              -3.8832653999999707
            ],
            [
              -38.980290099999934,
              -3.882690899999943
            ],
            [
              -38.980075599999964,
              -3.8824754999999413
            ],
            [
              -38.97978959999995,
              -3.882654999999943
            ],
            [
              -38.97953929999994,
              -3.8831576999999697
            ],
            [
              -38.97939629999996,
              -3.883516699999973
            ],
            [
              -38.979181799999935,
              -3.8836243999999738
            ],
            [
              -38.97862139999995,
              -3.8838128999999526
            ],
            [
              -38.97821659999994,
              -3.8843424999999456
            ],
            [
              -38.97810939999994,
              -3.8848091999999497
            ],
            [
              -38.978335399999935,
              -3.8851772999999525
            ],
            [
              -38.97895509999995,
              -3.88484219999998
            ],
            [
              -38.979336399999966,
              -3.885057599999925
            ],
            [
              -38.97921719999994,
              -3.8857278999999494
            ],
            [
              -38.97888349999994,
              -3.8862783999999806
            ],
            [
              -38.97862139999995,
              -3.8867570999999543
            ],
            [
              -38.978824299999985,
              -3.887143099999946
            ],
            [
              -38.97888349999994,
              -3.8876427999999805
            ],
            [
              -38.97874049999996,
              -3.8884565999999268
            ],
            [
              -38.97826379999998,
              -3.8885044999999536
            ],
            [
              -38.977810999999974,
              -3.888241199999925
            ],
            [
              -38.97740589999995,
              -3.8885283999999274
            ],
            [
              -38.97740589999995,
              -3.8889592999999536
            ],
            [
              -38.97803779999998,
              -3.8895127999999772
            ],
            [
              -38.97843059999997,
              -3.8898209999999267
            ],
            [
              -38.97862129999993,
              -3.8904672999999548
            ],
            [
              -38.978668899999946,
              -3.890826299999958
            ],
            [
              -38.97881189999998,
              -3.8913768999999547
            ],
            [
              -38.97881189999998,
              -3.8918795999999247
            ],
            [
              -38.97897869999997,
              -3.8923343999999247
            ],
            [
              -38.97926469999993,
              -3.8927891999999247
            ],
            [
              -38.97943719999995,
              -3.8930153999999675
            ],
            [
              -38.97973269999994,
              -3.8931397999999717
            ],
            [
              -38.980152199999964,
              -3.8932929999999715
            ],
            [
              -38.980352299999936,
              -3.8936089999999695
            ],
            [
              -38.98038089999994,
              -3.89405899999997
            ],
            [
              -38.98003769999997,
              -3.894556899999941
            ],
            [
              -38.97958019999993,
              -3.894853699999942
            ],
            [
              -38.97915119999993,
              -3.8950068999999417
            ],
            [
              -38.97860959999997,
              -3.895221699999979
            ],
            [
              -38.978398099999936,
              -3.8953323999999725
            ],
            [
              -38.97832179999995,
              -3.895610099999942
            ],
            [
              -38.97834089999998,
              -3.8961174999999457
            ],
            [
              -38.97812159999995,
              -3.8964813999999706
            ],
            [
              -38.97773069999994,
              -3.8966153999999733
            ],
            [
              -38.97724459999995,
              -3.8965961999999763
            ],
            [
              -38.97692939999996,
              -3.8964423999999553
            ],
            [
              -38.97654869999997,
              -3.896289799999977
            ],
            [
              -38.97568119999994,
              -3.896289799999977
            ],
            [
              -38.97529989999998,
              -3.896490799999981
            ],
            [
              -38.97502339999994,
              -3.89695039999998
            ],
            [
              -38.97468969999994,
              -3.897352499999954
            ],
            [
              -38.97428929999995,
              -3.8977546999999504
            ],
            [
              -38.97387939999993,
              -3.8978407999999263
            ],
            [
              -38.97345999999993,
              -3.8977928999999563
            ],
            [
              -38.97301189999996,
              -3.8977354999999534
            ],
            [
              -38.972821299999964,
              -3.897572699999955
            ],
            [
              -38.97252579999997,
              -3.8973620999999525
            ],
            [
              -38.97225879999996,
              -3.8970747999999276
            ],
            [
              -38.97192519999993,
              -3.8969502999999577
            ],
            [
              -38.97147709999996,
              -3.897093899999959
            ],
            [
              -38.97106659999997,
              -3.8974834999999644
            ],
            [
              -38.97087659999994,
              -3.897735399999931
            ],
            [
              -38.97059059999998,
              -3.898242899999957
            ],
            [
              -38.97020859999998,
              -3.898309299999937
            ],
            [
              -38.96993279999998,
              -3.8980895999999348
            ],
            [
              -38.96985119999994,
              -3.897914299999968
            ],
            [
              -38.96985659999996,
              -3.8972470999999587
            ],
            [
              -38.969743999999935,
              -3.89676529999997
            ],
            [
              -38.969418099999984,
              -3.89652899999993
            ],
            [
              -38.968722199999945,
              -3.8966916999999626
            ],
            [
              -38.96836939999997,
              -3.8969884999999636
            ],
            [
              -38.96823599999993,
              -3.8975341999999387
            ],
            [
              -38.96759899999995,
              -3.8981295999999475
            ],
            [
              -38.96731119999998,
              -3.898721499999965
            ],
            [
              -38.967053799999974,
              -3.8995927999999367
            ],
            [
              -38.966977499999985,
              -3.9002437999999415
            ],
            [
              -38.96684399999998,
              -3.9006554999999707
            ],
            [
              -38.96648179999994,
              -3.9008565999999405
            ],
            [
              -38.96593839999997,
              -3.9009426999999732
            ],
            [
              -38.96550939999997,
              -3.901172499999973
            ],
            [
              -38.96516799999995,
              -3.9018276999999557
            ],
            [
              -38.96479439999996,
              -3.902579899999978
            ],
            [
              -38.964575099999934,
              -3.903211899999974
            ],
            [
              -38.96415559999997,
              -3.9039681999999516
            ],
            [
              -38.96370749999994,
              -3.904322499999978
            ],
            [
              -38.96326899999997,
              -3.904600099999925
            ],
            [
              -38.96334529999996,
              -3.904973499999926
            ],
            [
              -38.96351679999998,
              -3.9054618999999775
            ],
            [
              -38.963297599999976,
              -3.9057107999999516
            ],
            [
              -38.962801799999966,
              -3.9056437999999503
            ],
            [
              -38.962229899999954,
              -3.9055479999999534
            ],
            [
              -38.96180089999996,
              -3.9056628999999248
            ],
            [
              -38.961429099999975,
              -3.9056532999999263
            ],
            [
              -38.96107639999997,
              -3.9058542999999304
            ],
            [
              -38.95683779999996,
              -3.9059045999999285
            ],
            [
              -38.95386629999996,
              -3.9051482999999507
            ],
            [
              -38.95174399999996,
              -3.904295799999943
            ],
            [
              -38.95018779999998,
              -3.9031592999999702
            ],
            [
              -38.94872509999993,
              -3.901741299999969
            ],
            [
              -38.94415189999995,
              -3.8949267999999506
            ],
            [
              -38.938351299999965,
              -3.8843296999999666
            ],
            [
              -38.93753849999996,
              -3.881466699999976
            ],
            [
              -38.935853399999985,
              -3.8755314999999655
            ],
            [
              -38.92853539999993,
              -3.875344699999971
            ],
            [
              -38.92835379999997,
              -3.8753399999999374
            ],
            [
              -38.91820439999998,
              -3.866725199999962
            ],
            [
              -38.918008199999974,
              -3.8665586999999277
            ],
            [
              -38.87411679999997,
              -3.8293118999999365
            ],
            [
              -38.87294989999998,
              -3.827703999999926
            ],
            [
              -38.87171659999996,
              -3.8248285999999325
            ],
            [
              -38.86961729999996,
              -3.82188519999994
            ],
            [
              -38.86842859999996,
              -3.8177546999999663
            ],
            [
              -38.86638249999993,
              -3.810644699999955
            ],
            [
              -38.86668359999993,
              -3.807499299999961
            ],
            [
              -38.87052069999993,
              -3.7999631999999792
            ],
            [
              -38.874922899999945,
              -3.791312499999947
            ],
            [
              -38.875489699999946,
              -3.7868281999999454
            ],
            [
              -38.87652429999997,
              -3.784086699999932
            ],
            [
              -38.876197599999955,
              -3.7806796999999506
            ],
            [
              -38.875292299999956,
              -3.7712414999999737
            ],
            [
              -38.875391399999955,
              -3.7701708999999255
            ],
            [
              -38.87582509999993,
              -3.769166999999925
            ],
            [
              -38.87929319999995,
              -3.765152799999953
            ],
            [
              -38.88099449999993,
              -3.7637489999999616
            ],
            [
              -38.88809639999994,
              -3.7573273999999515
            ],
            [
              -38.89653309999994,
              -3.752913499999977
            ],
            [
              -38.897564399999965,
              -3.752178199999946
            ],
            [
              -38.898266099999944,
              -3.7507730999999467
            ],
            [
              -38.89896649999997,
              -3.748832299999947
            ],
            [
              -38.89946709999998,
              -3.7466249999999377
            ],
            [
              -38.899699099999964,
              -3.744282099999964
            ],
            [
              -38.89960049999996,
              -3.741940599999964
            ],
            [
              -38.89916709999994,
              -3.7395987999999534
            ],
            [
              -38.89820049999997,
              -3.737927299999967
            ],
            [
              -38.896655099999975,
              -3.736870999999951
            ],
            [
              -38.895133699999974,
              -3.7355205999999725
            ],
            [
              -38.893366499999956,
              -3.733244999999954
            ],
            [
              -38.892665799999975,
              -3.7313034999999672
            ],
            [
              -38.89273439999994,
              -3.7260841999999457
            ],
            [
              -38.89296799999994,
              -3.723275499999943
            ],
            [
              -38.89366839999997,
              -3.7214691999999445
            ],
            [
              -38.895568899999944,
              -3.718792199999939
            ],
            [
              -38.905204899999944,
              -3.7008643999999435
            ],
            [
              -38.908738599999936,
              -3.6975872999999524
            ],
            [
              -38.91117339999994,
              -3.6958477999999673
            ],
            [
              -38.91347319999994,
              -3.69504569999998
            ],
            [
              -38.91564159999996,
              -3.6949118999999655
            ],
            [
              -38.91874109999998,
              -3.6954471999999328
            ],
            [
              -38.92204129999993,
              -3.6962488999999437
            ],
            [
              -38.92460799999998,
              -3.6965183999999454
            ],
            [
              -38.926962799999956,
              -3.695964599999968
            ],
            [
              -38.921320299999934,
              -3.6876702999999793
            ],
            [
              -38.92086599999993,
              -3.6846007999999415
            ],
            [
              -38.92124039999993,
              -3.684468099999947
            ],
            [
              -38.92405929999995,
              -3.683404699999926
            ],
            [
              -38.925021999999956,
              -3.6830505999999446
            ],
            [
              -38.92601319999994,
              -3.6826771999999437
            ],
            [
              -38.92703299999994,
              -3.682294299999967
            ],
            [
              -38.92842449999995,
              -3.681767799999932
            ],
            [
              -38.92971109999996,
              -3.6812891999999806
            ],
            [
              -38.93081669999998,
              -3.680858399999977
            ],
            [
              -38.93145529999998,
              -3.6806477999999743
            ],
            [
              -38.93192229999994,
              -3.680552099999943
            ],
            [
              -38.93251319999996,
              -3.6805042999999387
            ],
            [
              -38.93310399999996,
              -3.6806000999999355
            ],
            [
              -38.93371399999995,
              -3.6808586999999306
            ],
            [
              -38.93431439999995,
              -3.681222499999933
            ],
            [
              -38.93513399999995,
              -3.6817204999999262
            ],
            [
              -38.935905899999966,
              -3.682189699999981
            ],
            [
              -38.936658799999975,
              -3.682639799999947
            ],
            [
              -38.93737349999998,
              -3.6830993999999464
            ],
            [
              -38.937973899999974,
              -3.6833579999999415
            ],
            [
              -38.93841229999998,
              -3.6834728999999697
            ],
            [
              -38.93886029999993,
              -3.6835015999999428
            ],
            [
              -38.93936539999993,
              -3.6834537999999384
            ],
            [
              -38.93977519999993,
              -3.683358099999964
            ],
            [
              -38.94020409999996,
              -3.6832335999999373
            ],
            [
              -38.961508599999945,
              -3.711981899999955
            ],
            [
              -38.961208399999975,
              -3.7120680999999536
            ],
            [
              -38.96087959999994,
              -3.7121110999999587
            ],
            [
              -38.96050789999998,
              -3.71222599999993
            ],
            [
              -38.96016469999995,
              -3.712398399999927
            ],
            [
              -38.95993599999997,
              -3.712584999999933
            ],
            [
              -38.95975009999995,
              -3.7129584999999565
            ],
            [
              -38.959649999999954,
              -3.71328879999993
            ],
            [
              -38.959578499999964,
              -3.713604699999962
            ],
            [
              -38.959578499999964,
              -3.7138919999999302
            ],
            [
              -38.95966429999993,
              -3.7142078999999626
            ],
            [
              -38.95976429999996,
              -3.7144664999999577
            ],
            [
              -38.95986439999996,
              -3.714796799999931
            ],
            [
              -38.95986439999996,
              -3.715141499999959
            ],
            [
              -38.95985009999998,
              -3.7154286999999613
            ],
            [
              -38.95993589999995,
              -3.7157159999999294
            ],
            [
              -38.959978699999965,
              -3.7160318999999618
            ],
            [
              -38.96009309999994,
              -3.7166063999999324
            ],
            [
              -38.96023599999995,
              -3.7168792999999596
            ],
            [
              -38.96037899999993,
              -3.7171952999999576
            ],
            [
              -38.960636299999976,
              -3.71745379999993
            ],
            [
              -38.96087929999993,
              -3.7178702999999587
            ],
            [
              -38.96129389999993,
              -3.7182293999999274
            ],
            [
              -38.96140829999996,
              -3.7184447999999293
            ],
            [
              -38.961436799999944,
              -3.7186602999999536
            ],
            [
              -38.961436799999944,
              -3.718947499999956
            ],
            [
              -38.961365299999954,
              -3.719536299999959
            ],
            [
              -38.96126519999996,
              -3.7197373999999286
            ],
            [
              -38.96107939999996,
              -3.7200533999999266
            ],
            [
              -38.960879199999965,
              -3.720340599999929
            ],
            [
              -38.960693299999946,
              -3.7204697999999325
            ],
            [
              -38.96036449999997,
              -3.7206421999999293
            ],
            [
              -38.96006429999994,
              -3.72071399999993
            ],
            [
              -38.95983549999994,
              -3.7207857999999305
            ],
            [
              -38.95942089999994,
              -3.720943699999964
            ],
            [
              -38.95877759999996,
              -3.7211878999999612
            ],
            [
              -38.958405899999946,
              -3.7214003999999363
            ],
            [
              -38.958076999999946,
              -3.721647399999938
            ],
            [
              -38.95771959999996,
              -3.7217335999999364
            ],
            [
              -38.957305099999985,
              -3.721388799999943
            ],
            [
              -38.95706199999995,
              -3.7210728999999674
            ],
            [
              -38.956733199999974,
              -3.7208142999999723
            ],
            [
              -38.95649019999996,
              -3.7204695999999444
            ],
            [
              -38.95629009999993,
              -3.72029729999997
            ],
            [
              -38.956046999999955,
              -3.720139299999971
            ],
            [
              -38.955660999999964,
              -3.7196078999999713
            ],
            [
              -38.95541799999995,
              -3.7194785999999453
            ],
            [
              -38.95494619999994,
              -3.7194928999999775
            ],
            [
              -38.954288599999984,
              -3.7198088999999754
            ],
            [
              -38.953945499999975,
              -3.7201104999999757
            ],
            [
              -38.953688099999965,
              -3.7205412999999794
            ],
            [
              -38.953616599999975,
              -3.72111579999995
            ],
            [
              -38.95360229999994,
              -3.7214029999999525
            ],
            [
              -38.953502199999946,
              -3.721848199999954
            ],
            [
              -38.953287699999976,
              -3.722322199999951
            ],
            [
              -38.95294459999997,
              -3.722681199999954
            ],
            [
              -38.95258709999996,
              -3.722997199999952
            ],
            [
              -38.952229699999975,
              -3.7231550999999286
            ],
            [
              -38.951886599999966,
              -3.7233273999999597
            ],
            [
              -38.95168639999997,
              -3.7234853999999586
            ],
            [
              -38.95162919999996,
              -3.7236864999999284
            ],
            [
              -38.95168639999997,
              -3.72393059999996
            ],
            [
              -38.95174359999993,
              -3.7240454999999315
            ],
            [
              -38.951900799999976,
              -3.7243327999999565
            ],
            [
              -38.952115299999946,
              -3.724591299999929
            ],
            [
              -38.95230109999994,
              -3.7248641999999563
            ],
            [
              -38.952458399999955,
              -3.725122699999929
            ],
            [
              -38.95251549999995,
              -3.725395599999956
            ],
            [
              -38.952386899999965,
              -3.7255678999999304
            ],
            [
              -38.95215809999996,
              -3.7257258999999294
            ],
            [
              -38.951943599999936,
              -3.7258694999999307
            ],
            [
              -38.951629099999934,
              -3.7260992999999303
            ],
            [
              -38.951486099999954,
              -3.7262284999999338
            ],
            [
              -38.95145749999995,
              -3.7265875999999594
            ],
            [
              -38.95145749999995,
              -3.726846099999932
            ],
            [
              -38.95151469999996,
              -3.727032799999961
            ],
            [
              -38.951600499999984,
              -3.7271476999999322
            ],
            [
              -38.95188639999998,
              -3.7272195999999553
            ],
            [
              -38.95208649999995,
              -3.7272625999999605
            ],
            [
              -38.95224379999996,
              -3.7273631999999566
            ],
            [
              -38.95242959999996,
              -3.727592999999956
            ],
            [
              -38.95261549999998,
              -3.727908999999954
            ],
            [
              -38.95277269999997,
              -3.728153099999929
            ],
            [
              -38.95308719999997,
              -3.7284259999999563
            ],
            [
              -38.95338739999994,
              -3.728627099999926
            ],
            [
              -38.95407369999998,
              -3.7287132999999244
            ],
            [
              -38.95475989999994,
              -3.728914399999951
            ],
            [
              -38.95495999999997,
              -3.7292159999999512
            ],
            [
              -38.955088699999976,
              -3.729503299999976
            ],
            [
              -38.95533169999993,
              -3.7299628999999754
            ],
            [
              -38.95547469999997,
              -3.7303218999999785
            ],
            [
              -38.95561759999998,
              -3.7306378999999765
            ],
            [
              -38.955660499999965,
              -3.730867699999976
            ],
            [
              -38.95561759999998,
              -3.7311548999999786
            ],
            [
              -38.95537449999995,
              -3.7314133999999513
            ],
            [
              -38.95521729999996,
              -3.731485199999952
            ],
            [
              -38.954988499999956,
              -3.73160009999998
            ],
            [
              -38.95475979999998,
              -3.731758099999979
            ],
            [
              -38.95457389999996,
              -3.7320883999999523
            ],
            [
              -38.95455959999998,
              -3.7323899999999526
            ],
            [
              -38.95464529999998,
              -3.732749099999978
            ],
            [
              -38.95467389999993,
              -3.7330506999999784
            ],
            [
              -38.954897899999935,
              -3.7337448999999765
            ],
            [
              -38.95506939999996,
              -3.7342044999999757
            ],
            [
              -38.95531719999997,
              -3.734702299999981
            ],
            [
              -38.95579369999996,
              -3.7348746999999776
            ],
            [
              -38.95634649999994,
              -3.7352959999999484
            ],
            [
              -38.95638459999998,
              -3.735678999999948
            ],
            [
              -38.956212999999934,
              -3.7359662999999728
            ],
            [
              -38.95604139999995,
              -3.7365406999999777
            ],
            [
              -38.95602239999994,
              -3.736942899999974
            ],
            [
              -38.956174799999985,
              -3.737364199999945
            ],
            [
              -38.95636549999995,
              -3.7376513999999474
            ],
            [
              -38.95663229999997,
              -3.7380152999999723
            ],
            [
              -38.956727599999965,
              -3.7383215999999493
            ],
            [
              -38.95682289999996,
              -3.738666299999977
            ],
            [
              -38.95682289999996,
              -3.7389918999999736
            ],
            [
              -38.956708499999934,
              -3.7392216999999732
            ],
            [
              -38.95659409999996,
              -3.73960459999995
            ],
            [
              -38.95651779999997,
              -3.7398343999999497
            ],
            [
              -38.95651779999997,
              -3.740217399999949
            ],
            [
              -38.95646059999996,
              -3.7406195999999454
            ],
            [
              -38.956422499999974,
              -3.740983399999948
            ],
            [
              -38.95628899999997,
              -3.7413854999999785
            ],
            [
              -38.95613649999996,
              -3.74150039999995
            ],
            [
              -38.955888699999946,
              -3.741672699999981
            ],
            [
              -38.95573619999993,
              -3.7418258999999807
            ],
            [
              -38.95558369999998,
              -3.742017399999952
            ],
            [
              -38.95560269999993,
              -3.7422663999999486
            ],
            [
              -38.955583599999954,
              -3.742802499999925
            ],
            [
              -38.95585049999994,
              -3.7431088999999247
            ],
            [
              -38.95647949999994,
              -3.7434919999999465
            ],
            [
              -38.95687979999997,
              -3.7436451999999463
            ],
            [
              -38.95701329999997,
              -3.744047299999977
            ],
            [
              -38.95695609999996,
              -3.744411199999945
            ],
            [
              -38.956727299999955,
              -3.744717499999979
            ],
            [
              -38.95657479999994,
              -3.7447749999999473
            ],
            [
              -38.95632699999993,
              -3.7448898999999756
            ],
            [
              -38.95602199999996,
              -3.7450238999999783
            ],
            [
              -38.95571689999997,
              -3.7453493999999523
            ],
            [
              -38.95564069999995,
              -3.745521799999949
            ],
            [
              -38.955488199999934,
              -3.746172799999954
            ],
            [
              -38.95556439999996,
              -3.746632399999953
            ],
            [
              -38.95562149999995,
              -3.747072899999978
            ],
            [
              -38.95573589999998,
              -3.7476855999999543
            ],
            [
              -38.95575489999993,
              -3.748183499999925
            ],
            [
              -38.95562149999995,
              -3.748451599999953
            ],
            [
              -38.95544989999996,
              -3.7486813999999526
            ],
            [
              -38.95529739999995,
              -3.7490834999999265
            ],
            [
              -38.95544989999996,
              -3.749389899999926
            ],
            [
              -38.955583299999944,
              -3.7496196999999256
            ],
            [
              -38.955754799999966,
              -3.749868699999979
            ],
            [
              -38.955945499999984,
              -3.750117599999953
            ],
            [
              -38.956078899999966,
              -3.750558099999978
            ],
            [
              -38.95602169999995,
              -3.7508260999999266
            ],
            [
              -38.95602159999993,
              -3.7513048999999796
            ],
            [
              -38.956059799999935,
              -3.751477199999954
            ],
            [
              -38.956116899999984,
              -3.7518027999999504
            ],
            [
              -38.95625039999993,
              -3.7522623999999496
            ],
            [
              -38.956440999999984,
              -3.7526070999999774
            ],
            [
              -38.95663159999998,
              -3.7529517999999484
            ],
            [
              -38.956879399999934,
              -3.7532198999999764
            ],
            [
              -38.95703189999995,
              -3.7535645999999474
            ],
            [
              -38.95724149999995,
              -3.7539283999999498
            ],
            [
              -38.957279599999936,
              -3.754387999999949
            ],
            [
              -38.957393999999965,
              -3.7548858999999766
            ],
            [
              -38.95754649999998,
              -3.7554794999999785
            ],
            [
              -38.95771799999994,
              -3.7562454999999773
            ],
            [
              -38.95769889999997,
              -3.7565901999999483
            ],
            [
              -38.95767979999994,
              -3.7568390999999792
            ],
            [
              -38.957546399999956,
              -3.7571071999999504
            ],
            [
              -38.95760349999995,
              -3.7573944999999753
            ],
            [
              -38.95762259999998,
              -3.7576241999999525
            ],
            [
              -38.957813199999975,
              -3.7578348999999776
            ],
            [
              -38.95788939999994,
              -3.758217899999977
            ],
            [
              -38.957908499999974,
              -3.7585816999999793
            ],
            [
              -38.957794099999944,
              -3.7589646999999786
            ],
            [
              -38.95767969999997,
              -3.759405099999981
            ],
            [
              -38.957489099999975,
              -3.7595582999999806
            ],
            [
              -38.95727939999995,
              -3.7595774999999776
            ],
            [
              -38.957050599999945,
              -3.7594625999999494
            ],
            [
              -38.95687909999998,
              -3.7593667999999525
            ],
            [
              -38.956593099999964,
              -3.759405099999981
            ],
            [
              -38.95626899999996,
              -3.759653999999955
            ],
            [
              -38.95613559999998,
              -3.7598837999999546
            ],
            [
              -38.95598309999997,
              -3.760190199999954
            ],
            [
              -38.95577339999994,
              -3.760611499999925
            ],
            [
              -38.955830499999934,
              -3.761205099999927
            ],
            [
              -38.95604019999996,
              -3.7618561999999542
            ],
            [
              -38.956249799999966,
              -3.762468999999953
            ],
            [
              -38.956421399999954,
              -3.7628519999999526
            ],
            [
              -38.95651669999995,
              -3.7631966999999804
            ],
            [
              -38.95651669999995,
              -3.763560499999926
            ],
            [
              -38.95640229999998,
              -3.7639242999999283
            ],
            [
              -38.95628789999995,
              -3.764096699999925
            ],
            [
              -38.956113399999936,
              -3.764400099999932
            ],
            [
              -38.95600189999993,
              -3.7647285999999553
            ],
            [
              -38.95603999999997,
              -3.7651115999999547
            ],
            [
              -38.956249699999944,
              -3.765360499999929
            ],
            [
              -38.95638309999998,
              -3.7654370999999287
            ],
            [
              -38.95668809999995,
              -3.7656094999999254
            ],
            [
              -38.956821599999955,
              -3.765820099999928
            ],
            [
              -38.95689779999998,
              -3.766030799999953
            ],
            [
              -38.956973999999946,
              -3.766298899999981
            ],
            [
              -38.957069299999944,
              -3.7668158999999264
            ],
            [
              -38.95703119999996,
              -3.7672562999999286
            ],
            [
              -38.95705019999997,
              -3.7676967999999533
            ],
            [
              -38.957069299999944,
              -3.7677924999999277
            ],
            [
              -38.95708829999995,
              -3.7683478999999807
            ],
            [
              -38.95739329999998,
              -3.7690180999999257
            ],
            [
              -38.95769829999995,
              -3.769324499999925
            ],
            [
              -38.958117699999946,
              -3.7692287999999508
            ],
            [
              -38.95861329999997,
              -3.7692478999999253
            ],
            [
              -38.95929959999995,
              -3.76961179999995
            ],
            [
              -38.960176399999966,
              -3.7701096999999777
            ],
            [
              -38.961148599999945,
              -3.7708948999999734
            ],
            [
              -38.96358379999998,
              -3.772398599999974
            ],
            [
              -38.96540079999994,
              -3.773236499999939
            ],
            [
              -38.96659219999998,
              -3.7738348999999403
            ],
            [
              -38.973265399999946,
              -3.7756387999999674
            ],
            [
              -38.97555289999997,
              -3.7763281999999663
            ],
            [
              -38.97715419999997,
              -3.777649599999961
            ],
            [
              -38.97846949999996,
              -3.778741099999934
            ],
            [
              -38.97927009999995,
              -3.780349699999931
            ],
            [
              -38.98018509999997,
              -3.7820731999999566
            ],
            [
              -38.980871399999955,
              -3.783451899999932
            ],
            [
              -38.98150039999996,
              -3.7848880999999324
            ],
            [
              -38.982243799999935,
              -3.788105299999927
            ],
            [
              -38.982815699999946,
              -3.790345699999932
            ],
            [
              -38.982815699999946,
              -3.7920116999999323
            ],
            [
              -38.98304439999998,
              -3.79339049999993
            ],
            [
              -38.98304439999998,
              -3.7949989999999616
            ],
            [
              -38.98292989999993,
              -3.796435199999962
            ],
            [
              -38.982758299999944,
              -3.798330999999962
            ],
            [
              -38.98270109999993,
              -3.799537399999963
            ],
            [
              -38.982815399999936,
              -3.8029842999999346
            ],
            [
              -38.98287259999995,
              -3.8049949999999626
            ],
            [
              -38.982872499999985,
              -3.8070630999999366
            ],
            [
              -38.98292969999994,
              -3.8102801999999656
            ],
            [
              -38.98315839999998,
              -3.8125780999999392
            ],
            [
              -38.983101199999965,
              -3.814071799999965
            ],
            [
              -38.98338709999996,
              -3.816139899999939
            ],
            [
              -38.98435929999994,
              -3.8186101999999664
            ],
            [
              -38.984873999999934,
              -3.820046399999967
            ],
            [
              -38.985560299999975,
              -3.8211378999999397
            ],
            [
              -38.98813389999998,
              -3.824757199999965
            ],
            [
              -38.99133669999998,
              -3.8268827999999644
            ],
            [
              -38.99259489999997,
              -3.828261599999962
            ],
            [
              -38.99449379999993,
              -3.8307695999999396
            ],
            [
              -38.99578059999993,
              -3.8303147999999396
            ],
            [
              -38.996519399999954,
              -3.8307695999999396
            ],
            [
              -38.997019799999975,
              -3.8314876999999683
            ],
            [
              -38.99741349999994,
              -3.832536199999936
            ],
            [
              -38.99768499999993,
              -3.8332595999999626
            ],
            [
              -38.997686999999985,
              -3.8338573999999426
            ],
            [
              -38.998657299999934,
              -3.834580899999935
            ],
            [
              -38.999343599999975,
              -3.8353850999999395
            ],
            [
              -38.99964109999996,
              -3.8364903999999456
            ],
            [
              -38.999450499999966,
              -3.8383095999999455
            ],
            [
              -38.99856879999993,
              -3.8391952999999717
            ],
            [
              -38.99811599999998,
              -3.839697899999976
            ],
            [
              -38.99821129999998,
              -3.8402245999999423
            ],
            [
              -38.998256899999944,
              -3.840727799999968
            ],
            [
              -38.998664099999985,
              -3.8412298999999734
            ],
            [
              -38.99899769999996,
              -3.841708599999947
            ],
            [
              -38.99892619999997,
              -3.8424027999999453
            ],
            [
              -38.99917199999993,
              -3.843542799999966
            ],
            [
              -38.999229199999945,
              -3.84394489999994
            ],
            [
              -38.99942669999996,
              -3.844437399999947
            ],
            [
              -38.99964109999996,
              -3.845299099999977
            ]
          ]
        ]
      }
    },
    {
      "type": "Feature",
      "properties": {
        "id": "caucaia:distrito-tucunduba",
        "name": "Distrito Tucunduba",
        "municipality": "Caucaia",
        "kind": "distrito",
        "source": "IBGE - Malha de Setores Censitarios 2022 agregada por unidade territorial de Caucaia"
      },
      "geometry": {
        "type": "Polygon",
        "coordinates": [
          [
            [
              -38.85151029999997,
              -3.839341299999944
            ],
            [
              -38.851409599999954,
              -3.840279799999962
            ],
            [
              -38.85065709999998,
              -3.8417148999999426
            ],
            [
              -38.85038719999994,
              -3.8433451999999306
            ],
            [
              -38.84975499999996,
              -3.8444930999999656
            ],
            [
              -38.84918279999994,
              -3.845215499999938
            ],
            [
              -38.848190099999954,
              -3.8467835999999807
            ],
            [
              -38.84719609999996,
              -3.847871899999973
            ],
            [
              -38.84605209999995,
              -3.84968379999998
            ],
            [
              -38.845060599999954,
              -3.8499846999999363
            ],
            [
              -38.84466889999993,
              -3.8502864999999247
            ],
            [
              -38.84400729999993,
              -3.8524595999999747
            ],
            [
              -38.84349629999997,
              -3.8528815999999324
            ],
            [
              -38.84268259999993,
              -3.853063299999974
            ],
            [
              -38.841931099999954,
              -3.8534863999999516
            ],
            [
              -38.83970489999996,
              -3.85354499999994
            ],
            [
              -38.83889099999993,
              -3.8537869999999543
            ],
            [
              -38.83832019999994,
              -3.8543293999999264
            ],
            [
              -38.838500299999964,
              -3.855718299999978
            ],
            [
              -38.83841069999994,
              -3.856442099999981
            ],
            [
              -38.837838499999975,
              -3.857105899999965
            ],
            [
              -38.83726699999994,
              -3.8575887999999736
            ],
            [
              -38.83687509999993,
              -3.858192899999949
            ],
            [
              -38.83660499999996,
              -3.8592786999999475
            ],
            [
              -38.836513999999966,
              -3.8604252999999744
            ],
            [
              -38.83624409999993,
              -3.86145259999995
            ],
            [
              -38.83579189999995,
              -3.8620555999999624
            ],
            [
              -38.83534059999994,
              -3.862116799999967
            ],
            [
              -38.833595799999955,
              -3.86114989999993
            ],
            [
              -38.83175849999998,
              -3.8612701999999786
            ],
            [
              -38.82712909999998,
              -3.8609689999999546
            ],
            [
              -38.82315529999994,
              -3.858733299999926
            ],
            [
              -38.822523899999965,
              -3.8587940999999546
            ],
            [
              -38.821109999999976,
              -3.859940399999971
            ],
            [
              -38.81906279999998,
              -3.8625357999999324
            ],
            [
              -38.81867089999997,
              -3.86259629999995
            ],
            [
              -38.81804009999996,
              -3.863019599999973
            ],
            [
              -38.81728849999996,
              -3.8631996999999387
            ],
            [
              -38.81596369999994,
              -3.864344899999935
            ],
            [
              -38.814369399999975,
              -3.86446669999998
            ],
            [
              -38.813737199999935,
              -3.86368159999995
            ],
            [
              -38.81259419999998,
              -3.8637412999999583
            ],
            [
              -38.81256429999996,
              -3.862715099999946
            ],
            [
              -38.81307529999998,
              -3.8617505999999366
            ],
            [
              -38.812746699999934,
              -3.8609034999999494
            ],
            [
              -38.81211399999995,
              -3.8605412999999658
            ],
            [
              -38.81066919999995,
              -3.860663099999954
            ],
            [
              -38.81000459999996,
              -3.8603186999999366
            ],
            [
              -38.80847309999996,
              -3.8611439999999675
            ],
            [
              -38.80802069999993,
              -3.8618088999999713
            ],
            [
              -38.80802169999998,
              -3.863136999999938
            ],
            [
              -38.80783949999994,
              -3.8643429999999626
            ],
            [
              -38.807509299999936,
              -3.8650685999999723
            ],
            [
              -38.80675709999997,
              -3.8659728999999743
            ],
            [
              -38.80681649999997,
              -3.8676033999999504
            ],
            [
              -38.806605599999955,
              -3.8687494999999785
            ],
            [
              -38.80621599999995,
              -3.8694748999999433
            ],
            [
              -38.80625889999993,
              -3.870824599999935
            ],
            [
              -38.80630559999997,
              -3.8723123999999416
            ],
            [
              -38.80509909999995,
              -3.874424999999974
            ],
            [
              -38.80485919999995,
              -3.8753302999999732
            ],
            [
              -38.80518969999997,
              -3.875873399999932
            ],
            [
              -38.805672399999935,
              -3.877201899999932
            ],
            [
              -38.805609499999946,
              -3.878771699999959
            ],
            [
              -38.80570159999996,
              -3.879495899999938
            ],
            [
              -38.80621129999997,
              -3.8800376999999457
            ],
            [
              -38.806843699999945,
              -3.8805213999999637
            ],
            [
              -38.807234499999936,
              -3.8831780999999523
            ],
            [
              -38.80654149999998,
              -3.8836001999999326
            ],
            [
              -38.805789999999945,
              -3.885048799999936
            ],
            [
              -38.80464649999993,
              -3.8855329999999526
            ],
            [
              -38.803713399999936,
              -3.8863772999999355
            ],
            [
              -38.802842399999975,
              -3.8877634999999486
            ],
            [
              -38.80124749999993,
              -3.8883087999999475
            ],
            [
              -38.79904949999997,
              -3.888791099999935
            ],
            [
              -38.79673349999996,
              -3.890057699999943
            ],
            [
              -38.79537949999997,
              -3.891264099999944
            ],
            [
              -38.79462569999998,
              -3.892591999999979
            ],
            [
              -38.79495659999998,
              -3.8937998999999763
            ],
            [
              -38.795046499999955,
              -3.8951276999999322
            ],
            [
              -38.794776499999955,
              -3.895610499999975
            ],
            [
              -38.79444609999996,
              -3.896634699999936
            ],
            [
              -38.79447369999997,
              -3.897240599999975
            ],
            [
              -38.79396219999995,
              -3.8980249999999614
            ],
            [
              -38.79320969999998,
              -3.898688899999968
            ],
            [
              -38.79245789999993,
              -3.8991701999999577
            ],
            [
              -38.79224579999993,
              -3.899835699999926
            ],
            [
              -38.79227549999996,
              -3.9006197999999586
            ],
            [
              -38.792006699999945,
              -3.9015245999999593
            ],
            [
              -38.79155319999995,
              -3.902189299999975
            ],
            [
              -38.79062079999994,
              -3.9025503999999387
            ],
            [
              -38.78995979999996,
              -3.903817799999956
            ],
            [
              -38.789147199999945,
              -3.9041809999999373
            ],
            [
              -38.78875599999998,
              -3.904784799999959
            ],
            [
              -38.78854549999994,
              -3.90550879999995
            ],
            [
              -38.78875649999998,
              -3.9067154999999616
            ],
            [
              -38.789446099999964,
              -3.9082861999999636
            ],
            [
              -38.79031909999998,
              -3.9087085999999545
            ],
            [
              -38.79070889999997,
              -3.90949379999995
            ],
            [
              -38.79104069999994,
              -3.909916399999929
            ],
            [
              -38.79113079999996,
              -3.9103992999999377
            ],
            [
              -38.790799799999945,
              -3.9110626999999454
            ],
            [
              -38.78869279999998,
              -3.9125117999999475
            ],
            [
              -38.78800199999995,
              -3.912270699999965
            ],
            [
              -38.786858999999936,
              -3.912330999999938
            ],
            [
              -38.78628629999997,
              -3.912570799999969
            ],
            [
              -38.785597199999984,
              -3.913114299999961
            ],
            [
              -38.784118699999965,
              -3.9138386999999284
            ],
            [
              -38.783306799999934,
              -3.913958999999977
            ],
            [
              -38.782795799999974,
              -3.9143212999999264
            ],
            [
              -38.78183269999994,
              -3.9159510999999725
            ],
            [
              -38.78095969999998,
              -3.9160710999999537
            ],
            [
              -38.78038859999998,
              -3.9163729999999646
            ],
            [
              -38.78011689999994,
              -3.9170373999999697
            ],
            [
              -38.779546799999935,
              -3.917037799999946
            ],
            [
              -38.77879369999994,
              -3.9166139999999245
            ],
            [
              -38.778041299999984,
              -3.916494099999966
            ],
            [
              -38.77698789999994,
              -3.9169149999999604
            ],
            [
              -38.775994399999945,
              -3.916975299999933
            ],
            [
              -38.775001799999984,
              -3.9172765999999797
            ],
            [
              -38.77400869999997,
              -3.91721629999995
            ],
            [
              -38.772505499999966,
              -3.917517499999974
            ],
            [
              -38.771752499999934,
              -3.9178194999999505
            ],
            [
              -38.771240199999966,
              -3.918543399999976
            ],
            [
              -38.77099869999995,
              -3.9213214999999764
            ],
            [
              -38.77044019999994,
              -3.9230298999999604
            ],
            [
              -38.77041859999997,
              -3.923261699999955
            ],
            [
              -38.770427799999936,
              -3.9234020999999757
            ],
            [
              -38.77044919999997,
              -3.9235089999999673
            ],
            [
              -38.77046749999994,
              -3.923612799999944
            ],
            [
              -38.77049809999994,
              -3.923689099999933
            ],
            [
              -38.77053479999995,
              -3.923789799999952
            ],
            [
              -38.770488899999975,
              -3.9238935999999285
            ],
            [
              -38.77043379999998,
              -3.9239606999999523
            ],
            [
              -38.77037869999998,
              -3.9240186999999764
            ],
            [
              -38.77032669999994,
              -3.9240614999999366
            ],
            [
              -38.77027459999994,
              -3.924137799999926
            ],
            [
              -38.77026239999998,
              -3.9242048999999497
            ],
            [
              -38.77030519999994,
              -3.924305699999934
            ],
            [
              -38.770311299999946,
              -3.9243117999999413
            ],
            [
              -38.77029599999997,
              -3.924354499999936
            ],
            [
              -38.770280699999944,
              -3.9244154999999523
            ],
            [
              -38.77033579999994,
              -3.924470499999927
            ],
            [
              -38.77035409999996,
              -3.9245314999999437
            ],
            [
              -38.77035409999996,
              -3.9245467999999732
            ],
            [
              -38.77035719999998,
              -3.924558999999931
            ],
            [
              -38.77035409999996,
              -3.9246047999999405
            ],
            [
              -38.770320399999946,
              -3.924647499999935
            ],
            [
              -38.77025619999995,
              -3.924739099999954
            ],
            [
              -38.770240799999954,
              -3.9247909999999706
            ],
            [
              -38.77035399999994,
              -3.924957099999972
            ],
            [
              -38.770537599999955,
              -3.9250944999999433
            ],
            [
              -38.77073029999997,
              -3.9252502999999592
            ],
            [
              -38.771039299999984,
              -3.9255280999999513
            ],
            [
              -38.77127479999996,
              -3.9257875999999783
            ],
            [
              -38.771531799999934,
              -3.9260775999999282
            ],
            [
              -38.771758199999965,
              -3.926245599999959
            ],
            [
              -38.77191419999997,
              -3.9264378999999394
            ],
            [
              -38.77212709999998,
              -3.9266010999999708
            ],
            [
              -38.77224949999993,
              -3.9266803999999524
            ],
            [
              -38.77235349999995,
              -3.926808699999981
            ],
            [
              -38.77243919999995,
              -3.9269063999999503
            ],
            [
              -38.77252789999994,
              -3.9270437999999785
            ],
            [
              -38.77262879999995,
              -3.927245199999959
            ],
            [
              -38.77273279999997,
              -3.9274314999999547
            ],
            [
              -38.77286429999998,
              -3.927577999999926
            ],
            [
              -38.77305089999993,
              -3.9278344999999604
            ],
            [
              -38.77319939999995,
              -3.9280987999999297
            ],
            [
              -38.773333899999955,
              -3.928324699999962
            ],
            [
              -38.77349909999998,
              -3.9286147999999343
            ],
            [
              -38.77360619999996,
              -3.9288192999999296
            ],
            [
              -38.77367339999995,
              -3.9289871999999377
            ],
            [
              -38.773734599999955,
              -3.9291672999999605
            ],
            [
              -38.77384049999995,
              -3.929352799999947
            ],
            [
              -38.77393829999994,
              -3.9295481999999424
            ],
            [
              -38.77406069999995,
              -3.929709999999943
            ],
            [
              -38.774143299999935,
              -3.929868699999929
            ],
            [
              -38.77421059999995,
              -3.9299938999999426
            ],
            [
              -38.774253399999964,
              -3.930128199999956
            ],
            [
              -38.77428089999995,
              -3.9302441999999473
            ],
            [
              -38.77429619999998,
              -3.930370699999969
            ],
            [
              -38.77433289999993,
              -3.93049579999996
            ],
            [
              -38.77437569999995,
              -3.9305720999999494
            ],
            [
              -38.77445519999998,
              -3.9306819999999334
            ],
            [
              -38.77462039999995,
              -3.930807199999947
            ],
            [
              -38.77484679999998,
              -3.9309659999999553
            ],
            [
              -38.775125199999934,
              -3.9311552999999435
            ],
            [
              -38.775244499999985,
              -3.9312865999999644
            ],
            [
              -38.77535759999995,
              -3.931467199999929
            ],
            [
              -38.775565599999936,
              -3.931854899999962
            ],
            [
              -38.77566959999996,
              -3.932175499999971
            ],
            [
              -38.77573679999995,
              -3.9325386999999523
            ],
            [
              -38.775837699999954,
              -3.9328775999999266
            ],
            [
              -38.77595089999994,
              -3.9332535999999436
            ],
            [
              -38.77597839999993,
              -3.9335069999999632
            ],
            [
              -38.77604249999996,
              -3.9338945999999737
            ],
            [
              -38.776076099999955,
              -3.9341571999999587
            ],
            [
              -38.77613119999995,
              -3.9343860999999265
            ],
            [
              -38.77625649999993,
              -3.9349515999999767
            ],
            [
              -38.77638489999998,
              -3.9355650999999625
            ],
            [
              -38.77642769999994,
              -3.9358795999999643
            ],
            [
              -38.776502799999946,
              -3.9362017999999352
            ],
            [
              -38.77660369999995,
              -3.936531499999944
            ],
            [
              -38.776707699999974,
              -3.936830699999973
            ],
            [
              -38.77671069999997,
              -3.9369557999999643
            ],
            [
              -38.77671069999997,
              -3.93713589999993
            ],
            [
              -38.77671369999996,
              -3.937227499999949
            ],
            [
              -38.77674119999995,
              -3.937404499999957
            ],
            [
              -38.776747299999954,
              -3.937514399999941
            ],
            [
              -38.776786399999935,
              -3.9377670999999737
            ],
            [
              -38.77681469999993,
              -3.9380557999999724
            ],
            [
              -38.77686179999995,
              -3.938375899999926
            ],
            [
              -38.776849099999936,
              -3.938799499999959
            ],
            [
              -38.77686339999997,
              -3.9392599999999334
            ],
            [
              -38.77693569999997,
              -3.9396270999999388
            ],
            [
              -38.77698909999998,
              -3.939950299999964
            ],
            [
              -38.77707399999997,
              -3.940160599999956
            ],
            [
              -38.77711799999997,
              -3.9403488999999468
            ],
            [
              -38.77712109999993,
              -3.940361399999972
            ],
            [
              -38.77712429999997,
              -3.9403676999999675
            ],
            [
              -38.77713369999998,
              -3.940515199999936
            ],
            [
              -38.777102199999945,
              -3.9406626999999617
            ],
            [
              -38.77713669999997,
              -3.94070899999997
            ],
            [
              -38.77719639999998,
              -3.9407465999999545
            ],
            [
              -38.77743859999998,
              -3.940793699999972
            ],
            [
              -38.77757379999997,
              -3.940828299999964
            ],
            [
              -38.77766189999994,
              -3.9408910999999307
            ],
            [
              -38.777715299999954,
              -3.941038599999956
            ],
            [
              -38.77774989999995,
              -3.9412205999999514
            ],
            [
              -38.77776559999995,
              -3.9413805999999454
            ],
            [
              -38.77774359999995,
              -3.9415029999999547
            ],
            [
              -38.77768999999995,
              -3.9417006999999558
            ],
            [
              -38.77738789999995,
              -3.9425712999999405
            ],
            [
              -38.77739419999995,
              -3.942665399999953
            ],
            [
              -38.77747279999994,
              -3.942762699999946
            ],
            [
              -38.777475899999956,
              -3.942841099999953
            ],
            [
              -38.77745699999997,
              -3.942938399999946
            ],
            [
              -38.777365799999984,
              -3.9430450999999493
            ],
            [
              -38.777327999999954,
              -3.9432458999999653
            ],
            [
              -38.77715799999993,
              -3.943861199999958
            ],
            [
              -38.77709199999998,
              -3.944046299999968
            ],
            [
              -38.777101399999935,
              -3.9442282999999634
            ],
            [
              -38.77712329999997,
              -3.9444416999999703
            ],
            [
              -38.777094999999974,
              -3.9446393999999714
            ],
            [
              -38.77704149999994,
              -3.9447962999999504
            ],
            [
              -38.77703829999996,
              -3.944874699999957
            ],
            [
              -38.777079199999946,
              -3.9450193999999783
            ],
            [
              -38.77715459999996,
              -3.9452609999999595
            ],
            [
              -38.77721429999997,
              -3.9454743999999664
            ],
            [
              -38.77730239999994,
              -3.9456407999999783
            ],
            [
              -38.77738729999993,
              -3.945813399999963
            ],
            [
              -38.77744699999994,
              -3.945960899999932
            ],
            [
              -38.77746899999994,
              -3.9461145999999303
            ],
            [
              -38.77750359999993,
              -3.9462212999999338
            ],
            [
              -38.77751609999996,
              -3.946497499999964
            ],
            [
              -38.77743419999996,
              -3.946848999999929
            ],
            [
              -38.77739959999997,
              -3.9470968999999627
            ],
            [
              -38.77739329999997,
              -3.9472976999999787
            ],
            [
              -38.77737429999996,
              -3.9475722999999334
            ],
            [
              -38.77733969999997,
              -3.9478012999999805
            ],
            [
              -38.77730509999998,
              -3.9479769999999803
            ],
            [
              -38.777295599999945,
              -3.9481527999999457
            ],
            [
              -38.77733329999995,
              -3.9485124999999357
            ],
            [
              -38.777361499999984,
              -3.948694499999931
            ],
            [
              -38.77740239999997,
              -3.9489173999999707
            ],
            [
              -38.777468399999975,
              -3.9491118999999344
            ],
            [
              -38.77754699999997,
              -3.949281399999961
            ],
            [
              -38.777638199999956,
              -3.9494382999999402
            ],
            [
              -38.77769159999997,
              -3.9495811999999546
            ],
            [
              -38.77771359999997,
              -3.9497254999999427
            ],
            [
              -38.777719899999965,
              -3.94990439999998
            ],
            [
              -38.77771039999993,
              -3.9501145999999494
            ],
            [
              -38.77771029999997,
              -3.9503718999999364
            ],
            [
              -38.77771659999996,
              -3.9505821999999284
            ],
            [
              -38.77771659999996,
              -3.9506354999999758
            ],
            [
              -38.77762219999994,
              -3.950912199999948
            ],
            [
              -38.77752149999998,
              -3.951119199999937
            ],
            [
              -38.77738929999998,
              -3.9513074999999276
            ],
            [
              -38.77727609999994,
              -3.951476899999932
            ],
            [
              -38.77695749999998,
              -3.951714699999968
            ],
            [
              -38.77658749999995,
              -3.9518167999999605
            ],
            [
              -38.77596579999994,
              -3.95135879999998
            ],
            [
              -38.775698999999975,
              -3.950879999999927
            ],
            [
              -38.77531779999998,
              -3.950496899999962
            ],
            [
              -38.77097679999997,
              -3.9452631999999426
            ],
            [
              -38.76923739999995,
              -3.943634999999972
            ],
            [
              -38.766377499999976,
              -3.9430597999999577
            ],
            [
              -38.76535299999995,
              -3.941958399999976
            ],
            [
              -38.764233299999944,
              -3.940450099999964
            ],
            [
              -38.761374399999966,
              -3.9365715999999793
            ],
            [
              -38.75762359999993,
              -3.932456899999977
            ],
            [
              -38.75703869999995,
              -3.9297484999999597
            ],
            [
              -38.75599059999996,
              -3.9278092999999785
            ],
            [
              -38.75441779999994,
              -3.9274736999999504
            ],
            [
              -38.752689499999974,
              -3.9277869999999666
            ],
            [
              -38.75060399999995,
              -3.929076299999963
            ],
            [
              -38.74941199999995,
              -3.9303445999999553
            ],
            [
              -38.74808839999997,
              -3.9308811999999307
            ],
            [
              -38.74705659999995,
              -3.9318547999999396
            ],
            [
              -38.74578279999997,
              -3.9325428999999303
            ],
            [
              -38.744771999999955,
              -3.933461799999975
            ],
            [
              -38.74406629999993,
              -3.9342083999999318
            ],
            [
              -38.743875499999945,
              -3.9344763999999373
            ],
            [
              -38.74358939999996,
              -3.934782699999971
            ],
            [
              -38.74325929999998,
              -3.9351517999999714
            ],
            [
              -38.740412499999934,
              -3.9321442999999476
            ],
            [
              -38.73719019999993,
              -3.9302110999999513
            ],
            [
              -38.73639599999996,
              -3.9294258999999556
            ],
            [
              -38.73571059999995,
              -3.9263809999999353
            ],
            [
              -38.73534879999994,
              -3.9250595999999405
            ],
            [
              -38.73536859999996,
              -3.922761699999967
            ],
            [
              -38.73512119999998,
              -3.921172199999944
            ],
            [
              -38.73502629999996,
              -3.9198700999999687
            ],
            [
              -38.73563669999993,
              -3.91891279999993
            ],
            [
              -38.735541599999976,
              -3.9181850999999597
            ],
            [
              -38.734950899999944,
              -3.9169593999999393
            ],
            [
              -38.73245459999998,
              -3.9126499999999282
            ],
            [
              -38.73246769999997,
              -3.9098547999999482
            ],
            [
              -38.73178869999998,
              -3.908513599999935
            ],
            [
              -38.730532299999936,
              -3.90683219999994
            ],
            [
              -38.72987729999994,
              -3.9057847999999353
            ],
            [
              -38.72895399999993,
              -3.9049466999999254
            ],
            [
              -38.727732799999956,
              -3.904497499999934
            ],
            [
              -38.726172599999984,
              -3.902276899999947
            ],
            [
              -38.72514179999996,
              -3.90204319999998
            ],
            [
              -38.724307899999985,
              -3.901474399999927
            ],
            [
              -38.72304969999993,
              -3.8953241999999477
            ],
            [
              -38.722284499999944,
              -3.894442399999946
            ],
            [
              -38.72148029999994,
              -3.893873699999972
            ],
            [
              -38.72101209999994,
              -3.89273129999998
            ],
            [
              -38.72085549999997,
              -3.891689299999939
            ],
            [
              -38.71978379999996,
              -3.8893251999999734
            ],
            [
              -38.71891109999996,
              -3.887092399999972
            ],
            [
              -38.71781899999996,
              -3.885375099999976
            ],
            [
              -38.71716419999996,
              -3.883669399999974
            ],
            [
              -38.71624129999998,
              -3.881963599999949
            ],
            [
              -38.715258699999936,
              -3.880676699999981
            ],
            [
              -38.713531399999965,
              -3.879180099999928
            ],
            [
              -38.71189339999995,
              -3.878102399999932
            ],
            [
              -38.71073179999996,
              -3.87753349999997
            ],
            [
              -38.70933199999996,
              -3.8766652999999565
            ],
            [
              -38.70825989999997,
              -3.8757673999999724
            ],
            [
              -38.70733679999995,
              -3.8746000999999524
            ],
            [
              -38.70638369999995,
              -3.8743005999999696
            ],
            [
              -38.70510789999997,
              -3.874789699999951
            ],
            [
              -38.70411939999997,
              -3.875167499999975
            ],
            [
              -38.703017099999954,
              -3.8753465999999435
            ],
            [
              -38.70245139999997,
              -3.8747180999999387
            ],
            [
              -38.70146859999994,
              -3.8740594999999303
            ],
            [
              -38.70063479999993,
              -3.87301199999996
            ],
            [
              -38.699949999999944,
              -3.8720841999999607
            ],
            [
              -38.70100309999998,
              -3.8715978999999265
            ],
            [
              -38.70135929999998,
              -3.87096379999997
            ],
            [
              -38.70155699999998,
              -3.869808399999954
            ],
            [
              -38.70143239999993,
              -3.868944299999953
            ],
            [
              -38.70251229999997,
              -3.865841199999977
            ],
            [
              -38.702493699999934,
              -3.8647955999999795
            ],
            [
              -38.702620999999965,
              -3.8638921999999525
            ],
            [
              -38.70289089999994,
              -3.863316999999938
            ],
            [
              -38.703304499999945,
              -3.8628115999999295
            ],
            [
              -38.70373719999998,
              -3.861116299999935
            ],
            [
              -38.70316209999993,
              -3.8591316999999776
            ],
            [
              -38.702605699999935,
              -3.8581936999999584
            ],
            [
              -38.70206579999996,
              -3.8564988999999628
            ],
            [
              -38.701940099999945,
              -3.855741299999977
            ],
            [
              -38.70208459999998,
              -3.854188499999964
            ],
            [
              -38.70287689999998,
              -3.852672299999938
            ],
            [
              -38.704440699999964,
              -3.8510140999999294
            ],
            [
              -38.70460399999996,
              -3.8501130999999305
            ],
            [
              -38.70440519999994,
              -3.8492100999999366
            ],
            [
              -38.70442719999994,
              -3.8484533999999258
            ],
            [
              -38.704513599999984,
              -3.8479116999999405
            ],
            [
              -38.70485579999996,
              -3.847515099999953
            ],
            [
              -38.705033499999956,
              -3.8439614999999776
            ],
            [
              -38.70498189999995,
              -3.8437189999999646
            ],
            [
              -38.70516299999997,
              -3.8431145999999785
            ],
            [
              -38.70564839999997,
              -3.8427178999999683
            ],
            [
              -38.70613549999996,
              -3.8420319999999606
            ],
            [
              -38.70647489999993,
              -3.8410947999999507
            ],
            [
              -38.70699709999997,
              -3.840408699999955
            ],
            [
              -38.70755719999994,
              -3.8400122999999553
            ],
            [
              -38.708113099999935,
              -3.839796599999943
            ],
            [
              -38.70926399999996,
              -3.83954499999993
            ],
            [
              -38.70960589999993,
              -3.839218199999948
            ],
            [
              -38.71016359999993,
              -3.8374156999999514
            ],
            [
              -38.71072149999998,
              -3.8369458999999324
            ],
            [
              -38.71109899999993,
              -3.8364415999999437
            ],
            [
              -38.71138739999998,
              -3.835683299999971
            ],
            [
              -38.71215449999994,
              -3.8356895999999665
            ],
            [
              -38.715773799999965,
              -3.835720799999933
            ],
            [
              -38.71740999999997,
              -3.8354704999999285
            ],
            [
              -38.71854449999995,
              -3.8349311999999713
            ],
            [
              -38.71913639999997,
              -3.834316099999967
            ],
            [
              -38.71972819999996,
              -3.833414599999969
            ],
            [
              -38.72122239999993,
              -3.8306727999999453
            ],
            [
              -38.72167339999993,
              -3.8301311999999257
            ],
            [
              -38.72352549999994,
              -3.8290505999999596
            ],
            [
              -38.72404739999996,
              -3.8284735999999384
            ],
            [
              -38.724855299999945,
              -3.8265250999999694
            ],
            [
              -38.725754999999936,
              -3.8254793999999492
            ],
            [
              -38.72694429999996,
              -3.824793399999976
            ],
            [
              -38.72786009999993,
              -3.8245401999999444
            ],
            [
              -38.72863309999997,
              -3.824469699999952
            ],
            [
              -38.731078699999955,
              -3.8236777999999276
            ],
            [
              -38.731565399999965,
              -3.8229550999999447
            ],
            [
              -38.73197879999998,
              -3.820610199999976
            ],
            [
              -38.73296899999997,
              -3.8183380999999486
            ],
            [
              -38.733489599999984,
              -3.8167871999999647
            ],
            [
              -38.733437099999946,
              -3.81595649999997
            ],
            [
              -38.733023499999945,
              -3.815524099999948
            ],
            [
              -38.73271829999993,
              -3.8146226999999726
            ],
            [
              -38.73284469999993,
              -3.813756699999942
            ],
            [
              -38.733565399999975,
              -3.811844199999939
            ],
            [
              -38.733402799999965,
              -3.811122599999976
            ],
            [
              -38.73209049999997,
              -3.8094981999999504
            ],
            [
              -38.730795299999954,
              -3.808668999999952
            ],
            [
              -38.72962739999997,
              -3.808271599999955
            ],
            [
              -38.72754239999995,
              -3.8062505999999416
            ],
            [
              -38.72709269999996,
              -3.8060742999999775
            ],
            [
              -38.72631249999995,
              -3.806249599999944
            ],
            [
              -38.72489059999998,
              -3.805005999999935
            ],
            [
              -38.723792999999944,
              -3.8034569999999803
            ],
            [
              -38.72427259999995,
              -3.803471399999978
            ],
            [
              -38.72449029999996,
              -3.80323489999995
            ],
            [
              -38.733168999999975,
              -3.7938077999999678
            ],
            [
              -38.74556409999997,
              -3.780341599999929
            ],
            [
              -38.762837099999956,
              -3.76075979999996
            ],
            [
              -38.76213539999998,
              -3.76720169999993
            ],
            [
              -38.763967099999945,
              -3.771414499999935
            ],
            [
              -38.767958799999974,
              -3.773977699999932
            ],
            [
              -38.77030249999996,
              -3.778946299999973
            ],
            [
              -38.77302109999994,
              -3.783446099999935
            ],
            [
              -38.77714599999996,
              -3.7880395999999337
            ],
            [
              -38.78202079999994,
              -3.7919769999999744
            ],
            [
              -38.78483309999996,
              -3.7982579999999757
            ],
            [
              -38.78905169999996,
              -3.8046326999999565
            ],
            [
              -38.794301099999984,
              -3.808623399999931
            ],
            [
              -38.798834099999965,
              -3.812370299999941
            ],
            [
              -38.801268499999935,
              -3.8130409999999415
            ],
            [
              -38.81037169999996,
              -3.812908499999935
            ],
            [
              -38.81107069999996,
              -3.813042699999926
            ],
            [
              -38.81183719999996,
              -3.813778399999933
            ],
            [
              -38.81513619999998,
              -3.8208035999999765
            ],
            [
              -38.81943729999995,
              -3.827227599999958
            ],
            [
              -38.82290339999997,
              -3.830907899999943
            ],
            [
              -38.82720429999995,
              -3.831041999999968
            ],
            [
              -38.83163899999994,
              -3.8308419999999614
            ],
            [
              -38.83837289999997,
              -3.8311777999999777
            ],
            [
              -38.84220829999998,
              -3.8311124999999606
            ],
            [
              -38.84371079999994,
              -3.831380299999978
            ],
            [
              -38.84717779999994,
              -3.832920099999967
            ],
            [
              -38.84887629999997,
              -3.8340563999999517
            ],
            [
              -38.85064529999994,
              -3.8357286999999474
            ],
            [
              -38.85134329999994,
              -3.8370689999999286
            ],
            [
              -38.85151029999997,
              -3.839341299999944
            ]
          ]
        ]
      }
    },
    {
      "type": "Feature",
      "properties": {
        "id": "caucaia:garrote",
        "name": "Garrote",
        "municipality": "Caucaia",
        "kind": "bairro",
        "source": "IBGE - Malha de Setores Censitarios 2022 agregada por unidade territorial de Caucaia"
      },
      "geometry": {
        "type": "MultiPolygon",
        "coordinates": [
          [
            [
              [
                -38.74724229999998,
                -3.6561051999999563
              ],
              [
                -38.74708489999995,
                -3.656124499999976
              ],
              [
                -38.746815599999934,
                -3.6561808999999243
              ],
              [
                -38.74642279999995,
                -3.6563036999999667
              ],
              [
                -38.74600239999995,
                -3.6565235999999572
              ],
              [
                -38.74447299999997,
                -3.65755699999994
              ],
              [
                -38.743453199999976,
                -3.658209799999952
              ],
              [
                -38.74172679999998,
                -3.66019179999995
              ],
              [
                -38.738936999999964,
                -3.663880899999981
              ],
              [
                -38.73822119999994,
                -3.6649086999999554
              ],
              [
                -38.73709249999996,
                -3.66670739999995
              ],
              [
                -38.73494509999995,
                -3.670167099999958
              ],
              [
                -38.73438529999993,
                -3.6706717999999796
              ],
              [
                -38.73231109999995,
                -3.671691399999929
              ],
              [
                -38.73220119999996,
                -3.671745499999929
              ],
              [
                -38.73027399999995,
                -3.6726631999999313
              ],
              [
                -38.72906269999993,
                -3.6731862999999407
              ],
              [
                -38.72452929999997,
                -3.675214399999959
              ],
              [
                -38.722161599999936,
                -3.6763155999999526
              ],
              [
                -38.721289799999965,
                -3.676765199999977
              ],
              [
                -38.72071169999998,
                -3.677095599999973
              ],
              [
                -38.720298699999944,
                -3.6774718999999436
              ],
              [
                -38.718573499999934,
                -3.679628399999956
              ],
              [
                -38.718123799999944,
                -3.680160699999931
              ],
              [
                -38.717718599999955,
                -3.680636799999945
              ],
              [
                -38.71744819999998,
                -3.6796721999999704
              ],
              [
                -38.71720739999995,
                -3.678171299999974
              ],
              [
                -38.71704989999995,
                -3.6777549999999337
              ],
              [
                -38.71703309999998,
                -3.676900099999955
              ],
              [
                -38.71685309999998,
                -3.676444599999968
              ],
              [
                -38.71680809999998,
                -3.675972099999967
              ],
              [
                -38.71668999999997,
                -3.675595299999941
              ],
              [
                -38.71667309999998,
                -3.6750496999999314
              ],
              [
                -38.71643689999996,
                -3.6745884999999703
              ],
              [
                -38.71618939999996,
                -3.6733679999999254
              ],
              [
                -38.71617269999996,
                -3.6733255999999415
              ],
              [
                -38.71605439999996,
                -3.673024899999973
              ],
              [
                -38.715707099999975,
                -3.6693768999999747
              ],
              [
                -38.715534899999966,
                -3.667302799999959
              ],
              [
                -38.71527309999993,
                -3.6641497999999615
              ],
              [
                -38.714916399999936,
                -3.660453099999927
              ],
              [
                -38.714895799999965,
                -3.658080699999971
              ],
              [
                -38.71391429999994,
                -3.6477457999999388
              ],
              [
                -38.71427429999994,
                -3.646564699999942
              ],
              [
                -38.71480299999996,
                -3.6457884999999806
              ],
              [
                -38.71415049999996,
                -3.6457547999999633
              ],
              [
                -38.71408309999998,
                -3.6453952999999615
              ],
              [
                -38.713526799999954,
                -3.6424279999999385
              ],
              [
                -38.71300199999996,
                -3.6397349999999733
              ],
              [
                -38.71266559999998,
                -3.638284399999975
              ],
              [
                -38.71260509999996,
                -3.6381109999999808
              ],
              [
                -38.71255209999998,
                -3.637693899999931
              ],
              [
                -38.71247119999998,
                -3.6368788999999424
              ],
              [
                -38.71364609999995,
                -3.6365120999999476
              ],
              [
                -38.71454699999998,
                -3.6361777999999276
              ],
              [
                -38.71535249999994,
                -3.6358681999999476
              ],
              [
                -38.716223499999955,
                -3.6355797999999595
              ],
              [
                -38.71711929999998,
                -3.635247999999933
              ],
              [
                -38.71873879999998,
                -3.6342436999999563
              ],
              [
                -38.72032359999997,
                -3.633278999999959
              ],
              [
                -38.721081899999945,
                -3.632770199999925
              ],
              [
                -38.721870199999955,
                -3.6321552999999653
              ],
              [
                -38.72266029999997,
                -3.631573499999945
              ],
              [
                -38.72345199999995,
                -3.6310108999999784
              ],
              [
                -38.72423299999997,
                -3.630509899999936
              ],
              [
                -38.72576929999997,
                -3.629500299999961
              ],
              [
                -38.72798219999993,
                -3.6288697999999613
              ],
              [
                -38.72798859999995,
                -3.628867599999978
              ],
              [
                -38.729861599999936,
                -3.628202599999952
              ],
              [
                -38.72989119999994,
                -3.6281924999999546
              ],
              [
                -38.73148459999993,
                -3.62764599999997
              ],
              [
                -38.73319729999997,
                -3.6270703999999796
              ],
              [
                -38.73686589999994,
                -3.626175699999976
              ],
              [
                -38.73713619999995,
                -3.626949599999932
              ],
              [
                -38.738085199999944,
                -3.6293066999999724
              ],
              [
                -38.738668099999984,
                -3.63106879999998
              ],
              [
                -38.739072799999974,
                -3.632270799999958
              ],
              [
                -38.73928959999995,
                -3.632902799999954
              ],
              [
                -38.73968499999995,
                -3.6341645999999628
              ],
              [
                -38.73975779999995,
                -3.634384099999977
              ],
              [
                -38.739976799999965,
                -3.635034399999938
              ],
              [
                -38.740249699999936,
                -3.635901199999978
              ],
              [
                -38.74040809999997,
                -3.636452899999938
              ],
              [
                -38.74041639999996,
                -3.6364820999999665
              ],
              [
                -38.740827499999966,
                -3.637722999999937
              ],
              [
                -38.741457999999966,
                -3.6397064999999316
              ],
              [
                -38.73913829999998,
                -3.6396418999999582
              ],
              [
                -38.73929959999998,
                -3.640933099999927
              ],
              [
                -38.73942089999997,
                -3.6414947999999754
              ],
              [
                -38.739720199999965,
                -3.6418131999999446
              ],
              [
                -38.74018049999995,
                -3.642172999999957
              ],
              [
                -38.74044829999997,
                -3.642314399999975
              ],
              [
                -38.740665899999954,
                -3.642864599999939
              ],
              [
                -38.740657899999974,
                -3.6433258999999794
              ],
              [
                -38.74064079999994,
                -3.643729099999973
              ],
              [
                -38.740944199999944,
                -3.6452491999999665
              ],
              [
                -38.74111899999997,
                -3.6455817999999454
              ],
              [
                -38.741602899999975,
                -3.646868099999949
              ],
              [
                -38.74160909999995,
                -3.647329099999979
              ],
              [
                -38.741621899999984,
                -3.6477447999999413
              ],
              [
                -38.74170729999997,
                -3.648210699999936
              ],
              [
                -38.741804799999954,
                -3.648392299999955
              ],
              [
                -38.742021799999975,
                -3.6486545999999294
              ],
              [
                -38.74301779999996,
                -3.649769699999979
              ],
              [
                -38.74383569999998,
                -3.6506832999999688
              ],
              [
                -38.74433499999998,
                -3.6513839999999504
              ],
              [
                -38.746666999999945,
                -3.6551449999999477
              ],
              [
                -38.74724229999998,
                -3.6561051999999563
              ]
            ]
          ],
          [
            [
              [
                -38.715746399999944,
                -3.7061080999999376
              ],
              [
                -38.71573779999994,
                -3.7061140999999793
              ],
              [
                -38.714266899999984,
                -3.7071399999999244
              ],
              [
                -38.71421099999998,
                -3.7071476999999504
              ],
              [
                -38.71416889999995,
                -3.7071119999999382
              ],
              [
                -38.713383799999974,
                -3.7059447999999406
              ],
              [
                -38.712864999999965,
                -3.7057037999999807
              ],
              [
                -38.711373099999946,
                -3.703479899999934
              ],
              [
                -38.71081559999993,
                -3.7038587999999777
              ],
              [
                -38.71071389999997,
                -3.703843499999948
              ],
              [
                -38.70873839999996,
                -3.700907499999971
              ],
              [
                -38.70824769999996,
                -3.7012490999999272
              ],
              [
                -38.70819249999994,
                -3.7012648999999556
              ],
              [
                -38.708125999999936,
                -3.701246099999935
              ],
              [
                -38.70807249999996,
                -3.701189799999952
              ],
              [
                -38.70661249999995,
                -3.6989844999999377
              ],
              [
                -38.70650309999996,
                -3.698795599999926
              ],
              [
                -38.706663599999956,
                -3.6958986999999297
              ],
              [
                -38.70684189999997,
                -3.6959004999999365
              ],
              [
                -38.70755459999998,
                -3.6959531999999626
              ],
              [
                -38.70769399999995,
                -3.6960123999999723
              ],
              [
                -38.710414999999955,
                -3.6979290999999535
              ],
              [
                -38.71111069999995,
                -3.698776099999975
              ],
              [
                -38.71221049999997,
                -3.70011489999996
              ],
              [
                -38.71285199999994,
                -3.7008958999999777
              ],
              [
                -38.71323109999997,
                -3.7015616999999565
              ],
              [
                -38.715170599999965,
                -3.7050672999999392
              ],
              [
                -38.715746399999944,
                -3.7061080999999376
              ]
            ]
          ]
        ]
      }
    },
    {
      "type": "Feature",
      "properties": {
        "id": "caucaia:genipabu",
        "name": "Genipabú",
        "municipality": "Caucaia",
        "kind": "bairro",
        "source": "IBGE - Malha de Setores Censitarios 2022 agregada por unidade territorial de Caucaia"
      },
      "geometry": {
        "type": "MultiPolygon",
        "coordinates": [
          [
            [
              [
                -38.747189499999934,
                -3.7349953999999457
              ],
              [
                -38.74451199999993,
                -3.7364059999999313
              ],
              [
                -38.74349719999998,
                -3.7371398999999315
              ],
              [
                -38.73927079999993,
                -3.7401823999999806
              ],
              [
                -38.736675299999945,
                -3.742052499999943
              ],
              [
                -38.73481349999997,
                -3.7433939999999666
              ],
              [
                -38.73306199999996,
                -3.7446559999999636
              ],
              [
                -38.73202659999998,
                -3.74536889999996
              ],
              [
                -38.72906779999994,
                -3.747406099999978
              ],
              [
                -38.71376329999998,
                -3.757895299999973
              ],
              [
                -38.711303199999975,
                -3.7536444999999503
              ],
              [
                -38.71117399999997,
                -3.7533776999999304
              ],
              [
                -38.709810699999935,
                -3.7509906999999316
              ],
              [
                -38.709501899999964,
                -3.7504498999999782
              ],
              [
                -38.70882039999998,
                -3.749256799999955
              ],
              [
                -38.70836509999998,
                -3.7484593999999447
              ],
              [
                -38.70827379999997,
                -3.7482994999999732
              ],
              [
                -38.708131099999946,
                -3.7480048999999553
              ],
              [
                -38.70797729999998,
                -3.7477697999999577
              ],
              [
                -38.70781499999998,
                -3.7474496999999474
              ],
              [
                -38.70766489999994,
                -3.747228699999937
              ],
              [
                -38.70750819999995,
                -3.7469418999999675
              ],
              [
                -38.70733029999997,
                -3.7466631999999436
              ],
              [
                -38.70728249999996,
                -3.746564899999953
              ],
              [
                -38.707194399999935,
                -3.7463833999999565
              ],
              [
                -38.70698939999994,
                -3.746069699999964
              ],
              [
                -38.70672949999994,
                -3.745822999999973
              ],
              [
                -38.70615129999993,
                -3.7453912999999375
              ],
              [
                -38.70600459999997,
                -3.745325899999955
              ],
              [
                -38.70557679999996,
                -3.7452497999999537
              ],
              [
                -38.705314699999974,
                -3.7450637999999685
              ],
              [
                -38.705195999999944,
                -3.744911399999978
              ],
              [
                -38.70513649999998,
                -3.744269299999928
              ],
              [
                -38.70505929999996,
                -3.743982199999948
              ],
              [
                -38.705008599999985,
                -3.7436766999999804
              ],
              [
                -38.70490389999998,
                -3.743317999999931
              ],
              [
                -38.704958499999975,
                -3.742882799999961
              ],
              [
                -38.705001799999934,
                -3.7426666999999725
              ],
              [
                -38.70494039999994,
                -3.7423888999999804
              ],
              [
                -38.70534599999996,
                -3.7422679999999673
              ],
              [
                -38.70548999999994,
                -3.74221799999998
              ],
              [
                -38.705600999999945,
                -3.7421939999999267
              ],
              [
                -38.70570699999996,
                -3.742198999999971
              ],
              [
                -38.705840999999964,
                -3.742294999999956
              ],
              [
                -38.70589659999996,
                -3.742390499999942
              ],
              [
                -38.70605299999994,
                -3.742614999999944
              ],
              [
                -38.70609099999996,
                -3.7426699999999755
              ],
              [
                -38.70610929999998,
                -3.7426871999999776
              ],
              [
                -38.70615259999994,
                -3.7426931999999624
              ],
              [
                -38.70611659999997,
                -3.742577399999959
              ],
              [
                -38.706034099999954,
                -3.742156399999942
              ],
              [
                -38.70601769999996,
                -3.7417050999999333
              ],
              [
                -38.70599579999998,
                -3.741035199999942
              ],
              [
                -38.70641039999998,
                -3.7410057999999253
              ],
              [
                -38.70640409999993,
                -3.7406108999999788
              ],
              [
                -38.70598209999997,
                -3.740604699999949
              ],
              [
                -38.70597649999996,
                -3.7404288999999267
              ],
              [
                -38.70595449999996,
                -3.7397224999999708
              ],
              [
                -38.70593599999995,
                -3.739080299999955
              ],
              [
                -38.70590199999998,
                -3.737464999999929
              ],
              [
                -38.705861599999935,
                -3.7363983999999277
              ],
              [
                -38.70580819999998,
                -3.7349891999999727
              ],
              [
                -38.705789299999935,
                -3.7345931999999493
              ],
              [
                -38.70573969999998,
                -3.7333822999999597
              ],
              [
                -38.70570809999998,
                -3.7331890999999473
              ],
              [
                -38.70547159999995,
                -3.7331801999999357
              ],
              [
                -38.70547119999998,
                -3.7331715999999346
              ],
              [
                -38.705418099999974,
                -3.732044599999938
              ],
              [
                -38.705433899999946,
                -3.730966399999943
              ],
              [
                -38.70533909999995,
                -3.7309329999999363
              ],
              [
                -38.70485779999996,
                -3.7308470999999486
              ],
              [
                -38.70482999999996,
                -3.72786119999995
              ],
              [
                -38.70482789999994,
                -3.727640299999962
              ],
              [
                -38.704730799999936,
                -3.727064999999925
              ],
              [
                -38.70466159999995,
                -3.7264423999999394
              ],
              [
                -38.70421909999993,
                -3.724294899999961
              ],
              [
                -38.70251399999995,
                -3.7246785999999474
              ],
              [
                -38.70239469999996,
                -3.7242219999999406
              ],
              [
                -38.702493699999934,
                -3.723924899999929
              ],
              [
                -38.70236989999995,
                -3.723677299999963
              ],
              [
                -38.70239469999996,
                -3.723305899999957
              ],
              [
                -38.70246649999996,
                -3.7227309999999534
              ],
              [
                -38.702493699999934,
                -3.7225135999999566
              ],
              [
                -38.702617499999974,
                -3.722216499999945
              ],
              [
                -38.70274129999996,
                -3.721572799999933
              ],
              [
                -38.70311269999996,
                -3.7212509999999384
              ],
              [
                -38.703533499999935,
                -3.7207062999999607
              ],
              [
                -38.70422679999996,
                -3.7205081999999265
              ],
              [
                -38.70479379999995,
                -3.719593599999939
              ],
              [
                -38.70399499999996,
                -3.719016999999951
              ],
              [
                -38.703533999999934,
                -3.718226999999956
              ],
              [
                -38.70293399999997,
                -3.717807999999934
              ],
              [
                -38.70220999999998,
                -3.717668999999944
              ],
              [
                -38.70190299999996,
                -3.7172349999999597
              ],
              [
                -38.70157999999998,
                -3.7168629999999325
              ],
              [
                -38.701194999999984,
                -3.716754999999978
              ],
              [
                -38.700856999999985,
                -3.716645999999969
              ],
              [
                -38.70036399999998,
                -3.715956999999946
              ],
              [
                -38.70007199999998,
                -3.7153529999999364
              ],
              [
                -38.699671999999964,
                -3.7151049999999373
              ],
              [
                -38.699179999999956,
                -3.7142529999999283
              ],
              [
                -38.698856999999975,
                -3.7136639999999375
              ],
              [
                -38.69867199999993,
                -3.713043999999968
              ],
              [
                -38.69854899999996,
                -3.712656999999979
              ],
              [
                -38.69836399999997,
                -3.7120989999999665
              ],
              [
                -38.69819499999994,
                -3.711757999999975
              ],
              [
                -38.69804099999993,
                -3.711292999999955
              ],
              [
                -38.697963999999956,
                -3.7110139999999774
              ],
              [
                -38.69788699999998,
                -3.710850999999934
              ],
              [
                -38.69725599999998,
                -3.710634999999968
              ],
              [
                -38.69700999999998,
                -3.7104799999999614
              ],
              [
                -38.69690299999996,
                -3.710200999999927
              ],
              [
                -38.69667199999998,
                -3.710200999999927
              ],
              [
                -38.69656399999997,
                -3.710386999999969
              ],
              [
                -38.69640999999996,
                -3.710463999999945
              ],
              [
                -38.696117999999956,
                -3.710448999999926
              ],
              [
                -38.695640999999966,
                -3.7102779999999598
              ],
              [
                -38.69557899999995,
                -3.7099059999999326
              ],
              [
                -38.695363999999984,
                -3.709688999999969
              ],
              [
                -38.69499499999995,
                -3.7094569999999294
              ],
              [
                -38.69390199999998,
                -3.709193999999968
              ],
              [
                -38.69299199999995,
                -3.708657999999957
              ],
              [
                -38.69441489999997,
                -3.7078248999999346
              ],
              [
                -38.694953099999964,
                -3.707509699999946
              ],
              [
                -38.69570459999994,
                -3.706810399999938
              ],
              [
                -38.69681499999996,
                -3.706149699999969
              ],
              [
                -38.69740239999993,
                -3.705837699999961
              ],
              [
                -38.69849439999996,
                -3.705241199999932
              ],
              [
                -38.69984339999996,
                -3.704433599999959
              ],
              [
                -38.70011869999996,
                -3.7046629999999254
              ],
              [
                -38.700290999999936,
                -3.7051369999999793
              ],
              [
                -38.70036799999997,
                -3.7053919999999607
              ],
              [
                -38.700444999999945,
                -3.7056559999999763
              ],
              [
                -38.70061399999997,
                -3.70587299999994
              ],
              [
                -38.70073699999995,
                -3.706019999999967
              ],
              [
                -38.70082199999996,
                -3.7062139999999317
              ],
              [
                -38.70099099999993,
                -3.706367999999941
              ],
              [
                -38.701059999999984,
                -3.7064459999999713
              ],
              [
                -38.70127599999995,
                -3.706515999999965
              ],
              [
                -38.701521999999954,
                -3.706639999999936
              ],
              [
                -38.701806999999974,
                -3.7067559999999276
              ],
              [
                -38.70189899999997,
                -3.7069649999999683
              ],
              [
                -38.70192199999997,
                -3.707181999999932
              ],
              [
                -38.70182999999997,
                -3.707328999999959
              ],
              [
                -38.70162199999993,
                -3.7075929999999744
              ],
              [
                -38.70160699999997,
                -3.7077709999999797
              ],
              [
                -38.70160699999997,
                -3.7078639999999723
              ],
              [
                -38.70163699999995,
                -3.7079179999999496
              ],
              [
                -38.701821999999936,
                -3.7080499999999574
              ],
              [
                -38.701990999999964,
                -3.70813499999997
              ],
              [
                -38.70214499999997,
                -3.708242999999925
              ],
              [
                -38.70214499999997,
                -3.708614999999952
              ],
              [
                -38.70219899999995,
                -3.7087779999999384
              ],
              [
                -38.702290999999946,
                -3.7089169999999285
              ],
              [
                -38.70246799999995,
                -3.708994999999959
              ],
              [
                -38.70263699999998,
                -3.709009999999978
              ],
              [
                -38.70278399999995,
                -3.7090179999999577
              ],
              [
                -38.702913999999964,
                -3.7091029999999705
              ],
              [
                -38.703044999999975,
                -3.7093199999999342
              ],
              [
                -38.703198999999984,
                -3.7094979999999396
              ],
              [
                -38.70324499999998,
                -3.7096149999999284
              ],
              [
                -38.703529999999944,
                -3.7098159999999325
              ],
              [
                -38.70388399999996,
                -3.709908999999925
              ],
              [
                -38.703983999999934,
                -3.7099629999999593
              ],
              [
                -38.70423699999998,
                -3.7103269999999497
              ],
              [
                -38.70439899999997,
                -3.710512999999935
              ],
              [
                -38.70450699999998,
                -3.7107069999999567
              ],
              [
                -38.70468399999993,
                -3.710807999999929
              ],
              [
                -38.70516799999996,
                -3.7111019999999257
              ],
              [
                -38.70532999999995,
                -3.711194999999975
              ],
              [
                -38.70536099999998,
                -3.7113339999999653
              ],
              [
                -38.70546099999996,
                -3.7114969999999516
              ],
              [
                -38.70560699999993,
                -3.7116439999999784
              ],
              [
                -38.70572199999998,
                -3.7117679999999496
              ],
              [
                -38.70589899999993,
                -3.7118919999999775
              ],
              [
                -38.70601399999998,
                -3.71199299999995
              ],
              [
                -38.70616099999995,
                -3.7121479999999565
              ],
              [
                -38.70633799999996,
                -3.7123419999999783
              ],
              [
                -38.70659899999998,
                -3.712364999999977
              ],
              [
                -38.70683799999995,
                -3.7124039999999354
              ],
              [
                -38.70693799999998,
                -3.7124039999999354
              ],
              [
                -38.70699099999996,
                -3.7123959999999556
              ],
              [
                -38.70707599999997,
                -3.712364999999977
              ],
              [
                -38.70712199999997,
                -3.7122099999999705
              ],
              [
                -38.70713799999993,
                -3.7120469999999273
              ],
              [
                -38.70709899999997,
                -3.7119389999999726
              ],
              [
                -38.707090999999934,
                -3.7118379999999433
              ],
              [
                -38.70712999999995,
                -3.711736999999971
              ],
              [
                -38.707198999999946,
                -3.711721999999952
              ],
              [
                -38.70729099999994,
                -3.711729999999932
              ],
              [
                -38.70744499999995,
                -3.71184599999998
              ],
              [
                -38.70747599999993,
                -3.711969999999951
              ],
              [
                -38.707483999999965,
                -3.712116999999978
              ],
              [
                -38.707514999999944,
                -3.712240999999949
              ],
              [
                -38.707698999999934,
                -3.7123339999999416
              ],
              [
                -38.707829999999944,
                -3.712441999999953
              ],
              [
                -38.707975999999974,
                -3.712503999999967
              ],
              [
                -38.708121999999946,
                -3.7125349999999457
              ],
              [
                -38.70894499999997,
                -3.7124809999999684
              ],
              [
                -38.70919199999997,
                -3.7124809999999684
              ],
              [
                -38.70931499999995,
                -3.7125199999999268
              ],
              [
                -38.709521999999936,
                -3.71258899999998
              ],
              [
                -38.709637999999984,
                -3.7126899999999523
              ],
              [
                -38.70972999999998,
                -3.7128059999999437
              ],
              [
                -38.70997599999998,
                -3.7128059999999437
              ],
              [
                -38.71008399999994,
                -3.712612999999976
              ],
              [
                -38.71006099999994,
                -3.712488999999948
              ],
              [
                -38.71006099999994,
                -3.7123489999999606
              ],
              [
                -38.710144999999955,
                -3.7122799999999643
              ],
              [
                -38.710260999999946,
                -3.7122329999999693
              ],
              [
                -38.71037599999994,
                -3.7122329999999693
              ],
              [
                -38.71055299999995,
                -3.712310999999943
              ],
              [
                -38.71066899999994,
                -3.712426999999934
              ],
              [
                -38.71067599999998,
                -3.712573999999961
              ],
              [
                -38.71069199999994,
                -3.7127369999999473
              ],
              [
                -38.71080699999993,
                -3.712844999999959
              ],
              [
                -38.71145299999995,
                -3.7130469999999605
              ],
              [
                -38.711675999999954,
                -3.713154999999972
              ],
              [
                -38.71186899999998,
                -3.7132089999999494
              ],
              [
                -38.712091999999984,
                -3.713301999999942
              ],
              [
                -38.71232199999997,
                -3.7133949999999345
              ],
              [
                -38.71259199999997,
                -3.713510999999926
              ],
              [
                -38.712737999999945,
                -3.7135889999999563
              ],
              [
                -38.71291499999995,
                -3.7136279999999715
              ],
              [
                -38.71312199999994,
                -3.7136279999999715
              ],
              [
                -38.71371499999998,
                -3.7137899999999604
              ],
              [
                -38.71387599999997,
                -3.713867999999934
              ],
              [
                -38.71405299999998,
                -3.7139369999999303
              ],
              [
                -38.71417599999995,
                -3.7140299999999797
              ],
              [
                -38.71429199999994,
                -3.7141229999999723
              ],
              [
                -38.71438399999994,
                -3.7141619999999307
              ],
              [
                -38.715022999999974,
                -3.714177999999947
              ],
              [
                -38.71512299999995,
                -3.7140999999999735
              ],
              [
                -38.71526899999998,
                -3.7139839999999253
              ],
              [
                -38.71543799999995,
                -3.7139759999999455
              ],
              [
                -38.71558399999998,
                -3.7139989999999443
              ],
              [
                -38.71566249999995,
                -3.7140214999999444
              ],
              [
                -38.71569199999993,
                -3.7140299999999797
              ],
              [
                -38.71588399999996,
                -3.713991999999962
              ],
              [
                -38.71599199999997,
                -3.7139529999999468
              ],
              [
                -38.716106999999965,
                -3.713867999999934
              ],
              [
                -38.71625299999994,
                -3.7137669999999616
              ],
              [
                -38.71633799999995,
                -3.7137049999999476
              ],
              [
                -38.716568999999936,
                -3.7136659999999324
              ],
              [
                -38.716722999999945,
                -3.713673999999969
              ],
              [
                -38.71685299999996,
                -3.71357299999994
              ],
              [
                -38.71689199999997,
                -3.7134959999999637
              ],
              [
                -38.717037999999945,
                -3.713363999999956
              ],
              [
                -38.71710699999994,
                -3.713278999999943
              ],
              [
                -38.71723799999995,
                -3.7132479999999646
              ],
              [
                -38.71743799999996,
                -3.7132479999999646
              ],
              [
                -38.71760699999993,
                -3.713293999999962
              ],
              [
                -38.71774599999998,
                -3.713301999999942
              ],
              [
                -38.71806899999996,
                -3.7133719999999357
              ],
              [
                -38.71815299999997,
                -3.7134419999999295
              ],
              [
                -38.718222999999966,
                -3.7135889999999563
              ],
              [
                -38.71830699999998,
                -3.7137279999999464
              ],
              [
                -38.718437999999935,
                -3.7137279999999464
              ],
              [
                -38.718583999999964,
                -3.7136899999999287
              ],
              [
                -38.71870699999994,
                -3.713596999999936
              ],
              [
                -38.71874599999995,
                -3.7134419999999295
              ],
              [
                -38.71876099999997,
                -3.7133249999999407
              ],
              [
                -38.718845999999985,
                -3.7132629999999267
              ],
              [
                -38.71894599999996,
                -3.713239999999928
              ],
              [
                -38.71907699999997,
                -3.7132479999999646
              ],
              [
                -38.71922999999998,
                -3.713278999999943
              ],
              [
                -38.71987699999994,
                -3.713944999999967
              ],
              [
                -38.72000699999995,
                -3.7140609999999583
              ],
              [
                -38.720122999999944,
                -3.7141619999999307
              ],
              [
                -38.72036899999995,
                -3.714239999999961
              ],
              [
                -38.72062999999997,
                -3.7144179999999665
              ],
              [
                -38.72081499999996,
                -3.7144799999999805
              ],
              [
                -38.72092299999997,
                -3.714510999999959
              ],
              [
                -38.72097699999995,
                -3.714471999999944
              ],
              [
                -38.72106099999996,
                -3.7144409999999652
              ],
              [
                -38.72121499999997,
                -3.71440999999993
              ],
              [
                -38.721329999999966,
                -3.714448999999945
              ],
              [
                -38.72139999999996,
                -3.7145569999999566
              ],
              [
                -38.72142999999994,
                -3.714672999999948
              ],
              [
                -38.72157699999997,
                -3.714758999999958
              ],
              [
                -38.72171499999996,
                -3.7149369999999635
              ],
              [
                -38.72236099999998,
                -3.7150689999999713
              ],
              [
                -38.722576999999944,
                -3.7151459999999474
              ],
              [
                -38.72273099999995,
                -3.7151539999999272
              ],
              [
                -38.722853999999984,
                -3.7151459999999474
              ],
              [
                -38.72295399999996,
                -3.7150689999999713
              ],
              [
                -38.72296099999994,
                -3.7149759999999787
              ],
              [
                -38.72296899999998,
                -3.7147659999999405
              ],
              [
                -38.72299199999998,
                -3.714657999999929
              ],
              [
                -38.72306099999997,
                -3.7146189999999706
              ],
              [
                -38.723206999999945,
                -3.7145649999999364
              ],
              [
                -38.723368999999934,
                -3.7146039999999516
              ],
              [
                -38.723476999999946,
                -3.7146889999999644
              ],
              [
                -38.723476999999946,
                -3.714858999999933
              ],
              [
                -38.72352299999994,
                -3.714990999999941
              ],
              [
                -38.72374599999995,
                -3.715114999999969
              ],
              [
                -38.72392299999996,
                -3.715114999999969
              ],
              [
                -38.72405399999997,
                -3.7151849999999627
              ],
              [
                -38.72406099999995,
                -3.715300999999954
              ],
              [
                -38.72416099999998,
                -3.715486999999939
              ],
              [
                -38.72434599999997,
                -3.715618999999947
              ],
              [
                -38.724760999999944,
                -3.715757999999937
              ],
              [
                -38.72493099999997,
                -3.7157889999999725
              ],
              [
                -38.72509199999996,
                -3.7158509999999296
              ],
              [
                -38.725214999999935,
                -3.715966999999978
              ],
              [
                -38.725314999999966,
                -3.7161069999999654
              ],
              [
                -38.72554599999995,
                -3.716199999999958
              ],
              [
                -38.72569199999998,
                -3.716261999999972
              ],
              [
                -38.725799999999936,
                -3.716346999999928
              ],
              [
                -38.726084999999955,
                -3.7167109999999752
              ],
              [
                -38.72619199999997,
                -3.716780999999969
              ],
              [
                -38.72634599999998,
                -3.7168119999999476
              ],
              [
                -38.72659999999996,
                -3.7167649999999526
              ],
              [
                -38.72669199999996,
                -3.716694999999959
              ],
              [
                -38.726891999999964,
                -3.7166409999999246
              ],
              [
                -38.72709199999997,
                -3.71667999999994
              ],
              [
                -38.72723799999994,
                -3.7167569999999728
              ],
              [
                -38.72736899999995,
                -3.7169359999999756
              ],
              [
                -38.727453999999966,
                -3.7171449999999595
              ],
              [
                -38.727791999999965,
                -3.7174929999999335
              ],
              [
                -38.727945999999974,
                -3.7175939999999628
              ],
              [
                -38.72816899999998,
                -3.7176559999999768
              ],
              [
                -38.72836199999995,
                -3.7176719999999364
              ],
              [
                -38.72863099999995,
                -3.7176789999999755
              ],
              [
                -38.72875399999998,
                -3.717771999999968
              ],
              [
                -38.72894599999995,
                -3.717888999999957
              ],
              [
                -38.72906199999994,
                -3.717988999999932
              ],
              [
                -38.72928499999995,
                -3.718174999999974
              ],
              [
                -38.72929999999997,
                -3.718290999999965
              ],
              [
                -38.72954599999997,
                -3.71834599999994
              ],
              [
                -38.729645999999946,
                -3.7184309999999527
              ],
              [
                -38.729807999999935,
                -3.718469999999968
              ],
              [
                -38.729961999999944,
                -3.718569999999943
              ],
              [
                -38.730061999999975,
                -3.718670999999972
              ],
              [
                -38.730245999999966,
                -3.7186479999999733
              ],
              [
                -38.73046199999993,
                -3.7186009999999783
              ],
              [
                -38.730714999999975,
                -3.7184459999999717
              ],
              [
                -38.73091499999998,
                -3.7182599999999297
              ],
              [
                -38.731138999999985,
                -3.7181979999999726
              ],
              [
                -38.73131499999994,
                -3.71810499999998
              ],
              [
                -38.73204599999997,
                -3.717888999999957
              ],
              [
                -38.73217699999998,
                -3.7179349999999545
              ],
              [
                -38.73229999999995,
                -3.7180589999999256
              ],
              [
                -38.73234599999995,
                -3.718151999999975
              ],
              [
                -38.73235399999993,
                -3.718275999999946
              ],
              [
                -38.732276999999954,
                -3.7183919999999375
              ],
              [
                -38.732268999999974,
                -3.718546999999944
              ],
              [
                -38.732399999999984,
                -3.7186479999999733
              ],
              [
                -38.73253099999994,
                -3.718717999999967
              ],
              [
                -38.732576999999935,
                -3.7188959999999724
              ],
              [
                -38.73309999999998,
                -3.7193609999999353
              ],
              [
                -38.733131399999934,
                -3.719370999999967
              ],
              [
                -38.73329199999995,
                -3.719421999999952
              ],
              [
                -38.73337699999996,
                -3.7194379999999683
              ],
              [
                -38.73366899999996,
                -3.7193919999999707
              ],
              [
                -38.733776999999975,
                -3.7193919999999707
              ],
              [
                -38.733968999999945,
                -3.719654999999932
              ],
              [
                -38.734122999999954,
                -3.7198099999999386
              ],
              [
                -38.73429299999998,
                -3.7204679999999257
              ],
              [
                -38.734422999999936,
                -3.7207089999999425
              ],
              [
                -38.73459299999996,
                -3.720886999999948
              ],
              [
                -38.73456199999998,
                -3.721017999999958
              ],
              [
                -38.734445999999934,
                -3.721126999999967
              ],
              [
                -38.73431599999998,
                -3.7211889999999244
              ],
              [
                -38.73433099999994,
                -3.7216849999999795
              ],
              [
                -38.73432299999996,
                -3.7218469999999684
              ],
              [
                -38.73441599999995,
                -3.721986999999956
              ],
              [
                -38.73464599999994,
                -3.7220719999999687
              ],
              [
                -38.73459299999996,
                -3.7222809999999527
              ],
              [
                -38.73445399999997,
                -3.72233499999993
              ],
              [
                -38.73433899999998,
                -3.7223739999999452
              ],
              [
                -38.734261999999944,
                -3.7224749999999744
              ],
              [
                -38.734445999999934,
                -3.722815999999966
              ],
              [
                -38.73462299999994,
                -3.722962999999936
              ],
              [
                -38.73456199999998,
                -3.7231409999999414
              ],
              [
                -38.73449299999993,
                -3.723334999999963
              ],
              [
                -38.73449299999993,
                -3.723551999999927
              ],
              [
                -38.734692999999936,
                -3.7237609999999677
              ],
              [
                -38.73486899999995,
                -3.7240399999999454
              ],
              [
                -38.73514599999993,
                -3.724333999999942
              ],
              [
                -38.735284999999976,
                -3.7246909999999502
              ],
              [
                -38.73555399999998,
                -3.7248839999999745
              ],
              [
                -38.735761999999966,
                -3.7250929999999585
              ],
              [
                -38.73605399999997,
                -3.725232999999946
              ],
              [
                -38.736084999999946,
                -3.725488999999925
              ],
              [
                -38.736103999999955,
                -3.725776999999937
              ],
              [
                -38.736242999999945,
                -3.725892999999928
              ],
              [
                -38.73647699999998,
                -3.7260519999999246
              ],
              [
                -38.736584999999934,
                -3.7260519999999246
              ],
              [
                -38.73673899999994,
                -3.7260559999999714
              ],
              [
                -38.73696599999994,
                -3.7261409999999273
              ],
              [
                -38.73714599999994,
                -3.72622199999995
              ],
              [
                -38.73724999999996,
                -3.726477999999929
              ],
              [
                -38.73741999999993,
                -3.7267259999999283
              ],
              [
                -38.73749299999997,
                -3.726957999999968
              ],
              [
                -38.73757299999994,
                -3.7271749999999315
              ],
              [
                -38.73759599999994,
                -3.7272949999999696
              ],
              [
                -38.73792299999997,
                -3.7278589999999667
              ],
              [
                -38.73859999999996,
                -3.7285099999999716
              ],
              [
                -38.738669999999956,
                -3.728664999999978
              ],
              [
                -38.738584999999944,
                -3.72900599999997
              ],
              [
                -38.73851599999995,
                -3.7293149999999287
              ],
              [
                -38.73860799999994,
                -3.730562999999961
              ],
              [
                -38.73879999999997,
                -3.7306319999999573
              ],
              [
                -38.739169999999945,
                -3.73081099999996
              ],
              [
                -38.739315999999974,
                -3.7308799999999565
              ],
              [
                -38.73952299999996,
                -3.7311129999999366
              ],
              [
                -38.73959999999994,
                -3.7313609999999358
              ],
              [
                -38.739607999999976,
                -3.731608999999935
              ],
              [
                -38.73966199999995,
                -3.731739999999945
              ],
              [
                -38.739769999999965,
                -3.7317939999999794
              ],
              [
                -38.74076199999996,
                -3.731739999999945
              ],
              [
                -38.741776999999956,
                -3.731762999999944
              ],
              [
                -38.743176999999946,
                -3.7316939999999477
              ],
              [
                -38.74421599999994,
                -3.731538999999941
              ],
              [
                -38.74443899999994,
                -3.73155399999996
              ],
              [
                -38.74450799999994,
                -3.7317559999999617
              ],
              [
                -38.74444699999998,
                -3.7319729999999254
              ],
              [
                -38.74445399999996,
                -3.7322129999999447
              ],
              [
                -38.74468499999995,
                -3.732514999999978
              ],
              [
                -38.74491599999993,
                -3.7327319999999418
              ],
              [
                -38.74515399999996,
                -3.732979999999941
              ],
              [
                -38.745600999999965,
                -3.733242999999959
              ],
              [
                -38.74580099999997,
                -3.7334059999999454
              ],
              [
                -38.74609299999997,
                -3.733746999999937
              ],
              [
                -38.746230999999966,
                -3.733769999999936
              ],
              [
                -38.746423999999934,
                -3.733722999999941
              ],
              [
                -38.74663099999998,
                -3.733746999999937
              ],
              [
                -38.746730999999954,
                -3.733870999999965
              ],
              [
                -38.74682399999995,
                -3.734071999999969
              ],
              [
                -38.74679299999997,
                -3.734412999999961
              ],
              [
                -38.74675499999995,
                -3.7345829999999296
              ],
              [
                -38.74693099999996,
                -3.734730999999954
              ],
              [
                -38.747189499999934,
                -3.7349953999999457
              ]
            ]
          ],
          [
            [
              [
                -38.69444199999998,
                -3.7327289999999493
              ],
              [
                -38.69441879999994,
                -3.732839799999965
              ],
              [
                -38.69437879999998,
                -3.7329860999999482
              ],
              [
                -38.69405789999996,
                -3.734151299999951
              ],
              [
                -38.69350119999996,
                -3.7363416999999686
              ],
              [
                -38.69340079999995,
                -3.7367797999999652
              ],
              [
                -38.692862299999945,
                -3.7389610999999263
              ],
              [
                -38.69285659999997,
                -3.7389954999999304
              ],
              [
                -38.69284699999997,
                -3.7389969999999266
              ],
              [
                -38.69263399999994,
                -3.7390889999999786
              ],
              [
                -38.69213199999996,
                -3.739108999999928
              ],
              [
                -38.69164999999998,
                -3.73911099999998
              ],
              [
                -38.69111499999997,
                -3.7390889999999786
              ],
              [
                -38.69084099999998,
                -3.7390759999999545
              ],
              [
                -38.69078399999995,
                -3.73878899999994
              ],
              [
                -38.690695999999946,
                -3.738350999999966
              ],
              [
                -38.69064099999997,
                -3.7380289999999263
              ],
              [
                -38.690571999999975,
                -3.7379119999999375
              ],
              [
                -38.69042699999994,
                -3.737833999999964
              ],
              [
                -38.690057999999965,
                -3.73767799999996
              ],
              [
                -38.68962199999993,
                -3.7375529999999344
              ],
              [
                -38.68927599999995,
                -3.737421999999981
              ],
              [
                -38.68895199999997,
                -3.7373549999999796
              ],
              [
                -38.688594999999964,
                -3.7372739999999567
              ],
              [
                -38.68844299999995,
                -3.7373059999999327
              ],
              [
                -38.68849799999998,
                -3.7376239999999257
              ],
              [
                -38.688459999999964,
                -3.737746999999956
              ],
              [
                -38.68836799999997,
                -3.737835999999959
              ],
              [
                -38.68728799999997,
                -3.738192999999967
              ],
              [
                -38.686804999999936,
                -3.73628599999995
              ],
              [
                -38.68638999999996,
                -3.734626999999932
              ],
              [
                -38.68609999999995,
                -3.7335469999999304
              ],
              [
                -38.68593299999998,
                -3.7329559999999447
              ],
              [
                -38.686766999999975,
                -3.7326139999999555
              ],
              [
                -38.687206999999944,
                -3.7324789999999552
              ],
              [
                -38.687621999999976,
                -3.7323859999999627
              ],
              [
                -38.68774399999995,
                -3.7323769999999286
              ],
              [
                -38.68827599999997,
                -3.7323219999999537
              ],
              [
                -38.68911799999995,
                -3.7322509999999625
              ],
              [
                -38.689776999999935,
                -3.732195999999931
              ],
              [
                -38.69073199999997,
                -3.732123999999942
              ],
              [
                -38.69101299999994,
                -3.732106999999928
              ],
              [
                -38.69130699999994,
                -3.7321289999999294
              ],
              [
                -38.691922999999974,
                -3.7322319999999536
              ],
              [
                -38.69266299999998,
                -3.732377999999926
              ],
              [
                -38.693224999999984,
                -3.73248899999993
              ],
              [
                -38.69444199999998,
                -3.7327289999999493
              ]
            ]
          ]
        ]
      }
    },
    {
      "type": "Feature",
      "properties": {
        "id": "caucaia:grilo",
        "name": "Grilo",
        "municipality": "Caucaia",
        "kind": "bairro",
        "source": "IBGE - Malha de Setores Censitarios 2022 agregada por unidade territorial de Caucaia"
      },
      "geometry": {
        "type": "Polygon",
        "coordinates": [
          [
            [
              -38.667719999999974,
              -3.7256819999999493
            ],
            [
              -38.66673899999995,
              -3.725956999999937
            ],
            [
              -38.665715999999975,
              -3.7262269999999376
            ],
            [
              -38.66469299999994,
              -3.726513999999952
            ],
            [
              -38.66371399999997,
              -3.726797999999974
            ],
            [
              -38.66270199999997,
              -3.72705899999994
            ],
            [
              -38.66172599999993,
              -3.7272819999999456
            ],
            [
              -38.66172119999993,
              -3.727260899999976
            ],
            [
              -38.659778899999935,
              -3.7277846999999724
            ],
            [
              -38.65880869999995,
              -3.728026199999931
            ],
            [
              -38.65838199999996,
              -3.7281419999999343
            ],
            [
              -38.657761999999934,
              -3.7282699999999522
            ],
            [
              -38.657812999999976,
              -3.7280659999999557
            ],
            [
              -38.65784699999995,
              -3.727963999999929
            ],
            [
              -38.65788699999996,
              -3.727876999999978
            ],
            [
              -38.65793199999996,
              -3.727792999999963
            ],
            [
              -38.65800299999995,
              -3.727688999999941
            ],
            [
              -38.658082999999976,
              -3.727594999999951
            ],
            [
              -38.65829699999995,
              -3.7273029999999494
            ],
            [
              -38.658597999999984,
              -3.7268719999999576
            ],
            [
              -38.65885499999996,
              -3.7265239999999267
            ],
            [
              -38.65903999999995,
              -3.726214999999968
            ],
            [
              -38.65920999999997,
              -3.7259429999999725
            ],
            [
              -38.65933999999993,
              -3.7256229999999277
            ],
            [
              -38.65941399999997,
              -3.7254149999999413
            ],
            [
              -38.659490999999946,
              -3.725057999999933
            ],
            [
              -38.65954099999993,
              -3.7246619999999666
            ],
            [
              -38.659558999999945,
              -3.7241959999999494
            ],
            [
              -38.65957499999996,
              -3.7238689999999792
            ],
            [
              -38.659595999999965,
              -3.723116999999945
            ],
            [
              -38.65957899999995,
              -3.722605999999928
            ],
            [
              -38.65953699999994,
              -3.722116999999969
            ],
            [
              -38.65951199999995,
              -3.7218379999999343
            ],
            [
              -38.65939099999997,
              -3.7210889999999495
            ],
            [
              -38.65938889999995,
              -3.721074299999941
            ],
            [
              -38.660147999999936,
              -3.721089799999959
            ],
            [
              -38.661487499999964,
              -3.721108699999945
            ],
            [
              -38.662185499999964,
              -3.7211463999999523
            ],
            [
              -38.662883499999964,
              -3.721127499999966
            ],
            [
              -38.666484999999966,
              -3.720128999999929
            ],
            [
              -38.66669699999994,
              -3.72126499999996
            ],
            [
              -38.66692899999998,
              -3.722206999999969
            ],
            [
              -38.66703499999994,
              -3.7227179999999294
            ],
            [
              -38.66713899999996,
              -3.723274999999944
            ],
            [
              -38.66724499999998,
              -3.723735999999974
            ],
            [
              -38.66732099999996,
              -3.7241069999999468
            ],
            [
              -38.66753099999994,
              -3.7249159999999506
            ],
            [
              -38.667719999999974,
              -3.7256819999999493
            ]
          ]
        ]
      }
    },
    {
      "type": "Feature",
      "properties": {
        "id": "caucaia:guadalajara",
        "name": "Guadalajara",
        "municipality": "Caucaia",
        "kind": "bairro",
        "source": "IBGE - Malha de Setores Censitarios 2022 agregada por unidade territorial de Caucaia"
      },
      "geometry": {
        "type": "Polygon",
        "coordinates": [
          [
            [
              -38.625782999999956,
              -3.7677419999999415
            ],
            [
              -38.62521499999997,
              -3.768259999999941
            ],
            [
              -38.624837999999954,
              -3.768639999999948
            ],
            [
              -38.624630999999965,
              -3.7687629999999785
            ],
            [
              -38.62426999999997,
              -3.7688949999999295
            ],
            [
              -38.62339899999995,
              -3.7692009999999527
            ],
            [
              -38.62324799999993,
              -3.7692429999999604
            ],
            [
              -38.62218799999994,
              -3.769544999999937
            ],
            [
              -38.62128339999998,
              -3.7697595999999294
            ],
            [
              -38.620236999999975,
              -3.770031999999958
            ],
            [
              -38.61982999999998,
              -3.7700479999999743
            ],
            [
              -38.619437999999946,
              -3.770023999999978
            ],
            [
              -38.61870799999997,
              -3.7699159999999665
            ],
            [
              -38.617939999999976,
              -3.7695139999999583
            ],
            [
              -38.61708699999997,
              -3.7687559999999394
            ],
            [
              -38.61694719999997,
              -3.7686616999999387
            ],
            [
              -38.61675169999995,
              -3.7683639999999627
            ],
            [
              -38.616619499999956,
              -3.7681124999999724
            ],
            [
              -38.616505899999936,
              -3.7678589999999303
            ],
            [
              -38.61639889999998,
              -3.7676203999999416
            ],
            [
              -38.61613629999994,
              -3.767016299999966
            ],
            [
              -38.61578179999998,
              -3.766219499999977
            ],
            [
              -38.615683899999965,
              -3.76598249999995
            ],
            [
              -38.61561869999997,
              -3.765824699999939
            ],
            [
              -38.61535599999996,
              -3.765242599999965
            ],
            [
              -38.61505589999996,
              -3.7645652999999584
            ],
            [
              -38.61485419999997,
              -3.7640967999999475
            ],
            [
              -38.61456049999998,
              -3.763414799999964
            ],
            [
              -38.61415949999997,
              -3.76247479999995
            ],
            [
              -38.614263499999936,
              -3.7624137999999334
            ],
            [
              -38.61440449999998,
              -3.7623369999999454
            ],
            [
              -38.61449989999994,
              -3.762208399999963
            ],
            [
              -38.614476999999965,
              -3.7621049999999627
            ],
            [
              -38.61472329999998,
              -3.761943599999938
            ],
            [
              -38.61521099999993,
              -3.7616239999999266
            ],
            [
              -38.61520429999996,
              -3.76161129999997
            ],
            [
              -38.615524799999946,
              -3.7613975999999525
            ],
            [
              -38.615873799999974,
              -3.7610297999999602
            ],
            [
              -38.616204799999934,
              -3.760707699999955
            ],
            [
              -38.616173999999944,
              -3.7605759999999577
            ],
            [
              -38.616157999999984,
              -3.7602109999999698
            ],
            [
              -38.616157999999984,
              -3.7600989999999683
            ],
            [
              -38.61611799999997,
              -3.759062999999969
            ],
            [
              -38.616086999999936,
              -3.7582689999999275
            ],
            [
              -38.61606299999994,
              -3.7575939999999264
            ],
            [
              -38.616033699999946,
              -3.7569235999999364
            ],
            [
              -38.61693999999994,
              -3.7569009999999707
            ],
            [
              -38.61729999999994,
              -3.7569409999999266
            ],
            [
              -38.61740899999995,
              -3.7567549999999414
            ],
            [
              -38.617538999999965,
              -3.756516999999974
            ],
            [
              -38.61777999999998,
              -3.7561929999999393
            ],
            [
              -38.61805199999998,
              -3.7558579999999324
            ],
            [
              -38.618322999999975,
              -3.7554969999999344
            ],
            [
              -38.61850099999998,
              -3.755327999999963
            ],
            [
              -38.61885499999994,
              -3.7549959999999487
            ],
            [
              -38.61909899999995,
              -3.754776999999933
            ],
            [
              -38.61936899999995,
              -3.754549999999938
            ],
            [
              -38.61961619999994,
              -3.7543915999999626
            ],
            [
              -38.620170299999984,
              -3.7552899999999454
            ],
            [
              -38.621230899999944,
              -3.7570636999999465
            ],
            [
              -38.62121799999994,
              -3.7570749999999293
            ],
            [
              -38.61981599999996,
              -3.7582899999999313
            ],
            [
              -38.62034499999993,
              -3.759153999999967
            ],
            [
              -38.62092899999993,
              -3.7599879999999644
            ],
            [
              -38.62146389999998,
              -3.76084069999996
            ],
            [
              -38.62203999999997,
              -3.761758999999927
            ],
            [
              -38.62258499999996,
              -3.762647999999956
            ],
            [
              -38.622600999999975,
              -3.762633499999936
            ],
            [
              -38.623090299999944,
              -3.7634978999999475
            ],
            [
              -38.62310299999996,
              -3.7634859999999435
            ],
            [
              -38.623684999999966,
              -3.764398999999969
            ],
            [
              -38.62423299999995,
              -3.7652369999999564
            ],
            [
              -38.62477629999995,
              -3.7660734999999477
            ],
            [
              -38.624784999999974,
              -3.7660869999999704
            ],
            [
              -38.625328999999965,
              -3.7669279999999503
            ],
            [
              -38.62563599999993,
              -3.7674449999999524
            ],
            [
              -38.625782999999956,
              -3.7677419999999415
            ]
          ]
        ]
      }
    },
    {
      "type": "Feature",
      "properties": {
        "id": "caucaia:guagiru",
        "name": "Guagiru",
        "municipality": "Caucaia",
        "kind": "bairro",
        "source": "IBGE - Malha de Setores Censitarios 2022 agregada por unidade territorial de Caucaia"
      },
      "geometry": {
        "type": "Polygon",
        "coordinates": [
          [
            [
              -38.65077229999997,
              -3.69858679999993
            ],
            [
              -38.65068679999996,
              -3.6993353999999385
            ],
            [
              -38.65076159999995,
              -3.6997096999999712
            ],
            [
              -38.65062259999996,
              -3.7005331999999385
            ],
            [
              -38.65015209999996,
              -3.700939499999947
            ],
            [
              -38.649585299999956,
              -3.7014314999999556
            ],
            [
              -38.649157499999944,
              -3.7015062999999486
            ],
            [
              -38.649296499999934,
              -3.701709499999936
            ],
            [
              -38.64968149999993,
              -3.702714799999967
            ],
            [
              -38.649622499999964,
              -3.703265599999952
            ],
            [
              -38.649617999999975,
              -3.7033077999999477
            ],
            [
              -38.64945199999994,
              -3.7040179999999623
            ],
            [
              -38.64943899999997,
              -3.7044129999999313
            ],
            [
              -38.64943499999998,
              -3.7045519999999783
            ],
            [
              -38.64951579999996,
              -3.7061956999999666
            ],
            [
              -38.64951579999996,
              -3.707008499999972
            ],
            [
              -38.64948799999996,
              -3.7072939999999335
            ],
            [
              -38.64896599999997,
              -3.7083919999999466
            ],
            [
              -38.648811499999965,
              -3.7085815999999454
            ],
            [
              -38.64811519999995,
              -3.7090329999999767
            ],
            [
              -38.64831799999996,
              -3.709254299999941
            ],
            [
              -38.648702999999955,
              -3.7097033999999667
            ],
            [
              -38.64902379999995,
              -3.710195399999975
            ],
            [
              -38.64923769999996,
              -3.710601699999927
            ],
            [
              -38.64936609999995,
              -3.711200599999927
            ],
            [
              -38.649472999999944,
              -3.7117566999999667
            ],
            [
              -38.64949439999998,
              -3.7122485999999526
            ],
            [
              -38.64955859999998,
              -3.713318099999981
            ],
            [
              -38.649584999999945,
              -3.7133062999999424
            ],
            [
              -38.64960129999997,
              -3.713617499999941
            ],
            [
              -38.64977239999996,
              -3.71438749999993
            ],
            [
              -38.649799299999984,
              -3.7144611999999597
            ],
            [
              -38.649118999999985,
              -3.714789899999971
            ],
            [
              -38.647944999999936,
              -3.713333999999975
            ],
            [
              -38.646180999999956,
              -3.711288999999965
            ],
            [
              -38.644785999999954,
              -3.709511999999961
            ],
            [
              -38.64378099999993,
              -3.708292999999969
            ],
            [
              -38.64160599999997,
              -3.706763999999964
            ],
            [
              -38.63990299999995,
              -3.705957999999953
            ],
            [
              -38.63897999999995,
              -3.704800999999975
            ],
            [
              -38.63783099999995,
              -3.703333999999927
            ],
            [
              -38.63657999999998,
              -3.70192899999995
            ],
            [
              -38.635902999999985,
              -3.7014129999999454
            ],
            [
              -38.634158999999954,
              -3.7012059999999565
            ],
            [
              -38.63275399999998,
              -3.70109999999994
            ],
            [
              -38.632434099999955,
              -3.700689299999965
            ],
            [
              -38.63230999999996,
              -3.700529999999958
            ],
            [
              -38.63194999999996,
              -3.7000739999999723
            ],
            [
              -38.63161599999995,
              -3.69970799999993
            ],
            [
              -38.63131599999997,
              -3.6993349999999623
            ],
            [
              -38.631069999999966,
              -3.6989889999999264
            ],
            [
              -38.63087299999995,
              -3.698599999999942
            ],
            [
              -38.63081749999998,
              -3.698317599999939
            ],
            [
              -38.63081999999997,
              -3.698281999999949
            ],
            [
              -38.63082859999997,
              -3.697610099999963
            ],
            [
              -38.630862399999955,
              -3.6973930999999425
            ],
            [
              -38.63090139999997,
              -3.697229899999968
            ],
            [
              -38.63095049999998,
              -3.696963799999935
            ],
            [
              -38.630980499999964,
              -3.6966617999999585
            ],
            [
              -38.631105599999955,
              -3.696207099999981
            ],
            [
              -38.63114909999996,
              -3.696088399999951
            ],
            [
              -38.63121119999994,
              -3.6958616999999663
            ],
            [
              -38.63124519999997,
              -3.69575999999995
            ],
            [
              -38.63141299999995,
              -3.6955389999999397
            ],
            [
              -38.63185699999997,
              -3.695018999999945
            ],
            [
              -38.63211789999997,
              -3.694858799999963
            ],
            [
              -38.63233429999997,
              -3.6946309999999585
            ],
            [
              -38.63271189999995,
              -3.694238799999937
            ],
            [
              -38.63286879999998,
              -3.6941271999999685
            ],
            [
              -38.63306869999997,
              -3.6939276999999606
            ],
            [
              -38.63319279999996,
              -3.6938475999999696
            ],
            [
              -38.633353899999975,
              -3.6937643999999636
            ],
            [
              -38.633492899999965,
              -3.6936911999999325
            ],
            [
              -38.63365289999996,
              -3.6936341999999627
            ],
            [
              -38.63424859999998,
              -3.6935163999999645
            ],
            [
              -38.63514959999998,
              -3.6935211999999638
            ],
            [
              -38.636254099999974,
              -3.6935353999999734
            ],
            [
              -38.637306699999954,
              -3.693529299999966
            ],
            [
              -38.63913199999996,
              -3.6933526999999344
            ],
            [
              -38.64048409999998,
              -3.6932341999999494
            ],
            [
              -38.64140219999996,
              -3.6931381999999644
            ],
            [
              -38.642161399999964,
              -3.6930661999999757
            ],
            [
              -38.64274259999996,
              -3.693016299999954
            ],
            [
              -38.64292229999995,
              -3.6930033999999523
            ],
            [
              -38.64416959999994,
              -3.692883699999925
            ],
            [
              -38.64466679999998,
              -3.6938411999999516
            ],
            [
              -38.64481499999994,
              -3.6939519999999675
            ],
            [
              -38.64504499999998,
              -3.6941999999999666
            ],
            [
              -38.64525299999997,
              -3.6942079999999464
            ],
            [
              -38.64556799999997,
              -3.694370999999933
            ],
            [
              -38.64566099999996,
              -3.6945259999999394
            ],
            [
              -38.645760999999936,
              -3.694672999999966
            ],
            [
              -38.645767999999975,
              -3.69488999999993
            ],
            [
              -38.64588399999997,
              -3.6949749999999426
            ],
            [
              -38.64721499999996,
              -3.695253999999977
            ],
            [
              -38.64737599999995,
              -3.6952849999999557
            ],
            [
              -38.64754499999998,
              -3.695400999999947
            ],
            [
              -38.647652999999934,
              -3.6955169999999384
            ],
            [
              -38.64770699999997,
              -3.6957499999999754
            ],
            [
              -38.64811499999996,
              -3.6960679999999684
            ],
            [
              -38.64848399999994,
              -3.6962069999999585
            ],
            [
              -38.649121599999944,
              -3.69650299999995
            ],
            [
              -38.649114699999984,
              -3.6965441999999484
            ],
            [
              -38.64917889999998,
              -3.6967687999999725
            ],
            [
              -38.64941419999997,
              -3.697378399999934
            ],
            [
              -38.64955319999996,
              -3.6976029999999582
            ],
            [
              -38.649713599999984,
              -3.6978381999999783
            ],
            [
              -38.650184199999956,
              -3.6978381999999783
            ],
            [
              -38.65039799999994,
              -3.6980413999999655
            ],
            [
              -38.65077229999997,
              -3.69858679999993
            ]
          ]
        ]
      }
    },
    {
      "type": "Feature",
      "properties": {
        "id": "caucaia:guararu",
        "name": "Guararu",
        "municipality": "Caucaia",
        "kind": "distrito",
        "source": "IBGE - Malha de Setores Censitarios 2022 agregada por unidade territorial de Caucaia"
      },
      "geometry": {
        "type": "Polygon",
        "coordinates": [
          [
            [
              -38.84311909999997,
              -3.7083143999999493
            ],
            [
              -38.84303689999996,
              -3.70905149999993
            ],
            [
              -38.84268559999998,
              -3.7097865999999726
            ],
            [
              -38.84125259999996,
              -3.7115252999999484
            ],
            [
              -38.84120239999993,
              -3.712127399999929
            ],
            [
              -38.84131949999994,
              -3.712796899999944
            ],
            [
              -38.84170279999995,
              -3.713432399999931
            ],
            [
              -38.841719599999976,
              -3.7141675999999393
            ],
            [
              -38.841083699999956,
              -3.715472899999952
            ],
            [
              -38.841051999999934,
              -3.7168774999999528
            ],
            [
              -38.84131709999997,
              -3.718449499999963
            ],
            [
              -38.841701599999965,
              -3.719221399999981
            ],
            [
              -38.841818899999964,
              -3.719720499999937
            ],
            [
              -38.84160789999993,
              -3.72030419999993
            ],
            [
              -38.84030109999998,
              -3.7213597999999593
            ],
            [
              -38.84006759999994,
              -3.722663999999952
            ],
            [
              -38.83964969999994,
              -3.723233799999946
            ],
            [
              -38.83910069999996,
              -3.72353389999995
            ],
            [
              -38.83858379999998,
              -3.7240023999999607
            ],
            [
              -38.83804919999994,
              -3.725272699999948
            ],
            [
              -38.83898339999996,
              -3.728585199999941
            ],
            [
              -38.83916659999994,
              -3.7296900999999707
            ],
            [
              -38.83901529999997,
              -3.7309265999999752
            ],
            [
              -38.83843239999993,
              -3.7323323999999616
            ],
            [
              -38.83609809999996,
              -3.7370808999999667
            ],
            [
              -38.83474709999996,
              -3.7390556999999376
            ],
            [
              -38.83237929999996,
              -3.7412956999999665
            ],
            [
              -38.83096229999995,
              -3.742465599999946
            ],
            [
              -38.82894559999994,
              -3.7437353999999345
            ],
            [
              -38.82489519999996,
              -3.745966199999941
            ],
            [
              -38.81880899999993,
              -3.7493204999999534
            ],
            [
              -38.81685879999998,
              -3.749520999999959
            ],
            [
              -38.81264029999994,
              -3.7492848999999637
            ],
            [
              -38.805933299999936,
              -3.74929979999996
            ],
            [
              -38.80421169999994,
              -3.749303599999962
            ],
            [
              -38.798422899999935,
              -3.7493164999999635
            ],
            [
              -38.79046749999998,
              -3.748655699999972
            ],
            [
              -38.78590369999995,
              -3.74827659999994
            ],
            [
              -38.76800489999994,
              -3.746413999999959
            ],
            [
              -38.77385689999994,
              -3.7370590999999536
            ],
            [
              -38.77551959999994,
              -3.735546099999965
            ],
            [
              -38.77939619999995,
              -3.7296874999999545
            ],
            [
              -38.77939939999993,
              -3.729605999999933
            ],
            [
              -38.77945959999994,
              -3.7280986999999755
            ],
            [
              -38.77954589999996,
              -3.72593889999996
            ],
            [
              -38.779269399999976,
              -3.722885099999928
            ],
            [
              -38.77799229999994,
              -3.7087823999999614
            ],
            [
              -38.776751899999965,
              -3.7065434999999525
            ],
            [
              -38.76477889999995,
              -3.684932799999956
            ],
            [
              -38.76456069999995,
              -3.684539599999937
            ],
            [
              -38.76286579999993,
              -3.654265799999962
            ],
            [
              -38.76287679999996,
              -3.6542417999999657
            ],
            [
              -38.76286579999993,
              -3.654238899999939
            ],
            [
              -38.76286579999993,
              -3.6539275999999745
            ],
            [
              -38.762865499999975,
              -3.648912799999948
            ],
            [
              -38.762865499999975,
              -3.648909799999956
            ],
            [
              -38.76286539999995,
              -3.647300199999961
            ],
            [
              -38.763224599999944,
              -3.6458110999999462
            ],
            [
              -38.76306569999997,
              -3.6457077999999683
            ],
            [
              -38.76326439999997,
              -3.645032399999934
            ],
            [
              -38.76345509999993,
              -3.644110699999942
            ],
            [
              -38.76286529999993,
              -3.6442755999999576
            ],
            [
              -38.76242209999998,
              -3.6443490999999426
            ],
            [
              -38.76202479999995,
              -3.6429425999999694
            ],
            [
              -38.762865199999965,
              -3.6426210999999284
            ],
            [
              -38.76364579999995,
              -3.6423227999999312
            ],
            [
              -38.76307369999995,
              -3.638894099999959
            ],
            [
              -38.762864899999954,
              -3.6378080999999725
            ],
            [
              -38.76286479999993,
              -3.6365786999999727
            ],
            [
              -38.76286479999993,
              -3.6360983999999803
            ],
            [
              -38.762864399999955,
              -3.6290124999999307
            ],
            [
              -38.762864399999955,
              -3.628852399999971
            ],
            [
              -38.762867599999936,
              -3.6288436999999476
            ],
            [
              -38.762910499999975,
              -3.6284640999999738
            ],
            [
              -38.76296659999997,
              -3.627972199999931
            ],
            [
              -38.76290369999998,
              -3.6271136999999385
            ],
            [
              -38.76286429999993,
              -3.6271059999999693
            ],
            [
              -38.76286429999993,
              -3.626744199999962
            ],
            [
              -38.762864099999945,
              -3.6237718999999515
            ],
            [
              -38.762864099999945,
              -3.6236820999999395
            ],
            [
              -38.76286369999997,
              -3.616963999999939
            ],
            [
              -38.76286369999997,
              -3.616805799999952
            ],
            [
              -38.76286309999995,
              -3.6059143999999606
            ],
            [
              -38.76286309999995,
              -3.605523499999947
            ],
            [
              -38.76533669999998,
              -3.603082699999959
            ],
            [
              -38.765646699999934,
              -3.602697899999953
            ],
            [
              -38.76705259999994,
              -3.600952799999959
            ],
            [
              -38.77003139999994,
              -3.597817799999973
            ],
            [
              -38.771162799999956,
              -3.5963378999999804
            ],
            [
              -38.77184259999996,
              -3.5954485999999406
            ],
            [
              -38.77267669999998,
              -3.59422799999993
            ],
            [
              -38.77322639999994,
              -3.593377099999941
            ],
            [
              -38.77379679999996,
              -3.59274419999997
            ],
            [
              -38.77508389999997,
              -3.5904226999999764
            ],
            [
              -38.77560809999994,
              -3.5900876999999696
            ],
            [
              -38.77568309999998,
              -3.5899652999999603
            ],
            [
              -38.77591789999997,
              -3.5902940999999373
            ],
            [
              -38.77869089999996,
              -3.5933689999999388
            ],
            [
              -38.77946439999994,
              -3.595425299999931
            ],
            [
              -38.78063409999993,
              -3.59738729999998
            ],
            [
              -38.78152069999993,
              -3.6003113999999528
            ],
            [
              -38.78067729999998,
              -3.600789099999929
            ],
            [
              -38.78016239999994,
              -3.6010281999999734
            ],
            [
              -38.77967189999998,
              -3.6017827999999668
            ],
            [
              -38.779237999999964,
              -3.6025939999999537
            ],
            [
              -38.77929459999996,
              -3.603688199999965
            ],
            [
              -38.77976629999995,
              -3.604612599999939
            ],
            [
              -38.78052089999994,
              -3.6051219999999375
            ],
            [
              -38.78255829999995,
              -3.6066500999999676
            ],
            [
              -38.78651999999994,
              -3.611215399999935
            ],
            [
              -38.78895359999996,
              -3.6144224999999324
            ],
            [
              -38.78912339999994,
              -3.617271199999948
            ],
            [
              -38.78914609999998,
              -3.617361399999936
            ],
            [
              -38.78984029999998,
              -3.620119799999941
            ],
            [
              -38.790066499999966,
              -3.623038699999938
            ],
            [
              -38.790165499999944,
              -3.6237418999999704
            ],
            [
              -38.790381999999966,
              -3.625280299999929
            ],
            [
              -38.791432999999984,
              -3.626517799999931
            ],
            [
              -38.79304849999994,
              -3.627754999999979
            ],
            [
              -38.793498599999964,
              -3.6288595999999416
            ],
            [
              -38.79341979999998,
              -3.629465399999958
            ],
            [
              -38.79321559999994,
              -3.631033699999932
            ],
            [
              -38.79213209999995,
              -3.6329056999999807
            ],
            [
              -38.79104719999998,
              -3.6342760999999655
            ],
            [
              -38.78993129999998,
              -3.6352476999999794
            ],
            [
              -38.78649759999996,
              -3.636517699999956
            ],
            [
              -38.784447299999954,
              -3.6374878999999396
            ],
            [
              -38.783229699999936,
              -3.638825499999939
            ],
            [
              -38.782946299999935,
              -3.639863099999957
            ],
            [
              -38.783027199999935,
              -3.640497699999969
            ],
            [
              -38.783312699999954,
              -3.6410666999999535
            ],
            [
              -38.78396269999996,
              -3.641434699999934
            ],
            [
              -38.784712499999955,
              -3.6417028999999275
            ],
            [
              -38.785612199999946,
              -3.642573699999957
            ],
            [
              -38.78572909999997,
              -3.644412799999941
            ],
            [
              -38.78614399999998,
              -3.6450476999999637
            ],
            [
              -38.78682809999998,
              -3.645315699999969
            ],
            [
              -38.78737769999998,
              -3.6462856999999644
            ],
            [
              -38.787728399999935,
              -3.6465202999999633
            ],
            [
              -38.78769609999995,
              -3.6471897999999783
            ],
            [
              -38.787410199999954,
              -3.6475904999999784
            ],
            [
              -38.78739399999995,
              -3.648059299999943
            ],
            [
              -38.78801129999994,
              -3.6485953999999765
            ],
            [
              -38.788361099999975,
              -3.649196899999936
            ],
            [
              -38.788378499999965,
              -3.649965899999927
            ],
            [
              -38.788626799999975,
              -3.650601599999959
            ],
            [
              -38.78894399999996,
              -3.651003399999979
            ],
            [
              -38.78990989999994,
              -3.6513704999999277
            ],
            [
              -38.790026799999964,
              -3.651638799999944
            ],
            [
              -38.79006059999995,
              -3.6527103999999326
            ],
            [
              -38.78989389999998,
              -3.653344499999946
            ],
            [
              -38.79114359999994,
              -3.6564208999999437
            ],
            [
              -38.79172489999996,
              -3.6569580999999403
            ],
            [
              -38.79260949999997,
              -3.657392899999934
            ],
            [
              -38.79529179999997,
              -3.660135499999967
            ],
            [
              -38.79590909999996,
              -3.66010289999997
            ],
            [
              -38.79684129999998,
              -3.6598674999999616
            ],
            [
              -38.798275099999955,
              -3.6602028999999447
            ],
            [
              -38.79902599999997,
              -3.6599365999999804
            ],
            [
              -38.799576499999944,
              -3.6592335999999364
            ],
            [
              -38.80046059999995,
              -3.6593345999999656
            ],
            [
              -38.801042999999936,
              -3.658765799999969
            ],
            [
              -38.801560999999936,
              -3.6584318999999255
            ],
            [
              -38.80214289999998,
              -3.658464199999969
            ],
            [
              -38.802760099999944,
              -3.6587992999999415
            ],
            [
              -38.80344189999994,
              -3.658732699999973
            ],
            [
              -38.80382679999997,
              -3.658967999999959
            ],
            [
              -38.804043899999954,
              -3.659269399999971
            ],
            [
              -38.804025999999965,
              -3.659735699999942
            ],
            [
              -38.80359389999995,
              -3.6606738999999493
            ],
            [
              -38.80376899999993,
              -3.6610654999999497
            ],
            [
              -38.80389289999994,
              -3.6613435999999524
            ],
            [
              -38.80450939999997,
              -3.661409699999979
            ],
            [
              -38.80532559999995,
              -3.661007199999972
            ],
            [
              -38.80669309999996,
              -3.661376599999926
            ],
            [
              -38.807342699999936,
              -3.661242199999947
            ],
            [
              -38.80779289999998,
              -3.6608756999999628
            ],
            [
              -38.80797629999995,
              -3.6604723999999464
            ],
            [
              -38.80799269999994,
              -3.659938899999929
            ],
            [
              -38.80820899999998,
              -3.659503799999925
            ],
            [
              -38.80869339999998,
              -3.65913519999998
            ],
            [
              -38.80927649999995,
              -3.6591028999999367
            ],
            [
              -38.81019399999997,
              -3.659404499999937
            ],
            [
              -38.81097609999995,
              -3.659470699999929
            ],
            [
              -38.81179309999993,
              -3.659235899999942
            ],
            [
              -38.81306089999998,
              -3.658599699999968
            ],
            [
              -38.81360989999996,
              -3.658501299999955
            ],
            [
              -38.814360799999974,
              -3.658600999999976
            ],
            [
              -38.815243599999974,
              -3.6589360999999485
            ],
            [
              -38.81586029999994,
              -3.659304499999962
            ],
            [
              -38.81669359999995,
              -3.6605753999999706
            ],
            [
              -38.817209799999944,
              -3.6609778999999776
            ],
            [
              -38.817627899999934,
              -3.6614783999999645
            ],
            [
              -38.81839299999996,
              -3.66268359999998
            ],
            [
              -38.81847629999993,
              -3.6632860999999366
            ],
            [
              -38.818759299999954,
              -3.6637878999999316
            ],
            [
              -38.81950949999998,
              -3.664188099999933
            ],
            [
              -38.820492299999955,
              -3.6641561999999794
            ],
            [
              -38.82120979999996,
              -3.6645227999999292
            ],
            [
              -38.82249239999993,
              -3.6658963999999514
            ],
            [
              -38.82292619999998,
              -3.6671013999999786
            ],
            [
              -38.82347589999995,
              -3.667334099999948
            ],
            [
              -38.82395959999997,
              -3.667368299999964
            ],
            [
              -38.82427649999994,
              -3.6677360999999564
            ],
            [
              -38.82416039999998,
              -3.668672499999957
            ],
            [
              -38.82417549999997,
              -3.669676699999968
            ],
            [
              -38.824692599999935,
              -3.6701788999999394
            ],
            [
              -38.82585919999997,
              -3.670446199999958
            ],
            [
              -38.826175199999966,
              -3.6709144999999808
            ],
            [
              -38.826459099999965,
              -3.6717841999999337
            ],
            [
              -38.82680919999996,
              -3.672052899999926
            ],
            [
              -38.82809179999998,
              -3.6720189999999775
            ],
            [
              -38.82867589999995,
              -3.6721858999999313
            ],
            [
              -38.82939249999998,
              -3.6726546999999528
            ],
            [
              -38.83005869999994,
              -3.6740592999999535
            ],
            [
              -38.83000839999994,
              -3.67462809999995
            ],
            [
              -38.82979169999993,
              -3.675130499999966
            ],
            [
              -38.82930719999996,
              -3.6752972999999542
            ],
            [
              -38.829124099999945,
              -3.6756305999999768
            ],
            [
              -38.828940699999976,
              -3.676133499999935
            ],
            [
              -38.82902389999998,
              -3.676635499999975
            ],
            [
              -38.82937579999998,
              -3.6769025999999485
            ],
            [
              -38.83015729999994,
              -3.677002899999934
            ],
            [
              -38.83094129999995,
              -3.6772708999999395
            ],
            [
              -38.83142479999998,
              -3.6778397999999584
            ],
            [
              -38.831707999999935,
              -3.678541799999948
            ],
            [
              -38.83159029999996,
              -3.679512299999942
            ],
            [
              -38.831640499999935,
              -3.6805161999999427
            ],
            [
              -38.831789399999934,
              -3.68111719999996
            ],
            [
              -38.83200629999993,
              -3.681385499999976
            ],
            [
              -38.83268979999997,
              -3.6812185999999656
            ],
            [
              -38.83304099999998,
              -3.681318699999963
            ],
            [
              -38.833222699999965,
              -3.6815864999999803
            ],
            [
              -38.833140999999955,
              -3.6819878999999673
            ],
            [
              -38.83342289999996,
              -3.6826566999999386
            ],
            [
              -38.83457409999994,
              -3.6826240999999413
            ],
            [
              -38.834924299999955,
              -3.683191699999952
            ],
            [
              -38.83510809999996,
              -3.6838614999999777
            ],
            [
              -38.83507479999997,
              -3.6847975999999676
            ],
            [
              -38.834789099999966,
              -3.68533199999996
            ],
            [
              -38.83469069999995,
              -3.6863342999999418
            ],
            [
              -38.834972999999934,
              -3.687238999999977
            ],
            [
              -38.834956199999965,
              -3.6881089999999404
            ],
            [
              -38.83443859999994,
              -3.6887784999999553
            ],
            [
              -38.83418899999998,
              -3.6894148999999743
            ],
            [
              -38.834339399999976,
              -3.690083199999947
            ],
            [
              -38.83513949999997,
              -3.690617999999972
            ],
            [
              -38.83538889999994,
              -3.691086999999925
            ],
            [
              -38.835387999999966,
              -3.692223799999965
            ],
            [
              -38.83527359999994,
              -3.6930597999999577
            ],
            [
              -38.83542239999997,
              -3.6935620999999514
            ],
            [
              -38.835838999999964,
              -3.6937288999999396
            ],
            [
              -38.83638849999994,
              -3.6941302999999266
            ],
            [
              -38.836454799999956,
              -3.6958029999999553
            ],
            [
              -38.83693789999995,
              -3.6962382999999477
            ],
            [
              -38.83762219999994,
              -3.6963386999999557
            ],
            [
              -38.83940609999996,
              -3.696372599999961
            ],
            [
              -38.839954699999964,
              -3.6965057999999544
            ],
            [
              -38.84040569999996,
              -3.6967727999999624
            ],
            [
              -38.84072209999994,
              -3.697109199999943
            ],
            [
              -38.841420899999946,
              -3.6984462999999437
            ],
            [
              -38.84232169999996,
              -3.699348999999927
            ],
            [
              -38.84260469999998,
              -3.6998517999999763
            ],
            [
              -38.84252219999996,
              -3.7004541999999674
            ],
            [
              -38.84123829999993,
              -3.7025274999999738
            ],
            [
              -38.841120099999955,
              -3.703162499999962
            ],
            [
              -38.84122009999993,
              -3.7044005999999285
            ],
            [
              -38.84147189999993,
              -3.7051387999999292
            ],
            [
              -38.84233149999994,
              -3.706393799999944
            ],
            [
              -38.84275379999997,
              -3.707009899999946
            ],
            [
              -38.84311909999997,
              -3.7083143999999493
            ]
          ],
          [
            [
              -38.831010799999945,
              -3.7102650999999582
            ],
            [
              -38.83078729999994,
              -3.7094942999999603
            ],
            [
              -38.830660499999965,
              -3.709056799999928
            ],
            [
              -38.82672249999996,
              -3.707557299999962
            ],
            [
              -38.82484189999997,
              -3.7083006999999384
            ],
            [
              -38.824499999999944,
              -3.708272299999976
            ],
            [
              -38.82327759999998,
              -3.708551899999975
            ],
            [
              -38.82355299999995,
              -3.709446699999944
            ],
            [
              -38.816351699999984,
              -3.711011699999972
            ],
            [
              -38.81647069999997,
              -3.7111370999999735
            ],
            [
              -38.81649629999998,
              -3.711230799999953
            ],
            [
              -38.81649629999998,
              -3.7112904999999614
            ],
            [
              -38.816351399999974,
              -3.7114182999999343
            ],
            [
              -38.81632589999998,
              -3.7114949999999567
            ],
            [
              -38.816453699999954,
              -3.71165689999998
            ],
            [
              -38.816624099999956,
              -3.711699499999952
            ],
            [
              -38.816802999999936,
              -3.7116397999999435
            ],
            [
              -38.81694729999998,
              -3.711690399999952
            ],
            [
              -38.816988899999956,
              -3.7118012999999337
            ],
            [
              -38.817030399999965,
              -3.7119535999999584
            ],
            [
              -38.81697499999996,
              -3.7120782999999733
            ],
            [
              -38.81690569999995,
              -3.7121336999999244
            ],
            [
              -38.816822599999966,
              -3.7121336999999244
            ],
            [
              -38.816726399999936,
              -3.712048799999934
            ],
            [
              -38.81660709999994,
              -3.7120402999999556
            ],
            [
              -38.81643479999997,
              -3.712105999999949
            ],
            [
              -38.81636849999995,
              -3.7121936999999434
            ],
            [
              -38.816300299999966,
              -3.712321499999973
            ],
            [
              -38.81625729999996,
              -3.7124710999999593
            ],
            [
              -38.816254699999945,
              -3.712479999999971
            ],
            [
              -38.816254699999945,
              -3.712826199999938
            ],
            [
              -38.82250759999994,
              -3.7172892999999476
            ],
            [
              -38.82353989999996,
              -3.7151854999999614
            ],
            [
              -38.82467029999998,
              -3.713809699999956
            ],
            [
              -38.82953669999995,
              -3.7110891999999467
            ],
            [
              -38.831010799999945,
              -3.7102650999999582
            ]
          ]
        ]
      }
    },
    {
      "type": "Feature",
      "properties": {
        "id": "caucaia:icarai",
        "name": "Icaraí",
        "municipality": "Caucaia",
        "kind": "bairro",
        "source": "IBGE - Malha de Setores Censitarios 2022 agregada por unidade territorial de Caucaia"
      },
      "geometry": {
        "type": "Polygon",
        "coordinates": [
          [
            [
              -38.685824999999966,
              -3.669856999999979
            ],
            [
              -38.68578899999994,
              -3.6701779999999644
            ],
            [
              -38.68571599999996,
              -3.6704259999999636
            ],
            [
              -38.685614999999984,
              -3.67063799999994
            ],
            [
              -38.68513699999994,
              -3.6707759999999325
            ],
            [
              -38.68492699999996,
              -3.6708999999999605
            ],
            [
              -38.68465199999997,
              -3.6711409999999773
            ],
            [
              -38.68442699999997,
              -3.671453999999926
            ],
            [
              -38.68425399999995,
              -3.671767999999929
            ],
            [
              -38.683963999999946,
              -3.6720379999999295
            ],
            [
              -38.68384099999997,
              -3.6722349999999437
            ],
            [
              -38.68376099999995,
              -3.672365999999954
            ],
            [
              -38.68362399999995,
              -3.672401999999977
            ],
            [
              -38.68337699999995,
              -3.6723729999999364
            ],
            [
              -38.68324699999994,
              -3.6722489999999652
            ],
            [
              -38.68306599999994,
              -3.6721619999999575
            ],
            [
              -38.68276199999997,
              -3.6721539999999777
            ],
            [
              -38.68263899999994,
              -3.6722489999999652
            ],
            [
              -38.682500999999945,
              -3.672314999999969
            ],
            [
              -38.68237799999997,
              -3.6723949999999377
            ],
            [
              -38.68226999999996,
              -3.672890999999936
            ],
            [
              -38.68226999999996,
              -3.6732699999999454
            ],
            [
              -38.682095999999945,
              -3.6737509999999247
            ],
            [
              -38.68186399999996,
              -3.6741889999999557
            ],
            [
              -38.68164699999994,
              -3.674596999999949
            ],
            [
              -38.681487999999945,
              -3.6749909999999772
            ],
            [
              -38.68145899999996,
              -3.675194999999974
            ],
            [
              -38.68145899999996,
              -3.6755889999999454
            ],
            [
              -38.681356999999934,
              -3.6762019999999325
            ],
            [
              -38.68124099999994,
              -3.67656599999998
            ],
            [
              -38.680770999999936,
              -3.6764899999999443
            ],
            [
              -38.67886299999998,
              -3.677682999999945
            ],
            [
              -38.677678999999955,
              -3.678658999999925
            ],
            [
              -38.67618599999997,
              -3.6811329999999316
            ],
            [
              -38.67559739999996,
              -3.681584399999963
            ],
            [
              -38.673856599999965,
              -3.6788269999999557
            ],
            [
              -38.67334899999997,
              -3.678022999999939
            ],
            [
              -38.67277799999994,
              -3.6771799999999644
            ],
            [
              -38.67206299999998,
              -3.6762462999999457
            ],
            [
              -38.67140909999995,
              -3.6770514999999477
            ],
            [
              -38.67124899999993,
              -3.6772500999999806
            ],
            [
              -38.67079709999996,
              -3.677770199999941
            ],
            [
              -38.671370999999965,
              -3.6784015999999724
            ],
            [
              -38.67314929999998,
              -3.678717699999936
            ],
            [
              -38.67149569999998,
              -3.6821577999999704
            ],
            [
              -38.669409299999984,
              -3.6865104999999403
            ],
            [
              -38.669396699999936,
              -3.6867504999999596
            ],
            [
              -38.66956649999997,
              -3.6871371999999383
            ],
            [
              -38.669736299999954,
              -3.6875144999999634
            ],
            [
              -38.66985889999995,
              -3.688023899999962
            ],
            [
              -38.66998149999995,
              -3.688306799999964
            ],
            [
              -38.66987769999997,
              -3.688533199999938
            ],
            [
              -38.66970799999996,
              -3.6887029999999754
            ],
            [
              -38.66951929999993,
              -3.688919999999939
            ],
            [
              -38.66960419999998,
              -3.6891557999999804
            ],
            [
              -38.66959509999998,
              -3.6897904999999582
            ],
            [
              -38.66922959999994,
              -3.689768499999957
            ],
            [
              -38.66909389999995,
              -3.690093799999943
            ],
            [
              -38.66923929999996,
              -3.690799899999945
            ],
            [
              -38.669284999999945,
              -3.691244799999936
            ],
            [
              -38.66929389999996,
              -3.691578199999981
            ],
            [
              -38.66915299999994,
              -3.691669799999943
            ],
            [
              -38.66908989999996,
              -3.6915994999999384
            ],
            [
              -38.668975699999976,
              -3.691615899999931
            ],
            [
              -38.66851459999998,
              -3.6917139999999335
            ],
            [
              -38.666823799999975,
              -3.692144399999961
            ],
            [
              -38.66646799999995,
              -3.692288099999928
            ],
            [
              -38.66466129999998,
              -3.692989799999964
            ],
            [
              -38.66391639999995,
              -3.693223199999977
            ],
            [
              -38.66384419999997,
              -3.693197599999962
            ],
            [
              -38.663589299999956,
              -3.6926701999999523
            ],
            [
              -38.66333899999995,
              -3.6934219999999414
            ],
            [
              -38.66319239999996,
              -3.69385079999995
            ],
            [
              -38.66287399999993,
              -3.6947633999999425
            ],
            [
              -38.66108189999994,
              -3.6949237999999696
            ],
            [
              -38.66111009999997,
              -3.6960462999999777
            ],
            [
              -38.659582099999966,
              -3.696017999999981
            ],
            [
              -38.65815249999997,
              -3.695946899999967
            ],
            [
              -38.65810699999997,
              -3.695075999999972
            ],
            [
              -38.65806399999997,
              -3.694010999999932
            ],
            [
              -38.65802999999994,
              -3.692985999999962
            ],
            [
              -38.65797599999996,
              -3.6919599999999377
            ],
            [
              -38.65792399999998,
              -3.6907359999999585
            ],
            [
              -38.65793299999996,
              -3.6903169999999363
            ],
            [
              -38.65793999999994,
              -3.6901149999999348
            ],
            [
              -38.658019999999965,
              -3.689630999999963
            ],
            [
              -38.65809299999995,
              -3.6890119999999342
            ],
            [
              -38.65805899999998,
              -3.6886479999999437
            ],
            [
              -38.657921999999985,
              -3.6876029999999673
            ],
            [
              -38.65784899999994,
              -3.6869629999999347
            ],
            [
              -38.65780499999994,
              -3.6865649999999732
            ],
            [
              -38.65773999999993,
              -3.6858969999999545
            ],
            [
              -38.657640999999956,
              -3.685167999999976
            ],
            [
              -38.65748369999994,
              -3.6843467999999575
            ],
            [
              -38.65743029999993,
              -3.6839693999999668
            ],
            [
              -38.65733299999994,
              -3.6834729999999354
            ],
            [
              -38.65730709999997,
              -3.68330009999994
            ],
            [
              -38.657250199999964,
              -3.6828669999999306
            ],
            [
              -38.65719149999995,
              -3.682472099999927
            ],
            [
              -38.65716639999994,
              -3.682154599999933
            ],
            [
              -38.65710839999997,
              -3.6817384999999376
            ],
            [
              -38.657083399999976,
              -3.681558999999936
            ],
            [
              -38.65708619999998,
              -3.6813540999999645
            ],
            [
              -38.65702619999996,
              -3.6811590999999453
            ],
            [
              -38.656989099999976,
              -3.6808447999999316
            ],
            [
              -38.65696389999994,
              -3.6806144999999333
            ],
            [
              -38.656902199999934,
              -3.6803453999999647
            ],
            [
              -38.656871999999964,
              -3.680051399999968
            ],
            [
              -38.65680659999998,
              -3.6793411999999535
            ],
            [
              -38.65736169999997,
              -3.678926499999932
            ],
            [
              -38.65957069999996,
              -3.6776042999999277
            ],
            [
              -38.65995929999997,
              -3.6773716999999806
            ],
            [
              -38.66036449999996,
              -3.67706069999997
            ],
            [
              -38.66100789999996,
              -3.6765581999999313
            ],
            [
              -38.661579899999936,
              -3.6761275999999725
            ],
            [
              -38.662533199999984,
              -3.67536199999995
            ],
            [
              -38.66308699999996,
              -3.6749330999999756
            ],
            [
              -38.66336739999997,
              -3.6747159999999326
            ],
            [
              -38.66482109999998,
              -3.6738787999999545
            ],
            [
              -38.66634629999993,
              -3.672897999999975
            ],
            [
              -38.66649209999997,
              -3.6727881999999568
            ],
            [
              -38.66739489999998,
              -3.672108499999979
            ],
            [
              -38.66813369999994,
              -3.671558199999936
            ],
            [
              -38.66840909999996,
              -3.6713536999999405
            ],
            [
              -38.66932529999997,
              -3.670672999999965
            ],
            [
              -38.669992599999944,
              -3.670170599999949
            ],
            [
              -38.670898199999954,
              -3.6694528999999534
            ],
            [
              -38.673066999999946,
              -3.6677062999999634
            ],
            [
              -38.67509279999996,
              -3.666079399999944
            ],
            [
              -38.676618099999985,
              -3.6646676999999386
            ],
            [
              -38.676816299999984,
              -3.6644544999999766
            ],
            [
              -38.68031249999996,
              -3.66069559999994
            ],
            [
              -38.68113589999996,
              -3.6598083999999744
            ],
            [
              -38.682214999999985,
              -3.661551999999972
            ],
            [
              -38.68293499999993,
              -3.6627999999999474
            ],
            [
              -38.68348309999993,
              -3.663760899999943
            ],
            [
              -38.68424299999998,
              -3.66455899999994
            ],
            [
              -38.68434399999995,
              -3.6647779999999557
            ],
            [
              -38.684473999999966,
              -3.6651279999999247
            ],
            [
              -38.68458999999996,
              -3.6655509999999367
            ],
            [
              -38.68473499999993,
              -3.6662509999999315
            ],
            [
              -38.68485099999998,
              -3.6666009999999574
            ],
            [
              -38.68489399999993,
              -3.667242999999928
            ],
            [
              -38.68504299999995,
              -3.6677719999999567
            ],
            [
              -38.68507899999997,
              -3.6679319999999507
            ],
            [
              -38.68514399999998,
              -3.6680559999999787
            ],
            [
              -38.685179999999946,
              -3.6682159999999726
            ],
            [
              -38.685179999999946,
              -3.6683909999999287
            ],
            [
              -38.68515899999994,
              -3.668609999999944
            ],
            [
              -38.68517299999996,
              -3.6688139999999407
            ],
            [
              -38.68524599999995,
              -3.6689459999999485
            ],
            [
              -38.68533999999994,
              -3.669076999999959
            ],
            [
              -38.68556399999994,
              -3.669207999999969
            ],
            [
              -38.685708999999974,
              -3.6692879999999377
            ],
            [
              -38.68581799999998,
              -3.6694629999999506
            ],
            [
              -38.68581799999998,
              -3.669674999999927
            ],
            [
              -38.685824999999966,
              -3.669856999999979
            ]
          ]
        ]
      }
    },
    {
      "type": "Feature",
      "properties": {
        "id": "caucaia:iparana",
        "name": "Iparana",
        "municipality": "Caucaia",
        "kind": "bairro",
        "source": "IBGE - Malha de Setores Censitarios 2022 agregada por unidade territorial de Caucaia"
      },
      "geometry": {
        "type": "Polygon",
        "coordinates": [
          [
            [
              -38.633942299999944,
              -3.6860540999999785
            ],
            [
              -38.63377499999996,
              -3.6871419999999375
            ],
            [
              -38.63366199999996,
              -3.688158999999928
            ],
            [
              -38.632676999999944,
              -3.688124999999957
            ],
            [
              -38.63255099999998,
              -3.689175999999975
            ],
            [
              -38.63243399999993,
              -3.690192999999965
            ],
            [
              -38.63232899999997,
              -3.6911719999999377
            ],
            [
              -38.63222799999994,
              -3.6922729999999433
            ],
            [
              -38.632011999999975,
              -3.6933629999999766
            ],
            [
              -38.63183209999994,
              -3.6946645999999532
            ],
            [
              -38.63218679999994,
              -3.6946872999999414
            ],
            [
              -38.63233429999997,
              -3.6946309999999585
            ],
            [
              -38.63211789999997,
              -3.694858799999963
            ],
            [
              -38.63185699999997,
              -3.695018999999945
            ],
            [
              -38.63141299999995,
              -3.6955389999999397
            ],
            [
              -38.63124519999997,
              -3.69575999999995
            ],
            [
              -38.63121119999994,
              -3.6958616999999663
            ],
            [
              -38.63114909999996,
              -3.696088399999951
            ],
            [
              -38.631105599999955,
              -3.696207099999981
            ],
            [
              -38.630980499999964,
              -3.6966617999999585
            ],
            [
              -38.63095049999998,
              -3.696963799999935
            ],
            [
              -38.63090139999997,
              -3.697229899999968
            ],
            [
              -38.630862399999955,
              -3.6973930999999425
            ],
            [
              -38.63082859999997,
              -3.697610099999963
            ],
            [
              -38.63081999999997,
              -3.698281999999949
            ],
            [
              -38.63081749999998,
              -3.698317599999939
            ],
            [
              -38.63087299999995,
              -3.698599999999942
            ],
            [
              -38.631069999999966,
              -3.6989889999999264
            ],
            [
              -38.63131599999997,
              -3.6993349999999623
            ],
            [
              -38.63161599999995,
              -3.69970799999993
            ],
            [
              -38.63194999999996,
              -3.7000739999999723
            ],
            [
              -38.63230999999996,
              -3.700529999999958
            ],
            [
              -38.632434099999955,
              -3.700689299999965
            ],
            [
              -38.63275399999998,
              -3.70109999999994
            ],
            [
              -38.63275719999996,
              -3.7012323999999808
            ],
            [
              -38.63266239999996,
              -3.7014533999999344
            ],
            [
              -38.63235279999998,
              -3.701850699999966
            ],
            [
              -38.63212189999996,
              -3.7021296999999436
            ],
            [
              -38.631546199999946,
              -3.702662099999941
            ],
            [
              -38.63119949999998,
              -3.7029216999999335
            ],
            [
              -38.63067109999997,
              -3.703018399999962
            ],
            [
              -38.63017609999997,
              -3.703212599999972
            ],
            [
              -38.62979699999994,
              -3.7034724999999753
            ],
            [
              -38.62954899999994,
              -3.7040558999999575
            ],
            [
              -38.62916919999998,
              -3.7045095999999376
            ],
            [
              -38.62887159999997,
              -3.7046878999999535
            ],
            [
              -38.62862439999998,
              -3.7047194999999533
            ],
            [
              -38.62834359999994,
              -3.704508799999928
            ],
            [
              -38.62806359999996,
              -3.7041522999999756
            ],
            [
              -38.62788229999995,
              -3.7038122999999246
            ],
            [
              -38.62760169999996,
              -3.703747299999975
            ],
            [
              -38.62717239999995,
              -3.7039408999999637
            ],
            [
              -38.62664399999994,
              -3.7040384999999674
            ],
            [
              -38.62629819999995,
              -3.7039898999999536
            ],
            [
              -38.62593479999998,
              -3.7036162999999647
            ],
            [
              -38.625522699999976,
              -3.7031946999999263
            ],
            [
              -38.62535749999995,
              -3.703016499999933
            ],
            [
              -38.625192599999934,
              -3.702919399999928
            ],
            [
              -38.62451629999998,
              -3.7030319999999506
            ],
            [
              -38.62416949999994,
              -3.703145799999959
            ],
            [
              -38.623756999999955,
              -3.703047999999967
            ],
            [
              -38.62323129999993,
              -3.702792199999976
            ],
            [
              -38.62291989999994,
              -3.701591199999939
            ],
            [
              -38.622671699999955,
              -3.7014009999999757
            ],
            [
              -38.62313369999998,
              -3.7003175999999485
            ],
            [
              -38.62230529999994,
              -3.6999417999999764
            ],
            [
              -38.62130909999996,
              -3.698905199999956
            ],
            [
              -38.621618799999965,
              -3.696239799999944
            ],
            [
              -38.61942449999998,
              -3.6947320999999533
            ],
            [
              -38.618926399999964,
              -3.694880199999943
            ],
            [
              -38.61882909999997,
              -3.6945362999999247
            ],
            [
              -38.617283999999984,
              -3.6949720999999727
            ],
            [
              -38.61717049999993,
              -3.695182799999941
            ],
            [
              -38.61702909999997,
              -3.6953902999999286
            ],
            [
              -38.61658169999998,
              -3.6955429999999296
            ],
            [
              -38.61615399999994,
              -3.695649899999978
            ],
            [
              -38.61606839999996,
              -3.6955857999999466
            ],
            [
              -38.615576499999975,
              -3.695393299999978
            ],
            [
              -38.61493599999994,
              -3.6950270999999475
            ],
            [
              -38.61493009999998,
              -3.694841199999928
            ],
            [
              -38.61418619999995,
              -3.694447299999979
            ],
            [
              -38.61316029999995,
              -3.694090499999959
            ],
            [
              -38.61280369999997,
              -3.693995799999925
            ],
            [
              -38.61250959999995,
              -3.6937558999999283
            ],
            [
              -38.61236349999996,
              -3.693376199999932
            ],
            [
              -38.61202399999996,
              -3.6928073999999356
            ],
            [
              -38.61240079999993,
              -3.692782399999942
            ],
            [
              -38.61245029999998,
              -3.692762499999958
            ],
            [
              -38.61222639999994,
              -3.6923638999999753
            ],
            [
              -38.61215089999996,
              -3.692120999999929
            ],
            [
              -38.61186159999994,
              -3.691058099999964
            ],
            [
              -38.61162869999998,
              -3.6907900999999583
            ],
            [
              -38.61149799999998,
              -3.6904459999999517
            ],
            [
              -38.61149799999998,
              -3.690127699999948
            ],
            [
              -38.61112989999998,
              -3.6887649999999326
            ],
            [
              -38.61177879999997,
              -3.6886976999999774
            ],
            [
              -38.61232849999993,
              -3.68869849999993
            ],
            [
              -38.61275559999996,
              -3.6887459999999805
            ],
            [
              -38.61312389999995,
              -3.6887755999999285
            ],
            [
              -38.61348749999996,
              -3.688804799999957
            ],
            [
              -38.61387539999998,
              -3.6888900999999805
            ],
            [
              -38.61442599999998,
              -3.689052599999968
            ],
            [
              -38.61451459999995,
              -3.6890740999999707
            ],
            [
              -38.61585669999994,
              -3.689391399999977
            ],
            [
              -38.61681869999995,
              -3.6896275999999375
            ],
            [
              -38.61694639999996,
              -3.6896745999999325
            ],
            [
              -38.617615599999965,
              -3.68992099999997
            ],
            [
              -38.618425799999955,
              -3.689777699999979
            ],
            [
              -38.61921199999995,
              -3.68987379999993
            ],
            [
              -38.620063899999934,
              -3.68967669999995
            ],
            [
              -38.62076079999997,
              -3.689515399999948
            ],
            [
              -38.621027099999935,
              -3.6893980999999485
            ],
            [
              -38.62173789999997,
              -3.6890849999999773
            ],
            [
              -38.622293199999945,
              -3.6890851999999654
            ],
            [
              -38.62233349999997,
              -3.6890851999999654
            ],
            [
              -38.62290529999996,
              -3.6891572999999767
            ],
            [
              -38.624406499999964,
              -3.688846799999965
            ],
            [
              -38.62578929999995,
              -3.688598699999943
            ],
            [
              -38.626670099999956,
              -3.6884407999999667
            ],
            [
              -38.62775949999997,
              -3.6880314999999655
            ],
            [
              -38.62867179999995,
              -3.687771399999974
            ],
            [
              -38.62941049999995,
              -3.687556299999926
            ],
            [
              -38.63043509999994,
              -3.687245599999926
            ],
            [
              -38.631507399999975,
              -3.6869587999999567
            ],
            [
              -38.63299539999997,
              -3.686264699999981
            ],
            [
              -38.63319939999997,
              -3.686169599999971
            ],
            [
              -38.63336979999997,
              -3.686143099999981
            ],
            [
              -38.633942299999944,
              -3.6860540999999785
            ]
          ]
        ]
      }
    },
    {
      "type": "Feature",
      "properties": {
        "id": "caucaia:itambe",
        "name": "Itambé",
        "municipality": "Caucaia",
        "kind": "bairro",
        "source": "IBGE - Malha de Setores Censitarios 2022 agregada por unidade territorial de Caucaia"
      },
      "geometry": {
        "type": "Polygon",
        "coordinates": [
          [
            [
              -38.65473399999996,
              -3.7305879999999547
            ],
            [
              -38.653940999999975,
              -3.7306069999999636
            ],
            [
              -38.65338799999995,
              -3.730650999999966
            ],
            [
              -38.65230909999997,
              -3.7306974999999625
            ],
            [
              -38.65230349999996,
              -3.7307804999999803
            ],
            [
              -38.652328299999965,
              -3.7321298999999613
            ],
            [
              -38.652439699999945,
              -3.7331325999999763
            ],
            [
              -38.652448299999946,
              -3.7332776999999737
            ],
            [
              -38.652480999999966,
              -3.73327699999993
            ],
            [
              -38.65249199999994,
              -3.734559999999931
            ],
            [
              -38.652574999999956,
              -3.7357679999999505
            ],
            [
              -38.65266799999995,
              -3.7358619999999405
            ],
            [
              -38.65198699999996,
              -3.736080999999956
            ],
            [
              -38.65134299999994,
              -3.736321999999973
            ],
            [
              -38.650675999999976,
              -3.736526999999967
            ],
            [
              -38.64996199999996,
              -3.736725999999976
            ],
            [
              -38.649324999999976,
              -3.7368619999999737
            ],
            [
              -38.648578999999984,
              -3.73702099999997
            ],
            [
              -38.647933999999964,
              -3.737201999999968
            ],
            [
              -38.64725299999998,
              -3.7373209999999517
            ],
            [
              -38.64656499999995,
              -3.737479999999948
            ],
            [
              -38.64586029999998,
              -3.7376637999999502
            ],
            [
              -38.64452159999996,
              -3.7379134999999337
            ],
            [
              -38.64470499999993,
              -3.737752999999941
            ],
            [
              -38.64496299999996,
              -3.7375939999999446
            ],
            [
              -38.64523899999995,
              -3.737370999999939
            ],
            [
              -38.64542299999994,
              -3.7371689999999376
            ],
            [
              -38.64551899999998,
              -3.7368929999999523
            ],
            [
              -38.64556699999997,
              -3.7365669999999795
            ],
            [
              -38.644529499999976,
              -3.7319497999999385
            ],
            [
              -38.64339999999993,
              -3.7269229999999425
            ],
            [
              -38.64307299999996,
              -3.7254669999999805
            ],
            [
              -38.642781999999954,
              -3.7241729999999507
            ],
            [
              -38.640267999999935,
              -3.712981999999954
            ],
            [
              -38.640155999999934,
              -3.7125319999999533
            ],
            [
              -38.640030999999965,
              -3.712050999999974
            ],
            [
              -38.63993899999997,
              -3.711501999999939
            ],
            [
              -38.639794999999935,
              -3.7108629999999607
            ],
            [
              -38.639659999999935,
              -3.710350999999946
            ],
            [
              -38.63952899999998,
              -3.7097649999999476
            ],
            [
              -38.63935799999996,
              -3.7093509999999696
            ],
            [
              -38.63906399999996,
              -3.7087649999999712
            ],
            [
              -38.638630999999975,
              -3.7081289999999285
            ],
            [
              -38.63815499999998,
              -3.707531999999958
            ],
            [
              -38.63630399999994,
              -3.705396999999948
            ],
            [
              -38.63334199999997,
              -3.7018039999999246
            ],
            [
              -38.63275399999998,
              -3.70109999999994
            ],
            [
              -38.634158999999954,
              -3.7012059999999565
            ],
            [
              -38.635902999999985,
              -3.7014129999999454
            ],
            [
              -38.63657999999998,
              -3.70192899999995
            ],
            [
              -38.63783099999995,
              -3.703333999999927
            ],
            [
              -38.63897999999995,
              -3.704800999999975
            ],
            [
              -38.63990299999995,
              -3.705957999999953
            ],
            [
              -38.64160599999997,
              -3.706763999999964
            ],
            [
              -38.64378099999993,
              -3.708292999999969
            ],
            [
              -38.644785999999954,
              -3.709511999999961
            ],
            [
              -38.646180999999956,
              -3.711288999999965
            ],
            [
              -38.647944999999936,
              -3.713333999999975
            ],
            [
              -38.649118999999985,
              -3.714789899999971
            ],
            [
              -38.649799299999984,
              -3.7144611999999597
            ],
            [
              -38.64994349999995,
              -3.7148579999999356
            ],
            [
              -38.65026439999997,
              -3.715692199999978
            ],
            [
              -38.65041409999998,
              -3.7160129999999754
            ],
            [
              -38.65099159999994,
              -3.7168898999999556
            ],
            [
              -38.651184099999966,
              -3.717082399999981
            ],
            [
              -38.65131239999994,
              -3.717595699999947
            ],
            [
              -38.65146209999995,
              -3.71847269999995
            ],
            [
              -38.65141929999993,
              -3.720483199999933
            ],
            [
              -38.651526299999944,
              -3.7214883999999415
            ],
            [
              -38.651724299999955,
              -3.7219438999999284
            ],
            [
              -38.65173199999998,
              -3.7219409999999584
            ],
            [
              -38.65232599999996,
              -3.7230089999999336
            ],
            [
              -38.65239599999995,
              -3.7231709999999794
            ],
            [
              -38.65273599999995,
              -3.72376399999996
            ],
            [
              -38.65296499999994,
              -3.7241999999999393
            ],
            [
              -38.65303199999994,
              -3.724275999999975
            ],
            [
              -38.653291999999965,
              -3.7247829999999453
            ],
            [
              -38.653553699999975,
              -3.725217099999952
            ],
            [
              -38.654075999999975,
              -3.7261029999999664
            ],
            [
              -38.654299099999946,
              -3.726490399999932
            ],
            [
              -38.654443999999955,
              -3.7267949999999246
            ],
            [
              -38.654582999999946,
              -3.7270729999999617
            ],
            [
              -38.654668699999945,
              -3.727448699999968
            ],
            [
              -38.654724999999985,
              -3.728328999999974
            ],
            [
              -38.65473399999996,
              -3.7305879999999547
            ]
          ]
        ]
      }
    },
    {
      "type": "Feature",
      "properties": {
        "id": "caucaia:itapoa",
        "name": "Itapoã",
        "municipality": "Caucaia",
        "kind": "bairro",
        "source": "IBGE - Malha de Setores Censitarios 2022 agregada por unidade territorial de Caucaia"
      },
      "geometry": {
        "type": "Polygon",
        "coordinates": [
          [
            [
              -38.67577629999994,
              -3.716502699999978
            ],
            [
              -38.675531999999976,
              -3.7167779999999766
            ],
            [
              -38.675149999999974,
              -3.717194999999947
            ],
            [
              -38.67478199999994,
              -3.717519999999979
            ],
            [
              -38.67440099999993,
              -3.717790999999977
            ],
            [
              -38.674012999999945,
              -3.7180159999999773
            ],
            [
              -38.67309299999994,
              -3.7182809999999336
            ],
            [
              -38.671337999999935,
              -3.7187439999999583
            ],
            [
              -38.67052799999993,
              -3.718977999999936
            ],
            [
              -38.667149999999936,
              -3.719979999999964
            ],
            [
              -38.66712099999995,
              -3.719806999999946
            ],
            [
              -38.66703199999995,
              -3.7194659999999544
            ],
            [
              -38.66695299999998,
              -3.719135999999935
            ],
            [
              -38.666886999999974,
              -3.7188579999999547
            ],
            [
              -38.66681399999993,
              -3.7184819999999377
            ],
            [
              -38.666759999999954,
              -3.718236999999931
            ],
            [
              -38.66661709999994,
              -3.718037099999947
            ],
            [
              -38.66633099999996,
              -3.7173121999999807
            ],
            [
              -38.666333899999984,
              -3.7172623999999246
            ],
            [
              -38.66638699999993,
              -3.7163609999999494
            ],
            [
              -38.66633859999996,
              -3.7163547999999764
            ],
            [
              -38.66643009999996,
              -3.7161848999999734
            ],
            [
              -38.666769699999975,
              -3.7139209999999707
            ],
            [
              -38.666939499999955,
              -3.7130531999999334
            ],
            [
              -38.667109299999936,
              -3.7119778999999653
            ],
            [
              -38.66720359999994,
              -3.7118458999999575
            ],
            [
              -38.667373399999974,
              -3.711789299999964
            ],
            [
              -38.66831449999995,
              -3.7115539999999783
            ],
            [
              -38.66831659999997,
              -3.711562899999933
            ],
            [
              -38.66835919999994,
              -3.711619799999937
            ],
            [
              -38.66924229999995,
              -3.71141149999994
            ],
            [
              -38.66946569999993,
              -3.712247199999979
            ],
            [
              -38.67143289999996,
              -3.711753299999941
            ],
            [
              -38.67438409999994,
              -3.711054299999944
            ],
            [
              -38.67538969999998,
              -3.715202599999941
            ],
            [
              -38.67566289999996,
              -3.716239899999948
            ],
            [
              -38.67577629999994,
              -3.716502699999978
            ]
          ]
        ]
      }
    },
    {
      "type": "Feature",
      "properties": {
        "id": "caucaia:jandaiguaba",
        "name": "Jandaiguaba",
        "municipality": "Caucaia",
        "kind": "bairro",
        "source": "IBGE - Malha de Setores Censitarios 2022 agregada por unidade territorial de Caucaia"
      },
      "geometry": {
        "type": "Polygon",
        "coordinates": [
          [
            [
              -38.70485779999996,
              -3.7308470999999486
            ],
            [
              -38.70474509999997,
              -3.7308294999999703
            ],
            [
              -38.70359229999997,
              -3.730612699999938
            ],
            [
              -38.70353159999996,
              -3.730498599999976
            ],
            [
              -38.702301499999976,
              -3.7303008999999747
            ],
            [
              -38.70167109999994,
              -3.7303355999999326
            ],
            [
              -38.70116299999995,
              -3.730342999999948
            ],
            [
              -38.70028899999994,
              -3.7303869999999506
            ],
            [
              -38.69912399999998,
              -3.7302839999999264
            ],
            [
              -38.698406999999975,
              -3.7303099999999745
            ],
            [
              -38.697584699999936,
              -3.730384899999933
            ],
            [
              -38.69757299999998,
              -3.730385999999953
            ],
            [
              -38.69677699999994,
              -3.730596999999932
            ],
            [
              -38.69620699999996,
              -3.7307949999999437
            ],
            [
              -38.695231999999976,
              -3.731141999999977
            ],
            [
              -38.69481899999994,
              -3.731288999999947
            ],
            [
              -38.694042999999965,
              -3.731600999999955
            ],
            [
              -38.693419999999946,
              -3.7317239999999288
            ],
            [
              -38.69286599999998,
              -3.731685999999968
            ],
            [
              -38.69198899999998,
              -3.731576999999959
            ],
            [
              -38.69018599999998,
              -3.7312409999999545
            ],
            [
              -38.68706499999996,
              -3.7305429999999546
            ],
            [
              -38.68494799999996,
              -3.730073999999945
            ],
            [
              -38.684012999999936,
              -3.7298679999999536
            ],
            [
              -38.68387279999996,
              -3.729708599999981
            ],
            [
              -38.68373799999995,
              -3.729513099999963
            ],
            [
              -38.68367049999995,
              -3.729223099999956
            ],
            [
              -38.68352049999993,
              -3.728563999999949
            ],
            [
              -38.68339119999996,
              -3.7280580999999415
            ],
            [
              -38.68335899999994,
              -3.727931999999953
            ],
            [
              -38.68325399999998,
              -3.7268979999999488
            ],
            [
              -38.68310799999995,
              -3.7260579999999663
            ],
            [
              -38.68278899999996,
              -3.7249259999999254
            ],
            [
              -38.682474999999954,
              -3.723786999999959
            ],
            [
              -38.68227899999994,
              -3.7227139999999395
            ],
            [
              -38.68214899999998,
              -3.7222629999999413
            ],
            [
              -38.68183299999998,
              -3.7213779999999588
            ],
            [
              -38.68159899999995,
              -3.7206239999999298
            ],
            [
              -38.68127599999997,
              -3.7193149999999378
            ],
            [
              -38.68140409999995,
              -3.7191594999999325
            ],
            [
              -38.68165199999993,
              -3.71884799999998
            ],
            [
              -38.68210199999993,
              -3.7181889999999385
            ],
            [
              -38.68253199999998,
              -3.7174699999999348
            ],
            [
              -38.682987999999966,
              -3.71676999999994
            ],
            [
              -38.68340799999993,
              -3.7161429999999314
            ],
            [
              -38.68374499999993,
              -3.715541999999971
            ],
            [
              -38.68406099999993,
              -3.715048999999965
            ],
            [
              -38.68445099999997,
              -3.714497999999935
            ],
            [
              -38.68476199999998,
              -3.713957999999934
            ],
            [
              -38.68509899999998,
              -3.71347499999996
            ],
            [
              -38.68552099999994,
              -3.7130679999999643
            ],
            [
              -38.686045999999976,
              -3.7127369999999473
            ],
            [
              -38.686965999999984,
              -3.712144999999964
            ],
            [
              -38.69036929999993,
              -3.710190999999952
            ],
            [
              -38.69057299999997,
              -3.7100739999999632
            ],
            [
              -38.69299199999995,
              -3.708657999999957
            ],
            [
              -38.69390199999998,
              -3.709193999999968
            ],
            [
              -38.69499499999995,
              -3.7094569999999294
            ],
            [
              -38.695363999999984,
              -3.709688999999969
            ],
            [
              -38.69557899999995,
              -3.7099059999999326
            ],
            [
              -38.695640999999966,
              -3.7102779999999598
            ],
            [
              -38.696117999999956,
              -3.710448999999926
            ],
            [
              -38.69640999999996,
              -3.710463999999945
            ],
            [
              -38.69656399999997,
              -3.710386999999969
            ],
            [
              -38.69667199999998,
              -3.710200999999927
            ],
            [
              -38.69690299999996,
              -3.710200999999927
            ],
            [
              -38.69700999999998,
              -3.7104799999999614
            ],
            [
              -38.69725599999998,
              -3.710634999999968
            ],
            [
              -38.69788699999998,
              -3.710850999999934
            ],
            [
              -38.697963999999956,
              -3.7110139999999774
            ],
            [
              -38.69804099999993,
              -3.711292999999955
            ],
            [
              -38.69819499999994,
              -3.711757999999975
            ],
            [
              -38.69836399999997,
              -3.7120989999999665
            ],
            [
              -38.69854899999996,
              -3.712656999999979
            ],
            [
              -38.69867199999993,
              -3.713043999999968
            ],
            [
              -38.698856999999975,
              -3.7136639999999375
            ],
            [
              -38.699179999999956,
              -3.7142529999999283
            ],
            [
              -38.699671999999964,
              -3.7151049999999373
            ],
            [
              -38.70007199999998,
              -3.7153529999999364
            ],
            [
              -38.70036399999998,
              -3.715956999999946
            ],
            [
              -38.700856999999985,
              -3.716645999999969
            ],
            [
              -38.701194999999984,
              -3.716754999999978
            ],
            [
              -38.70157999999998,
              -3.7168629999999325
            ],
            [
              -38.70190299999996,
              -3.7172349999999597
            ],
            [
              -38.70220999999998,
              -3.717668999999944
            ],
            [
              -38.70293399999997,
              -3.717807999999934
            ],
            [
              -38.703533999999934,
              -3.718226999999956
            ],
            [
              -38.70399499999996,
              -3.719016999999951
            ],
            [
              -38.70479379999995,
              -3.719593599999939
            ],
            [
              -38.70422679999996,
              -3.7205081999999265
            ],
            [
              -38.703533499999935,
              -3.7207062999999607
            ],
            [
              -38.70311269999996,
              -3.7212509999999384
            ],
            [
              -38.70274129999996,
              -3.721572799999933
            ],
            [
              -38.702617499999974,
              -3.722216499999945
            ],
            [
              -38.702493699999934,
              -3.7225135999999566
            ],
            [
              -38.70246649999996,
              -3.7227309999999534
            ],
            [
              -38.70239469999996,
              -3.723305899999957
            ],
            [
              -38.70236989999995,
              -3.723677299999963
            ],
            [
              -38.702493699999934,
              -3.723924899999929
            ],
            [
              -38.70239469999996,
              -3.7242219999999406
            ],
            [
              -38.70251399999995,
              -3.7246785999999474
            ],
            [
              -38.70421909999993,
              -3.724294899999961
            ],
            [
              -38.70466159999995,
              -3.7264423999999394
            ],
            [
              -38.704730799999936,
              -3.727064999999925
            ],
            [
              -38.70482789999994,
              -3.727640299999962
            ],
            [
              -38.70482999999996,
              -3.72786119999995
            ],
            [
              -38.70485779999996,
              -3.7308470999999486
            ]
          ]
        ]
      }
    },
    {
      "type": "Feature",
      "properties": {
        "id": "caucaia:japuara",
        "name": "Japuara",
        "municipality": "Caucaia",
        "kind": "aglomerado",
        "source": "IBGE - Malha de Setores Censitarios 2022 agregada por unidade territorial de Caucaia"
      },
      "geometry": {
        "type": "MultiPolygon",
        "coordinates": [
          [
            [
              [
                -38.76046109999993,
                -3.681848299999956
              ],
              [
                -38.75410029999995,
                -3.682110199999954
              ],
              [
                -38.75409499999995,
                -3.6821019999999294
              ],
              [
                -38.754109899999946,
                -3.6819017999999346
              ],
              [
                -38.75414099999995,
                -3.681761799999947
              ],
              [
                -38.754182499999956,
                -3.681600899999978
              ],
              [
                -38.75435889999994,
                -3.681216999999947
              ],
              [
                -38.754364099999975,
                -3.680200099999979
              ],
              [
                -38.75435369999997,
                -3.6800132999999278
              ],
              [
                -38.754322299999956,
                -3.679902899999945
              ],
              [
                -38.75759519999997,
                -3.678878299999951
              ],
              [
                -38.759092599999974,
                -3.6791888999999287
              ],
              [
                -38.75928669999996,
                -3.6808471999999597
              ],
              [
                -38.759797599999956,
                -3.680762899999934
              ],
              [
                -38.76043199999998,
                -3.6807916999999293
              ],
              [
                -38.76046109999993,
                -3.681848299999956
              ]
            ]
          ],
          [
            [
              [
                -38.75433499999997,
                -3.6802474999999504
              ],
              [
                -38.75423949999998,
                -3.6812550999999303
              ],
              [
                -38.75127169999996,
                -3.6814472999999452
              ],
              [
                -38.75107879999996,
                -3.680148299999928
              ],
              [
                -38.75008959999997,
                -3.6800576999999635
              ],
              [
                -38.74990589999993,
                -3.6799960999999257
              ],
              [
                -38.74974699999996,
                -3.6798654999999485
              ],
              [
                -38.749776199999985,
                -3.6787746999999626
              ],
              [
                -38.74806629999995,
                -3.678839699999969
              ],
              [
                -38.74801059999993,
                -3.6780365999999276
              ],
              [
                -38.75273709999993,
                -3.6777678999999353
              ],
              [
                -38.752985999999964,
                -3.678628099999969
              ],
              [
                -38.752850499999965,
                -3.680200799999966
              ],
              [
                -38.75432939999996,
                -3.6802549999999314
              ],
              [
                -38.75433499999997,
                -3.6802474999999504
              ]
            ]
          ],
          [
            [
              [
                -38.75365969999996,
                -3.673588099999961
              ],
              [
                -38.74821389999994,
                -3.6745939999999564
              ],
              [
                -38.74771479999998,
                -3.674643899999978
              ],
              [
                -38.74757719999997,
                -3.6726582999999664
              ],
              [
                -38.74761559999996,
                -3.6723473999999783
              ],
              [
                -38.747792999999945,
                -3.672248799999977
              ],
              [
                -38.752389999999934,
                -3.6716222999999673
              ],
              [
                -38.752639999999985,
                -3.672387399999934
              ],
              [
                -38.752837099999965,
                -3.6727409999999736
              ],
              [
                -38.75297569999998,
                -3.6729395999999497
              ],
              [
                -38.75327299999998,
                -3.673154499999953
              ],
              [
                -38.75346559999997,
                -3.673307199999954
              ],
              [
                -38.75365969999996,
                -3.673588099999961
              ]
            ]
          ],
          [
            [
              [
                -38.751203799999985,
                -3.681088099999954
              ],
              [
                -38.748135599999955,
                -3.6823278999999616
              ],
              [
                -38.746344499999964,
                -3.683009899999945
              ],
              [
                -38.746323899999936,
                -3.682950999999946
              ],
              [
                -38.745871799999975,
                -3.6789776999999617
              ],
              [
                -38.74610999999993,
                -3.6789593999999397
              ],
              [
                -38.74693819999993,
                -3.6789172999999664
              ],
              [
                -38.74803349999996,
                -3.678859599999953
              ],
              [
                -38.74975139999998,
                -3.678799099999935
              ],
              [
                -38.74973979999993,
                -3.679781799999944
              ],
              [
                -38.749737599999946,
                -3.6798820999999293
              ],
              [
                -38.74986769999998,
                -3.679985399999964
              ],
              [
                -38.75001199999997,
                -3.6800673999999276
              ],
              [
                -38.75106129999995,
                -3.6801690999999437
              ],
              [
                -38.751203799999985,
                -3.681088099999954
              ]
            ]
          ],
          [
            [
              [
                -38.74817749999994,
                -3.6859302999999386
              ],
              [
                -38.74664939999997,
                -3.6863581999999724
              ],
              [
                -38.74643149999997,
                -3.6838767999999504
              ],
              [
                -38.74783579999996,
                -3.6839336999999546
              ],
              [
                -38.74817749999994,
                -3.6859302999999386
              ]
            ]
          ],
          [
            [
              [
                -38.74528909999998,
                -3.683166099999937
              ],
              [
                -38.74202789999998,
                -3.6836053999999763
              ],
              [
                -38.742582599999935,
                -3.6820568999999637
              ],
              [
                -38.74173959999996,
                -3.682207799999958
              ],
              [
                -38.74172619999996,
                -3.6817596999999296
              ],
              [
                -38.742551499999934,
                -3.68158219999998
              ],
              [
                -38.74250239999998,
                -3.681348699999944
              ],
              [
                -38.74224469999996,
                -3.6792797999999607
              ],
              [
                -38.743722799999944,
                -3.679132999999979
              ],
              [
                -38.74394469999993,
                -3.6818660999999793
              ],
              [
                -38.74502729999995,
                -3.6817640999999526
              ],
              [
                -38.74528019999997,
                -3.683157299999948
              ],
              [
                -38.74528909999998,
                -3.683166099999937
              ]
            ]
          ]
        ]
      }
    },
    {
      "type": "Feature",
      "properties": {
        "id": "caucaia:jardim-icarai",
        "name": "Jardim Icaraí",
        "municipality": "Caucaia",
        "kind": "bairro",
        "source": "IBGE - Malha de Setores Censitarios 2022 agregada por unidade territorial de Caucaia"
      },
      "geometry": {
        "type": "Polygon",
        "coordinates": [
          [
            [
              -38.65973199999996,
              -3.701588999999956
            ],
            [
              -38.65969599999994,
              -3.701877999999965
            ],
            [
              -38.659644999999955,
              -3.702047999999934
            ],
            [
              -38.65932269999996,
              -3.7027009999999336
            ],
            [
              -38.65899299999995,
              -3.7033909999999537
            ],
            [
              -38.658537999999965,
              -3.702605999999946
            ],
            [
              -38.65796899999998,
              -3.70137399999993
            ],
            [
              -38.65783799999997,
              -3.7009479999999257
            ],
            [
              -38.65772999999996,
              -3.7008859999999686
            ],
            [
              -38.657599999999945,
              -3.7008319999999344
            ],
            [
              -38.65752999999995,
              -3.7007699999999772
            ],
            [
              -38.65740699999998,
              -3.7007699999999772
            ],
            [
              -38.65732299999996,
              -3.7007079999999632
            ],
            [
              -38.65721499999995,
              -3.700676999999928
            ],
            [
              -38.65702999999996,
              -3.700568999999973
            ],
            [
              -38.65694599999995,
              -3.7004989999999793
            ],
            [
              -38.65692299999995,
              -3.7003669999999715
            ],
            [
              -38.65689999999995,
              -3.70025899999996
            ],
            [
              -38.65679199999994,
              -3.700211999999965
            ],
            [
              -38.65663799999993,
              -3.70026699999994
            ],
            [
              -38.656537999999955,
              -3.7000959999999736
            ],
            [
              -38.656506999999976,
              -3.699940999999967
            ],
            [
              -38.65645299999994,
              -3.6997629999999617
            ],
            [
              -38.65641499999998,
              -3.6996469999999704
            ],
            [
              -38.65636099999995,
              -3.6995379999999614
            ],
            [
              -38.656222999999954,
              -3.6995149999999626
            ],
            [
              -38.65612299999998,
              -3.6993909999999346
            ],
            [
              -38.65590699999996,
              -3.6993059999999787
            ],
            [
              -38.655737999999985,
              -3.699406999999951
            ],
            [
              -38.65557599999994,
              -3.69942999999995
            ],
            [
              -38.65555299999994,
              -3.699344999999937
            ],
            [
              -38.655599999999936,
              -3.699220999999966
            ],
            [
              -38.65565299999997,
              -3.6991279999999733
            ],
            [
              -38.65521499999994,
              -3.698778999999945
            ],
            [
              -38.65534599999995,
              -3.69859299999996
            ],
            [
              -38.65543799999995,
              -3.6983679999999595
            ],
            [
              -38.65539199999995,
              -3.6982059999999706
            ],
            [
              -38.65392299999996,
              -3.697693999999956
            ],
            [
              -38.652698999999984,
              -3.6971439999999802
            ],
            [
              -38.65216099999998,
              -3.6969119999999407
            ],
            [
              -38.65159199999994,
              -3.6967179999999757
            ],
            [
              -38.65097599999996,
              -3.696694999999977
            ],
            [
              -38.650698999999975,
              -3.6966869999999403
            ],
            [
              -38.65064599999994,
              -3.696671999999978
            ],
            [
              -38.64980699999995,
              -3.6966019999999276
            ],
            [
              -38.649183999999934,
              -3.6965319999999338
            ],
            [
              -38.649121599999944,
              -3.69650299999995
            ],
            [
              -38.64848399999994,
              -3.6962069999999585
            ],
            [
              -38.64811499999996,
              -3.6960679999999684
            ],
            [
              -38.64770699999997,
              -3.6957499999999754
            ],
            [
              -38.647652999999934,
              -3.6955169999999384
            ],
            [
              -38.64754499999998,
              -3.695400999999947
            ],
            [
              -38.64737599999995,
              -3.6952849999999557
            ],
            [
              -38.64721499999996,
              -3.695253999999977
            ],
            [
              -38.64588399999997,
              -3.6949749999999426
            ],
            [
              -38.645767999999975,
              -3.69488999999993
            ],
            [
              -38.645760999999936,
              -3.694672999999966
            ],
            [
              -38.64566099999996,
              -3.6945259999999394
            ],
            [
              -38.64556799999997,
              -3.694370999999933
            ],
            [
              -38.64525299999997,
              -3.6942079999999464
            ],
            [
              -38.64504499999998,
              -3.6941999999999666
            ],
            [
              -38.64481499999994,
              -3.6939519999999675
            ],
            [
              -38.64466679999998,
              -3.6938411999999516
            ],
            [
              -38.64416959999994,
              -3.692883699999925
            ],
            [
              -38.64525029999993,
              -3.692786299999966
            ],
            [
              -38.64571399999994,
              -3.6926930999999286
            ],
            [
              -38.64596789999996,
              -3.6926085999999714
            ],
            [
              -38.646172699999966,
              -3.6925094999999715
            ],
            [
              -38.64644809999993,
              -3.6923166999999353
            ],
            [
              -38.64685119999996,
              -3.6919231999999624
            ],
            [
              -38.647622299999966,
              -3.6908880999999383
            ],
            [
              -38.64900249999994,
              -3.6891438999999764
            ],
            [
              -38.64940879999995,
              -3.6890101999999274
            ],
            [
              -38.64992749999993,
              -3.6889352999999687
            ],
            [
              -38.65245129999994,
              -3.688849799999957
            ],
            [
              -38.653403099999935,
              -3.6887909999999806
            ],
            [
              -38.65387369999996,
              -3.6886358999999516
            ],
            [
              -38.654019999999946,
              -3.6883915999999317
            ],
            [
              -38.65418049999994,
              -3.688303899999937
            ],
            [
              -38.65418879999993,
              -3.6881676999999513
            ],
            [
              -38.654263699999944,
              -3.6880111999999485
            ],
            [
              -38.654351599999984,
              -3.687740299999973
            ],
            [
              -38.654389599999945,
              -3.687537099999929
            ],
            [
              -38.65425299999998,
              -3.686371299999962
            ],
            [
              -38.654130599999974,
              -3.6856701999999473
            ],
            [
              -38.653997499999946,
              -3.684778999999935
            ],
            [
              -38.653961899999956,
              -3.6844465999999443
            ],
            [
              -38.65404389999998,
              -3.684122299999956
            ],
            [
              -38.654239899999936,
              -3.6838120999999546
            ],
            [
              -38.65451799999994,
              -3.6835578999999257
            ],
            [
              -38.65474849999998,
              -3.68341659999993
            ],
            [
              -38.65498969999993,
              -3.6833334999999465
            ],
            [
              -38.65581549999996,
              -3.6832407999999646
            ],
            [
              -38.65635499999996,
              -3.683246699999927
            ],
            [
              -38.65694079999997,
              -3.683321499999977
            ],
            [
              -38.65717009999997,
              -3.683324999999968
            ],
            [
              -38.65730709999997,
              -3.68330009999994
            ],
            [
              -38.65733299999994,
              -3.6834729999999354
            ],
            [
              -38.65743029999993,
              -3.6839693999999668
            ],
            [
              -38.65748369999994,
              -3.6843467999999575
            ],
            [
              -38.657640999999956,
              -3.685167999999976
            ],
            [
              -38.65773999999993,
              -3.6858969999999545
            ],
            [
              -38.65780499999994,
              -3.6865649999999732
            ],
            [
              -38.65784899999994,
              -3.6869629999999347
            ],
            [
              -38.657921999999985,
              -3.6876029999999673
            ],
            [
              -38.65805899999998,
              -3.6886479999999437
            ],
            [
              -38.65809299999995,
              -3.6890119999999342
            ],
            [
              -38.658019999999965,
              -3.689630999999963
            ],
            [
              -38.65793999999994,
              -3.6901149999999348
            ],
            [
              -38.65793299999996,
              -3.6903169999999363
            ],
            [
              -38.65792399999998,
              -3.6907359999999585
            ],
            [
              -38.65797599999996,
              -3.6919599999999377
            ],
            [
              -38.65802999999994,
              -3.692985999999962
            ],
            [
              -38.65806399999997,
              -3.694010999999932
            ],
            [
              -38.65810699999997,
              -3.695075999999972
            ],
            [
              -38.65815249999997,
              -3.695946899999967
            ],
            [
              -38.65821699999998,
              -3.696331999999927
            ],
            [
              -38.65860199999997,
              -3.6976739999999495
            ],
            [
              -38.65955399999996,
              -3.700785999999937
            ],
            [
              -38.65962899999994,
              -3.7011339999999677
            ],
            [
              -38.659712999999954,
              -3.7013789999999744
            ],
            [
              -38.65973199999996,
              -3.701588999999956
            ]
          ]
        ]
      }
    },
    {
      "type": "Feature",
      "properties": {
        "id": "caucaia:lago-verde",
        "name": "Lago Verde",
        "municipality": "Caucaia",
        "kind": "bairro",
        "source": "IBGE - Malha de Setores Censitarios 2022 agregada por unidade territorial de Caucaia"
      },
      "geometry": {
        "type": "Polygon",
        "coordinates": [
          [
            [
              -38.684817899999985,
              -3.7619575999999597
            ],
            [
              -38.68009059999997,
              -3.762796299999934
            ],
            [
              -38.67910889999996,
              -3.7629856999999447
            ],
            [
              -38.67599649999994,
              -3.763546799999972
            ],
            [
              -38.672675399999946,
              -3.764131599999928
            ],
            [
              -38.669464999999946,
              -3.76469979999996
            ],
            [
              -38.66730579999995,
              -3.7650974999999676
            ],
            [
              -38.666623999999956,
              -3.76552369999996
            ],
            [
              -38.66648189999995,
              -3.765694099999962
            ],
            [
              -38.66585689999994,
              -3.766716899999949
            ],
            [
              -38.665420799999936,
              -3.767512199999942
            ],
            [
              -38.665367999999944,
              -3.7674839999999676
            ],
            [
              -38.66492999999997,
              -3.7672739999999294
            ],
            [
              -38.66343399999994,
              -3.7665309999999295
            ],
            [
              -38.66112499999997,
              -3.7653399999999806
            ],
            [
              -38.660552999999936,
              -3.765049999999974
            ],
            [
              -38.66056699999996,
              -3.7649469999999496
            ],
            [
              -38.66065299999997,
              -3.764731999999981
            ],
            [
              -38.661887999999976,
              -3.763053999999954
            ],
            [
              -38.66222699999997,
              -3.7624679999999557
            ],
            [
              -38.66284899999994,
              -3.7615529999999353
            ],
            [
              -38.66370139999998,
              -3.76024289999998
            ],
            [
              -38.66404989999995,
              -3.7597902999999633
            ],
            [
              -38.66442729999994,
              -3.75930029999995
            ],
            [
              -38.66489809999996,
              -3.7586182999999664
            ],
            [
              -38.665498799999966,
              -3.7577415999999744
            ],
            [
              -38.666651599999966,
              -3.7561666999999375
            ],
            [
              -38.66686269999997,
              -3.75572829999993
            ],
            [
              -38.666892099999984,
              -3.754948899999931
            ],
            [
              -38.667047199999956,
              -3.753714499999944
            ],
            [
              -38.667123999999944,
              -3.7537489999999707
            ],
            [
              -38.66731299999998,
              -3.753962999999942
            ],
            [
              -38.66750099999996,
              -3.7541459999999347
            ],
            [
              -38.66761199999996,
              -3.754299999999944
            ],
            [
              -38.66776599999997,
              -3.754334999999969
            ],
            [
              -38.66796799999997,
              -3.754334999999969
            ],
            [
              -38.668064999999956,
              -3.7542929999999615
            ],
            [
              -38.66814899999997,
              -3.75418099999996
            ],
            [
              -38.668294999999944,
              -3.754054999999937
            ],
            [
              -38.66847599999994,
              -3.7539919999999256
            ],
            [
              -38.668601999999964,
              -3.7539919999999256
            ],
            [
              -38.66885999999994,
              -3.75408299999998
            ],
            [
              -38.669137999999975,
              -3.754201999999964
            ],
            [
              -38.669340999999974,
              -3.754208999999946
            ],
            [
              -38.669667999999945,
              -3.754208999999946
            ],
            [
              -38.66980099999995,
              -3.7541459999999347
            ],
            [
              -38.67004399999996,
              -3.7540339999999333
            ],
            [
              -38.670357999999965,
              -3.7538509999999405
            ],
            [
              -38.67056699999995,
              -3.7537669999999252
            ],
            [
              -38.670657999999946,
              -3.7536269999999377
            ],
            [
              -38.67073399999998,
              -3.753492999999935
            ],
            [
              -38.67081799999994,
              -3.753324999999961
            ],
            [
              -38.67093699999998,
              -3.7531629999999723
            ],
            [
              -38.67108299999995,
              -3.7529949999999417
            ],
            [
              -38.671298999999976,
              -3.7528689999999756
            ],
            [
              -38.67149399999994,
              -3.7528689999999756
            ],
            [
              -38.67170999999996,
              -3.752924999999948
            ],
            [
              -38.67184899999995,
              -3.7529949999999417
            ],
            [
              -38.671967999999936,
              -3.7531489999999508
            ],
            [
              -38.67220499999996,
              -3.753268999999932
            ],
            [
              -38.67236499999996,
              -3.753394999999955
            ],
            [
              -38.67266499999994,
              -3.7534089999999765
            ],
            [
              -38.672838999999954,
              -3.753415999999959
            ],
            [
              -38.67306899999994,
              -3.753471999999931
            ],
            [
              -38.673577999999964,
              -3.7536479999999415
            ],
            [
              -38.67393299999998,
              -3.7538299999999367
            ],
            [
              -38.67400299999997,
              -3.753941999999938
            ],
            [
              -38.67400299999997,
              -3.754306999999926
            ],
            [
              -38.67408699999993,
              -3.754545999999948
            ],
            [
              -38.674225999999976,
              -3.754643999999928
            ],
            [
              -38.67435109999997,
              -3.754663799999946
            ],
            [
              -38.67449099999993,
              -3.7546859999999356
            ],
            [
              -38.67476999999997,
              -3.7546859999999356
            ],
            [
              -38.67496499999993,
              -3.754699999999957
            ],
            [
              -38.67531299999996,
              -3.754671999999971
            ],
            [
              -38.67546599999997,
              -3.7545879999999556
            ],
            [
              -38.675730999999985,
              -3.7545039999999403
            ],
            [
              -38.67599599999994,
              -3.754334999999969
            ],
            [
              -38.676218999999946,
              -3.75418099999996
            ],
            [
              -38.676413999999966,
              -3.75418099999996
            ],
            [
              -38.676608999999985,
              -3.7541949999999247
            ],
            [
              -38.676999999999964,
              -3.7542369999999323
            ],
            [
              -38.677152999999976,
              -3.7542929999999615
            ],
            [
              -38.67733399999997,
              -3.754447999999968
            ],
            [
              -38.67743199999995,
              -3.754573999999934
            ],
            [
              -38.67743199999995,
              -3.75488299999995
            ],
            [
              -38.677584999999965,
              -3.755092999999931
            ],
            [
              -38.67766899999998,
              -3.7552199999999516
            ],
            [
              -38.67783599999996,
              -3.7552619999999592
            ],
            [
              -38.67818399999993,
              -3.755401999999947
            ],
            [
              -38.67828199999997,
              -3.7554719999999406
            ],
            [
              -38.67849099999995,
              -3.7555289999999673
            ],
            [
              -38.67859599999997,
              -3.755615999999975
            ],
            [
              -38.67878399999995,
              -3.755615999999975
            ],
            [
              -38.67897899999997,
              -3.7555739999999673
            ],
            [
              -38.67915999999997,
              -3.755510999999956
            ],
            [
              -38.67941099999996,
              -3.7554269999999406
            ],
            [
              -38.67965499999997,
              -3.7553219999999783
            ],
            [
              -38.679933999999946,
              -3.7553289999999606
            ],
            [
              -38.68012199999998,
              -3.7552859999999555
            ],
            [
              -38.68028199999998,
              -3.7551319999999464
            ],
            [
              -38.68044199999997,
              -3.754801999999927
            ],
            [
              -38.68053299999997,
              -3.754605999999967
            ],
            [
              -38.680804999999964,
              -3.754605999999967
            ],
            [
              -38.68098599999996,
              -3.7546969999999646
            ],
            [
              -38.68110399999995,
              -3.7548369999999522
            ],
            [
              -38.681250999999975,
              -3.754970999999955
            ],
            [
              -38.68139699999995,
              -3.755145999999968
            ],
            [
              -38.68221299999993,
              -3.7557219999999347
            ],
            [
              -38.682504999999935,
              -3.755875999999944
            ],
            [
              -38.68263099999996,
              -3.7561569999999733
            ],
            [
              -38.682713999999976,
              -3.7566059999999766
            ],
            [
              -38.68272799999994,
              -3.756956999999943
            ],
            [
              -38.68282599999998,
              -3.757208999999932
            ],
            [
              -38.68296499999997,
              -3.7574059999999463
            ],
            [
              -38.68304899999998,
              -3.7576309999999467
            ],
            [
              -38.68309099999993,
              -3.7579109999999787
            ],
            [
              -38.68309099999993,
              -3.758233999999959
            ],
            [
              -38.68327199999993,
              -3.758528999999953
            ],
            [
              -38.68334199999998,
              -3.7587669999999775
            ],
            [
              -38.68348099999997,
              -3.7589079999999626
            ],
            [
              -38.683675999999934,
              -3.7590619999999717
            ],
            [
              -38.683675999999934,
              -3.759454999999946
            ],
            [
              -38.68371799999994,
              -3.7597079999999323
            ],
            [
              -38.68392699999998,
              -3.7600309999999695
            ],
            [
              -38.68414999999993,
              -3.7602129999999647
            ],
            [
              -38.68440099999998,
              -3.760633999999925
            ],
            [
              -38.68448499999994,
              -3.7609849999999483
            ],
            [
              -38.68479099999996,
              -3.7618269999999256
            ],
            [
              -38.68481449999996,
              -3.761940999999979
            ],
            [
              -38.684817899999985,
              -3.7619575999999597
            ]
          ]
        ]
      }
    },
    {
      "type": "Feature",
      "properties": {
        "id": "caucaia:lagoa-do-banana",
        "name": "Lagoa do Banana",
        "municipality": "Caucaia",
        "kind": "bairro",
        "source": "IBGE - Malha de Setores Censitarios 2022 agregada por unidade territorial de Caucaia"
      },
      "geometry": {
        "type": "Polygon",
        "coordinates": [
          [
            [
              -38.76296659999997,
              -3.627972199999931
            ],
            [
              -38.762910499999975,
              -3.6284640999999738
            ],
            [
              -38.762867599999936,
              -3.6288436999999476
            ],
            [
              -38.762864399999955,
              -3.628852399999971
            ],
            [
              -38.76221999999996,
              -3.62963689999998
            ],
            [
              -38.76204029999997,
              -3.6301131999999257
            ],
            [
              -38.761446099999944,
              -3.6315108999999666
            ],
            [
              -38.761251999999956,
              -3.6317796999999246
            ],
            [
              -38.76088559999994,
              -3.632091399999979
            ],
            [
              -38.76058999999998,
              -3.632443299999977
            ],
            [
              -38.760558999999944,
              -3.6327024999999367
            ],
            [
              -38.76055629999996,
              -3.632945399999926
            ],
            [
              -38.76057419999995,
              -3.6331343999999604
            ],
            [
              -38.76056559999995,
              -3.633397299999956
            ],
            [
              -38.760517999999934,
              -3.633723199999963
            ],
            [
              -38.76041209999994,
              -3.634205599999973
            ],
            [
              -38.760355999999945,
              -3.6344936999999504
            ],
            [
              -38.76025489999995,
              -3.634849699999961
            ],
            [
              -38.759961499999974,
              -3.6361027999999465
            ],
            [
              -38.75983969999993,
              -3.6367186999999603
            ],
            [
              -38.759852199999955,
              -3.637463499999967
            ],
            [
              -38.75989189999996,
              -3.6378296999999407
            ],
            [
              -38.75997199999995,
              -3.6383956999999327
            ],
            [
              -38.76006309999997,
              -3.6388211999999385
            ],
            [
              -38.760191599999985,
              -3.639204599999971
            ],
            [
              -38.76029749999998,
              -3.6394171999999685
            ],
            [
              -38.76050369999996,
              -3.639676099999974
            ],
            [
              -38.76081449999998,
              -3.6400129999999535
            ],
            [
              -38.760957099999985,
              -3.6404063999999607
            ],
            [
              -38.761024599999985,
              -3.640908599999932
            ],
            [
              -38.761116999999956,
              -3.6416348999999286
            ],
            [
              -38.761171099999956,
              -3.642418199999952
            ],
            [
              -38.76175619999998,
              -3.6449214999999526
            ],
            [
              -38.761884899999984,
              -3.6453740999999695
            ],
            [
              -38.762219899999934,
              -3.6470584999999573
            ],
            [
              -38.76219499999996,
              -3.6472376999999483
            ],
            [
              -38.76209419999998,
              -3.6473918999999455
            ],
            [
              -38.761854599999936,
              -3.6475946999999564
            ],
            [
              -38.76158069999997,
              -3.6479167999999618
            ],
            [
              -38.761378699999966,
              -3.64863749999995
            ],
            [
              -38.760008099999936,
              -3.652411699999959
            ],
            [
              -38.75991079999994,
              -3.652644799999962
            ],
            [
              -38.75987159999994,
              -3.6531183999999257
            ],
            [
              -38.75972719999993,
              -3.653161999999952
            ],
            [
              -38.75929959999996,
              -3.6533043999999677
            ],
            [
              -38.75423979999994,
              -3.655666999999937
            ],
            [
              -38.753668199999936,
              -3.655874199999971
            ],
            [
              -38.75315749999993,
              -3.6559146999999257
            ],
            [
              -38.752588499999945,
              -3.6559693999999467
            ],
            [
              -38.75180979999993,
              -3.6560358999999494
            ],
            [
              -38.751278999999954,
              -3.6561051999999563
            ],
            [
              -38.750495599999965,
              -3.6561938999999484
            ],
            [
              -38.75011619999998,
              -3.6561832999999524
            ],
            [
              -38.74952669999993,
              -3.6561410999999566
            ],
            [
              -38.74873189999994,
              -3.65610769999995
            ],
            [
              -38.74805879999997,
              -3.65608009999994
            ],
            [
              -38.74754829999995,
              -3.656097999999929
            ],
            [
              -38.74724229999998,
              -3.6561051999999563
            ],
            [
              -38.746666999999945,
              -3.6551449999999477
            ],
            [
              -38.74433499999998,
              -3.6513839999999504
            ],
            [
              -38.74383569999998,
              -3.6506832999999688
            ],
            [
              -38.74301779999996,
              -3.649769699999979
            ],
            [
              -38.742021799999975,
              -3.6486545999999294
            ],
            [
              -38.741804799999954,
              -3.648392299999955
            ],
            [
              -38.74170729999997,
              -3.648210699999936
            ],
            [
              -38.741621899999984,
              -3.6477447999999413
            ],
            [
              -38.74160909999995,
              -3.647329099999979
            ],
            [
              -38.741602899999975,
              -3.646868099999949
            ],
            [
              -38.74111899999997,
              -3.6455817999999454
            ],
            [
              -38.740944199999944,
              -3.6452491999999665
            ],
            [
              -38.74064079999994,
              -3.643729099999973
            ],
            [
              -38.740657899999974,
              -3.6433258999999794
            ],
            [
              -38.740665899999954,
              -3.642864599999939
            ],
            [
              -38.74044829999997,
              -3.642314399999975
            ],
            [
              -38.74018049999995,
              -3.642172999999957
            ],
            [
              -38.739720199999965,
              -3.6418131999999446
            ],
            [
              -38.73942089999997,
              -3.6414947999999754
            ],
            [
              -38.73929959999998,
              -3.640933099999927
            ],
            [
              -38.73913829999998,
              -3.6396418999999582
            ],
            [
              -38.741457999999966,
              -3.6397064999999316
            ],
            [
              -38.740827499999966,
              -3.637722999999937
            ],
            [
              -38.74041639999996,
              -3.6364820999999665
            ],
            [
              -38.74040809999997,
              -3.636452899999938
            ],
            [
              -38.740249699999936,
              -3.635901199999978
            ],
            [
              -38.739976799999965,
              -3.635034399999938
            ],
            [
              -38.73975779999995,
              -3.634384099999977
            ],
            [
              -38.73968499999995,
              -3.6341645999999628
            ],
            [
              -38.73928959999995,
              -3.632902799999954
            ],
            [
              -38.739072799999974,
              -3.632270799999958
            ],
            [
              -38.738668099999984,
              -3.63106879999998
            ],
            [
              -38.738085199999944,
              -3.6293066999999724
            ],
            [
              -38.73713619999995,
              -3.626949599999932
            ],
            [
              -38.73686589999994,
              -3.626175699999976
            ],
            [
              -38.73778569999996,
              -3.625963499999955
            ],
            [
              -38.73859969999995,
              -3.6256501999999386
            ],
            [
              -38.74107309999994,
              -3.624407599999927
            ],
            [
              -38.74346669999994,
              -3.623252099999945
            ],
            [
              -38.74366719999995,
              -3.6232548999999494
            ],
            [
              -38.74391659999998,
              -3.623981899999933
            ],
            [
              -38.744424299999935,
              -3.625474899999972
            ],
            [
              -38.74461469999994,
              -3.6257201999999324
            ],
            [
              -38.744813799999974,
              -3.6257417999999575
            ],
            [
              -38.747859999999946,
              -3.6247770999999602
            ],
            [
              -38.74812549999996,
              -3.6249683999999434
            ],
            [
              -38.74813039999998,
              -3.6249776999999312
            ],
            [
              -38.74841529999998,
              -3.6258799999999383
            ],
            [
              -38.74934149999996,
              -3.6255283999999506
            ],
            [
              -38.75061809999994,
              -3.625127999999961
            ],
            [
              -38.75212629999993,
              -3.624629099999936
            ],
            [
              -38.75239899999997,
              -3.6245516999999268
            ],
            [
              -38.75276739999998,
              -3.624372699999981
            ],
            [
              -38.75314969999994,
              -3.6240586999999778
            ],
            [
              -38.75341149999997,
              -3.6238444999999615
            ],
            [
              -38.75383759999994,
              -3.623678899999959
            ],
            [
              -38.75441369999993,
              -3.623570599999937
            ],
            [
              -38.75516929999998,
              -3.623583099999962
            ],
            [
              -38.755821899999944,
              -3.623632099999952
            ],
            [
              -38.75649269999997,
              -3.6236414999999624
            ],
            [
              -38.75736469999998,
              -3.623377499999947
            ],
            [
              -38.75788619999997,
              -3.62322469999998
            ],
            [
              -38.75883299999998,
              -3.622975199999928
            ],
            [
              -38.75899609999993,
              -3.622955999999931
            ],
            [
              -38.759164399999975,
              -3.622955999999931
            ],
            [
              -38.75928849999997,
              -3.6230646999999294
            ],
            [
              -38.75950379999995,
              -3.623413399999947
            ],
            [
              -38.75959689999996,
              -3.6235258999999473
            ],
            [
              -38.75966949999997,
              -3.623633499999926
            ],
            [
              -38.75973189999996,
              -3.623665399999936
            ],
            [
              -38.75981869999998,
              -3.623632099999952
            ],
            [
              -38.75995139999998,
              -3.6235443999999575
            ],
            [
              -38.76010329999997,
              -3.6234657999999627
            ],
            [
              -38.760240599999975,
              -3.623470399999974
            ],
            [
              -38.760313199999985,
              -3.6235727999999767
            ],
            [
              -38.760352799999964,
              -3.6238214999999627
            ],
            [
              -38.76058469999998,
              -3.624583899999948
            ],
            [
              -38.76052439999995,
              -3.6250384999999596
            ],
            [
              -38.76053879999995,
              -3.6253383999999755
            ],
            [
              -38.76051609999996,
              -3.6254787999999394
            ],
            [
              -38.76054359999995,
              -3.625702599999954
            ],
            [
              -38.76053409999997,
              -3.6258904999999686
            ],
            [
              -38.760595799999976,
              -3.6260604999999373
            ],
            [
              -38.76078929999994,
              -3.6260734999999613
            ],
            [
              -38.76106379999993,
              -3.6263070999999627
            ],
            [
              -38.76267009999998,
              -3.626680199999953
            ],
            [
              -38.76286429999993,
              -3.6271059999999693
            ],
            [
              -38.76290369999998,
              -3.6271136999999385
            ],
            [
              -38.76296659999997,
              -3.627972199999931
            ]
          ]
        ]
      }
    },
    {
      "type": "Feature",
      "properties": {
        "id": "caucaia:lagoa-dos-porcos",
        "name": "Lagoa dos Porcos",
        "municipality": "Caucaia",
        "kind": "bairro",
        "source": "IBGE - Malha de Setores Censitarios 2022 agregada por unidade territorial de Caucaia"
      },
      "geometry": {
        "type": "Polygon",
        "coordinates": [
          [
            [
              -38.71376329999998,
              -3.757895299999973
            ],
            [
              -38.70762769999993,
              -3.7626807999999414
            ],
            [
              -38.70455179999993,
              -3.765079799999967
            ],
            [
              -38.696465099999955,
              -3.7713869999999474
            ],
            [
              -38.69499399999995,
              -3.7725299999999606
            ],
            [
              -38.69488199999995,
              -3.7718849999999406
            ],
            [
              -38.69440899999995,
              -3.7713789999999676
            ],
            [
              -38.69385099999994,
              -3.771041999999966
            ],
            [
              -38.693624299999954,
              -3.7709992999999713
            ],
            [
              -38.693404999999984,
              -3.7709579999999505
            ],
            [
              -38.69298699999996,
              -3.7705649999999764
            ],
            [
              -38.692568999999935,
              -3.7705649999999764
            ],
            [
              -38.69240099999996,
              -3.7712949999999523
            ],
            [
              -38.691899999999976,
              -3.7717159999999694
            ],
            [
              -38.69117499999993,
              -3.7717159999999694
            ],
            [
              -38.690616999999975,
              -3.771631999999954
            ],
            [
              -38.69044999999994,
              -3.7713789999999676
            ],
            [
              -38.690087999999946,
              -3.7709579999999505
            ],
            [
              -38.68961399999995,
              -3.770424999999932
            ],
            [
              -38.68916799999994,
              -3.770396999999946
            ],
            [
              -38.68860999999998,
              -3.770031999999958
            ],
            [
              -38.688358999999934,
              -3.76986299999993
            ],
            [
              -38.68794099999997,
              -3.7696109999999408
            ],
            [
              -38.68780199999998,
              -3.7694419999999695
            ],
            [
              -38.68763499999994,
              -3.7691899999999805
            ],
            [
              -38.68718899999993,
              -3.7691049999999677
            ],
            [
              -38.68679799999995,
              -3.7688249999999357
            ],
            [
              -38.68626899999998,
              -3.7686839999999506
            ],
            [
              -38.685626999999954,
              -3.768571999999949
            ],
            [
              -38.68509799999998,
              -3.7682909999999765
            ],
            [
              -38.68481899999995,
              -3.768122999999946
            ],
            [
              -38.68487499999998,
              -3.7678979999999456
            ],
            [
              -38.68490299999996,
              -3.76739299999997
            ],
            [
              -38.68493099999995,
              -3.7668879999999376
            ],
            [
              -38.685292999999945,
              -3.7666909999999802
            ],
            [
              -38.685626999999954,
              -3.7664099999999507
            ],
            [
              -38.685626999999954,
              -3.765399999999943
            ],
            [
              -38.68545999999998,
              -3.765062999999941
            ],
            [
              -38.68490299999996,
              -3.765062999999941
            ],
            [
              -38.68428899999998,
              -3.7649509999999395
            ],
            [
              -38.68426199999993,
              -3.764697999999953
            ],
            [
              -38.684177999999974,
              -3.7643889999999374
            ],
            [
              -38.68394099999995,
              -3.7639469999999733
            ],
            [
              -38.68421999999998,
              -3.7637359999999376
            ],
            [
              -38.684428999999966,
              -3.76369399999993
            ],
            [
              -38.68467999999996,
              -3.763469999999927
            ],
            [
              -38.68473499999993,
              -3.7631189999999606
            ],
            [
              -38.68469399999998,
              -3.762963999999954
            ],
            [
              -38.68487499999998,
              -3.7622349999999756
            ],
            [
              -38.684817899999985,
              -3.7619575999999597
            ],
            [
              -38.68481449999996,
              -3.761940999999979
            ],
            [
              -38.687742499999956,
              -3.761425699999961
            ],
            [
              -38.69041639999995,
              -3.760955299999978
            ],
            [
              -38.692471299999966,
              -3.7606086999999775
            ],
            [
              -38.69338739999995,
              -3.760435399999949
            ],
            [
              -38.694971899999985,
              -3.7601134999999317
            ],
            [
              -38.69625929999995,
              -3.7598411999999257
            ],
            [
              -38.69710109999994,
              -3.759742099999926
            ],
            [
              -38.69903219999998,
              -3.7593212999999537
            ],
            [
              -38.69970069999994,
              -3.759172699999965
            ],
            [
              -38.70051769999998,
              -3.758801299999959
            ],
            [
              -38.70165659999998,
              -3.758207099999936
            ],
            [
              -38.706088299999976,
              -3.756028399999934
            ],
            [
              -38.71117399999997,
              -3.7533776999999304
            ],
            [
              -38.711303199999975,
              -3.7536444999999503
            ],
            [
              -38.71376329999998,
              -3.757895299999973
            ]
          ]
        ]
      }
    },
    {
      "type": "Feature",
      "properties": {
        "id": "caucaia:marechal-rondon",
        "name": "Marechal Rondon",
        "municipality": "Caucaia",
        "kind": "bairro",
        "source": "IBGE - Malha de Setores Censitarios 2022 agregada por unidade territorial de Caucaia"
      },
      "geometry": {
        "type": "Polygon",
        "coordinates": [
          [
            [
              -38.632410799999946,
              -3.781171899999947
            ],
            [
              -38.63238269999994,
              -3.781180499999948
            ],
            [
              -38.631394899999975,
              -3.78148479999993
            ],
            [
              -38.630269699999985,
              -3.7818381999999247
            ],
            [
              -38.628869099999974,
              -3.7822391999999354
            ],
            [
              -38.628549599999985,
              -3.782330599999966
            ],
            [
              -38.62765329999996,
              -3.782588799999928
            ],
            [
              -38.62745189999998,
              -3.7826297999999383
            ],
            [
              -38.626461699999936,
              -3.7828987999999413
            ],
            [
              -38.626008999999954,
              -3.7830242999999655
            ],
            [
              -38.62580619999994,
              -3.7823148999999603
            ],
            [
              -38.62563209999996,
              -3.781650499999955
            ],
            [
              -38.62544769999994,
              -3.7809585999999626
            ],
            [
              -38.62394299999994,
              -3.7813736999999605
            ],
            [
              -38.62374689999996,
              -3.7807043999999337
            ],
            [
              -38.62281409999997,
              -3.7774129999999673
            ],
            [
              -38.62277059999997,
              -3.7772529999999733
            ],
            [
              -38.62275079999995,
              -3.7771801999999752
            ],
            [
              -38.62274089999994,
              -3.7771436999999537
            ],
            [
              -38.62273099999993,
              -3.7771072999999546
            ],
            [
              -38.62247219999995,
              -3.777082099999973
            ],
            [
              -38.62246389999996,
              -3.777081199999941
            ],
            [
              -38.62244399999997,
              -3.7770792999999685
            ],
            [
              -38.62240829999996,
              -3.7770757999999773
            ],
            [
              -38.62214659999995,
              -3.777055999999959
            ],
            [
              -38.621510899999976,
              -3.7770324999999616
            ],
            [
              -38.62145319999996,
              -3.77702869999996
            ],
            [
              -38.62101279999996,
              -3.7761681999999723
            ],
            [
              -38.62099649999993,
              -3.7761372999999594
            ],
            [
              -38.620573099999945,
              -3.7753342999999404
            ],
            [
              -38.620227399999976,
              -3.774691399999938
            ],
            [
              -38.62002229999996,
              -3.77429079999996
            ],
            [
              -38.61985989999994,
              -3.7739736999999423
            ],
            [
              -38.61954489999994,
              -3.7733660999999756
            ],
            [
              -38.61928699999993,
              -3.772879899999964
            ],
            [
              -38.61923509999997,
              -3.7727782999999704
            ],
            [
              -38.61910699999993,
              -3.772527299999979
            ],
            [
              -38.618911099999934,
              -3.77215039999993
            ],
            [
              -38.61871279999997,
              -3.771774999999934
            ],
            [
              -38.61851339999998,
              -3.771402099999932
            ],
            [
              -38.618365799999935,
              -3.771103799999935
            ],
            [
              -38.61832089999996,
              -3.7710129999999253
            ],
            [
              -38.61816649999997,
              -3.7706671999999344
            ],
            [
              -38.61792219999995,
              -3.770299899999941
            ],
            [
              -38.617632999999955,
              -3.769933999999978
            ],
            [
              -38.61738539999993,
              -3.7695895999999607
            ],
            [
              -38.61711539999993,
              -3.769250599999964
            ],
            [
              -38.616837799999985,
              -3.7688757999999325
            ],
            [
              -38.61679289999995,
              -3.76882889999996
            ],
            [
              -38.616821399999935,
              -3.768782999999928
            ],
            [
              -38.61694719999997,
              -3.7686616999999387
            ],
            [
              -38.61708699999997,
              -3.7687559999999394
            ],
            [
              -38.617939999999976,
              -3.7695139999999583
            ],
            [
              -38.61870799999997,
              -3.7699159999999665
            ],
            [
              -38.619437999999946,
              -3.770023999999978
            ],
            [
              -38.61982999999998,
              -3.7700479999999743
            ],
            [
              -38.620236999999975,
              -3.770031999999958
            ],
            [
              -38.62128339999998,
              -3.7697595999999294
            ],
            [
              -38.62218799999994,
              -3.769544999999937
            ],
            [
              -38.62324799999993,
              -3.7692429999999604
            ],
            [
              -38.62339899999995,
              -3.7692009999999527
            ],
            [
              -38.623510299999964,
              -3.7693276999999625
            ],
            [
              -38.62353099999996,
              -3.7693512999999257
            ],
            [
              -38.62415899999996,
              -3.770065999999929
            ],
            [
              -38.62432299999995,
              -3.7702639999999406
            ],
            [
              -38.62480199999993,
              -3.770819999999958
            ],
            [
              -38.62509199999994,
              -3.7711539999999673
            ],
            [
              -38.62550699999997,
              -3.7716459999999756
            ],
            [
              -38.62603399999995,
              -3.7722259999999324
            ],
            [
              -38.626660999999956,
              -3.7729249999999297
            ],
            [
              -38.626806999999985,
              -3.7731269999999313
            ],
            [
              -38.62745899999993,
              -3.7738259999999286
            ],
            [
              -38.62815699999993,
              -3.774710999999968
            ],
            [
              -38.62877199999997,
              -3.7754099999999653
            ],
            [
              -38.62893999999994,
              -3.775615999999957
            ],
            [
              -38.62962999999996,
              -3.776461999999981
            ],
            [
              -38.629974999999945,
              -3.7768319999999562
            ],
            [
              -38.63054999999997,
              -3.777561999999932
            ],
            [
              -38.63052669999996,
              -3.7775633999999627
            ],
            [
              -38.630890499999964,
              -3.7778480999999715
            ],
            [
              -38.63090129999995,
              -3.7778423999999404
            ],
            [
              -38.63109549999996,
              -3.778206599999976
            ],
            [
              -38.63128659999995,
              -3.7785649999999578
            ],
            [
              -38.631512999999984,
              -3.779074299999934
            ],
            [
              -38.63166629999995,
              -3.7794130999999425
            ],
            [
              -38.63187149999993,
              -3.779866699999957
            ],
            [
              -38.63187639999995,
              -3.7798784999999384
            ],
            [
              -38.632410799999946,
              -3.781171899999947
            ]
          ]
        ]
      }
    },
    {
      "type": "Feature",
      "properties": {
        "id": "caucaia:matoes",
        "name": "Matões",
        "municipality": "Caucaia",
        "kind": "aglomerado",
        "source": "IBGE - Malha de Setores Censitarios 2022 agregada por unidade territorial de Caucaia"
      },
      "geometry": {
        "type": "Polygon",
        "coordinates": [
          [
            [
              -38.83071499999994,
              -3.5947607999999605
            ],
            [
              -38.83073369999994,
              -3.5947576999999455
            ],
            [
              -38.827638699999966,
              -3.594470099999967
            ],
            [
              -38.82750119999997,
              -3.5977995999999735
            ],
            [
              -38.830564899999956,
              -3.5980371999999647
            ],
            [
              -38.83071499999994,
              -3.5947607999999605
            ]
          ]
        ]
      }
    },
    {
      "type": "Feature",
      "properties": {
        "id": "caucaia:mestre-antonio",
        "name": "Mestre Antônio",
        "municipality": "Caucaia",
        "kind": "bairro",
        "source": "IBGE - Malha de Setores Censitarios 2022 agregada por unidade territorial de Caucaia"
      },
      "geometry": {
        "type": "Polygon",
        "coordinates": [
          [
            [
              -38.678453299999944,
              -3.714039899999932
            ],
            [
              -38.67789799999997,
              -3.714358999999945
            ],
            [
              -38.677509999999984,
              -3.7146529999999416
            ],
            [
              -38.67722299999997,
              -3.7149332999999274
            ],
            [
              -38.676819999999964,
              -3.715326999999945
            ],
            [
              -38.67577629999994,
              -3.716502699999978
            ],
            [
              -38.67566289999996,
              -3.716239899999948
            ],
            [
              -38.67538969999998,
              -3.715202599999941
            ],
            [
              -38.67438409999994,
              -3.711054299999944
            ],
            [
              -38.67143289999996,
              -3.711753299999941
            ],
            [
              -38.66946569999993,
              -3.712247199999979
            ],
            [
              -38.66924229999995,
              -3.71141149999994
            ],
            [
              -38.66835919999994,
              -3.711619799999937
            ],
            [
              -38.66831659999997,
              -3.711562899999933
            ],
            [
              -38.66831449999995,
              -3.7115539999999783
            ],
            [
              -38.667731799999956,
              -3.7091292999999723
            ],
            [
              -38.66580759999994,
              -3.7096008999999412
            ],
            [
              -38.66563409999998,
              -3.708717599999943
            ],
            [
              -38.665625999999975,
              -3.7087189999999737
            ],
            [
              -38.66459099999997,
              -3.70897599999995
            ],
            [
              -38.66455099999996,
              -3.709005999999931
            ],
            [
              -38.66451499999994,
              -3.7090519999999287
            ],
            [
              -38.664061999999944,
              -3.7090299999999274
            ],
            [
              -38.664147999999955,
              -3.7081189999999538
            ],
            [
              -38.66329699999994,
              -3.708020999999974
            ],
            [
              -38.66242999999997,
              -3.7079029999999307
            ],
            [
              -38.658169999999984,
              -3.7073499999999626
            ],
            [
              -38.65824199999997,
              -3.706066999999962
            ],
            [
              -38.65831099999997,
              -3.705208999999968
            ],
            [
              -38.65841299999994,
              -3.7048469999999725
            ],
            [
              -38.65851399999997,
              -3.704495999999949
            ],
            [
              -38.658661999999936,
              -3.704070999999942
            ],
            [
              -38.65899299999995,
              -3.7033909999999537
            ],
            [
              -38.65932269999996,
              -3.7027009999999336
            ],
            [
              -38.662558099999956,
              -3.7028141999999775
            ],
            [
              -38.66427479999993,
              -3.702823599999931
            ],
            [
              -38.66418989999994,
              -3.7047949999999332
            ],
            [
              -38.664746399999956,
              -3.7047666999999365
            ],
            [
              -38.66484069999996,
              -3.7047855999999797
            ],
            [
              -38.665444399999956,
              -3.704681799999946
            ],
            [
              -38.66618959999994,
              -3.704455399999972
            ],
            [
              -38.666840399999955,
              -3.7042290999999636
            ],
            [
              -38.667528999999945,
              -3.70404979999995
            ],
            [
              -38.668851899999936,
              -3.703651299999933
            ],
            [
              -38.66952199999997,
              -3.703461999999945
            ],
            [
              -38.67018399999995,
              -3.703254999999956
            ],
            [
              -38.67082599999998,
              -3.703051999999957
            ],
            [
              -38.671487999999954,
              -3.7028199999999742
            ],
            [
              -38.67240129999993,
              -3.7024943999999778
            ],
            [
              -38.673419699999954,
              -3.702215199999955
            ],
            [
              -38.677031399999976,
              -3.7013943999999697
            ],
            [
              -38.67715499999997,
              -3.701366299999961
            ],
            [
              -38.67768319999993,
              -3.7031206999999426
            ],
            [
              -38.67636259999995,
              -3.703403699999967
            ],
            [
              -38.67662679999995,
              -3.704705399999966
            ],
            [
              -38.677136099999984,
              -3.70702579999994
            ],
            [
              -38.67736249999996,
              -3.708440699999926
            ],
            [
              -38.67779639999998,
              -3.71089319999993
            ],
            [
              -38.67832459999994,
              -3.7133644999999547
            ],
            [
              -38.678453299999944,
              -3.714039899999932
            ]
          ]
        ]
      }
    },
    {
      "type": "Feature",
      "properties": {
        "id": "caucaia:nova-cigana",
        "name": "Nova Cigana",
        "municipality": "Caucaia",
        "kind": "bairro",
        "source": "IBGE - Malha de Setores Censitarios 2022 agregada por unidade territorial de Caucaia"
      },
      "geometry": {
        "type": "Polygon",
        "coordinates": [
          [
            [
              -38.66106659999997,
              -3.7483579999999392
            ],
            [
              -38.66104819999998,
              -3.7483585999999605
            ],
            [
              -38.65894599999996,
              -3.748421999999948
            ],
            [
              -38.658090999999956,
              -3.7489799999999605
            ],
            [
              -38.657520999999974,
              -3.749298999999951
            ],
            [
              -38.65717299999994,
              -3.7494909999999777
            ],
            [
              -38.65682399999997,
              -3.749601999999925
            ],
            [
              -38.65653899999995,
              -3.7496659999999338
            ],
            [
              -38.65626999999995,
              -3.7496659999999338
            ],
            [
              -38.65600099999995,
              -3.7494909999999777
            ],
            [
              -38.655952999999954,
              -3.7492829999999344
            ],
            [
              -38.65600099999995,
              -3.7490759999999455
            ],
            [
              -38.65611199999995,
              -3.748884999999973
            ],
            [
              -38.65631799999994,
              -3.748628999999937
            ],
            [
              -38.65634899999998,
              -3.7483579999999392
            ],
            [
              -38.65625399999993,
              -3.7481509999999503
            ],
            [
              -38.65598499999993,
              -3.747927999999945
            ],
            [
              -38.65554999999995,
              -3.7475359999999682
            ],
            [
              -38.65568099999996,
              -3.747229999999945
            ],
            [
              -38.65594699999997,
              -3.7460569999999507
            ],
            [
              -38.65601899999996,
              -3.745736999999963
            ],
            [
              -38.65586499999995,
              -3.7442479999999705
            ],
            [
              -38.65586429999996,
              -3.744244399999957
            ],
            [
              -38.65566999999993,
              -3.7432159999999612
            ],
            [
              -38.65549899999996,
              -3.742177999999967
            ],
            [
              -38.65578799999997,
              -3.7420989999999392
            ],
            [
              -38.655861999999956,
              -3.7420649999999682
            ],
            [
              -38.65602099999995,
              -3.7420139999999265
            ],
            [
              -38.65633999999994,
              -3.741910999999959
            ],
            [
              -38.65659299999993,
              -3.7418159999999716
            ],
            [
              -38.65680699999996,
              -3.7417879999999286
            ],
            [
              -38.656969999999944,
              -3.741784999999936
            ],
            [
              -38.65703999999994,
              -3.741799999999955
            ],
            [
              -38.65710599999994,
              -3.7418179999999666
            ],
            [
              -38.65716699999996,
              -3.7419099999999617
            ],
            [
              -38.65723799999995,
              -3.741918999999939
            ],
            [
              -38.65732299999996,
              -3.741916999999944
            ],
            [
              -38.65742499999993,
              -3.7419179999999415
            ],
            [
              -38.65753899999993,
              -3.7418949999999427
            ],
            [
              -38.65797399999997,
              -3.7417959999999653
            ],
            [
              -38.65811699999995,
              -3.7417919999999754
            ],
            [
              -38.658353999999974,
              -3.741799999999955
            ],
            [
              -38.65853299999998,
              -3.741807999999935
            ],
            [
              -38.65865299999996,
              -3.74171199999995
            ],
            [
              -38.659325999999965,
              -3.7416999999999803
            ],
            [
              -38.65962859999996,
              -3.743094199999973
            ],
            [
              -38.65963199999993,
              -3.7431099999999446
            ],
            [
              -38.65986799999996,
              -3.7440979999999513
            ],
            [
              -38.65997999999996,
              -3.7445739999999432
            ],
            [
              -38.66014499999994,
              -3.7452799999999797
            ],
            [
              -38.660132199999964,
              -3.745281899999952
            ],
            [
              -38.660265899999956,
              -3.745658399999968
            ],
            [
              -38.66046079999995,
              -3.746348699999942
            ],
            [
              -38.660513899999955,
              -3.7463603999999577
            ],
            [
              -38.660581599999944,
              -3.7466252999999483
            ],
            [
              -38.66073149999994,
              -3.7472295999999687
            ],
            [
              -38.660920199999964,
              -3.747842999999932
            ],
            [
              -38.66106659999997,
              -3.7483579999999392
            ]
          ]
        ]
      }
    },
    {
      "type": "Feature",
      "properties": {
        "id": "caucaia:nova-metropole",
        "name": "Nova Metrópole",
        "municipality": "Caucaia",
        "kind": "bairro",
        "source": "IBGE - Malha de Setores Censitarios 2022 agregada por unidade territorial de Caucaia"
      },
      "geometry": {
        "type": "Polygon",
        "coordinates": [
          [
            [
              -38.665367999999944,
              -3.7674839999999676
            ],
            [
              -38.66514799999993,
              -3.7679339999999684
            ],
            [
              -38.66007099999996,
              -3.7768799999999487
            ],
            [
              -38.65826699999997,
              -3.780078999999944
            ],
            [
              -38.65821429999994,
              -3.780079599999965
            ],
            [
              -38.65566199999995,
              -3.780452999999966
            ],
            [
              -38.65409439999996,
              -3.7775214999999776
            ],
            [
              -38.65349709999998,
              -3.7757000999999377
            ],
            [
              -38.653305899999964,
              -3.7750120999999695
            ],
            [
              -38.65292739999995,
              -3.7740671999999336
            ],
            [
              -38.65280599999994,
              -3.773761199999967
            ],
            [
              -38.65273069999995,
              -3.773571499999946
            ],
            [
              -38.65260859999995,
              -3.773070099999927
            ],
            [
              -38.65265459999995,
              -3.772963299999958
            ],
            [
              -38.652560999999935,
              -3.7722879999999464
            ],
            [
              -38.65243499999997,
              -3.771912999999927
            ],
            [
              -38.65235299999995,
              -3.771650999999963
            ],
            [
              -38.65226299999995,
              -3.771364999999946
            ],
            [
              -38.65215499999994,
              -3.771033999999929
            ],
            [
              -38.652064999999936,
              -3.7707339999999476
            ],
            [
              -38.65195699999998,
              -3.7704009999999357
            ],
            [
              -38.652049999999974,
              -3.7702109999999607
            ],
            [
              -38.65228399999995,
              -3.769717999999955
            ],
            [
              -38.65247999999997,
              -3.769312999999954
            ],
            [
              -38.65262699999994,
              -3.769004999999936
            ],
            [
              -38.65269999999998,
              -3.7688529999999787
            ],
            [
              -38.65269299999994,
              -3.7683209999999576
            ],
            [
              -38.65268499999996,
              -3.767874999999947
            ],
            [
              -38.65267099999994,
              -3.766839999999945
            ],
            [
              -38.65265699999998,
              -3.766015999999979
            ],
            [
              -38.65263699999997,
              -3.7645879999999465
            ],
            [
              -38.65263649999997,
              -3.7645595999999273
            ],
            [
              -38.652627999999936,
              -3.764088999999956
            ],
            [
              -38.65261899999996,
              -3.763540999999975
            ],
            [
              -38.65261399999997,
              -3.763025999999968
            ],
            [
              -38.65260499999994,
              -3.762547999999981
            ],
            [
              -38.652601999999945,
              -3.7621749999999565
            ],
            [
              -38.652593999999965,
              -3.7618099999999686
            ],
            [
              -38.65258699999998,
              -3.76141599999994
            ],
            [
              -38.65251699999993,
              -3.7613809999999717
            ],
            [
              -38.65239699999995,
              -3.7612099999999486
            ],
            [
              -38.65243499999997,
              -3.761218999999926
            ],
            [
              -38.65247499999998,
              -3.761225999999965
            ],
            [
              -38.65251399999994,
              -3.76122799999996
            ],
            [
              -38.65255499999995,
              -3.76122799999996
            ],
            [
              -38.65259499999996,
              -3.7612249999999676
            ],
            [
              -38.652634999999975,
              -3.761216999999931
            ],
            [
              -38.65267199999994,
              -3.7612059999999587
            ],
            [
              -38.65270799999996,
              -3.7611949999999297
            ],
            [
              -38.65350399999994,
              -3.7614729999999668
            ],
            [
              -38.654713999999956,
              -3.762085999999954
            ],
            [
              -38.65574799999996,
              -3.7626109999999358
            ],
            [
              -38.656487099999936,
              -3.7629861999999434
            ],
            [
              -38.657246999999984,
              -3.763371999999947
            ],
            [
              -38.659431799999936,
              -3.764480899999967
            ],
            [
              -38.660552999999936,
              -3.765049999999974
            ],
            [
              -38.66112499999997,
              -3.7653399999999806
            ],
            [
              -38.66343399999994,
              -3.7665309999999295
            ],
            [
              -38.66492999999997,
              -3.7672739999999294
            ],
            [
              -38.665367999999944,
              -3.7674839999999676
            ]
          ]
        ]
      }
    },
    {
      "type": "Feature",
      "properties": {
        "id": "caucaia:novo-pabussu",
        "name": "Novo Pabussu",
        "municipality": "Caucaia",
        "kind": "bairro",
        "source": "IBGE - Malha de Setores Censitarios 2022 agregada por unidade territorial de Caucaia"
      },
      "geometry": {
        "type": "Polygon",
        "coordinates": [
          [
            [
              -38.66995099999997,
              -3.7290879999999333
            ],
            [
              -38.66935199999995,
              -3.7293109999999388
            ],
            [
              -38.668293999999946,
              -3.7297419999999306
            ],
            [
              -38.66762099999994,
              -3.729996999999969
            ],
            [
              -38.66761639999993,
              -3.7299886999999785
            ],
            [
              -38.66692939999996,
              -3.7302667999999244
            ],
            [
              -38.66621139999995,
              -3.7307371999999646
            ],
            [
              -38.664577399999985,
              -3.731677999999931
            ],
            [
              -38.66437519999994,
              -3.7318464999999605
            ],
            [
              -38.66437099999996,
              -3.7318219999999656
            ],
            [
              -38.66382399999998,
              -3.7320929999999635
            ],
            [
              -38.66376699999995,
              -3.7321209999999496
            ],
            [
              -38.66297499999996,
              -3.7325859999999693
            ],
            [
              -38.66284799999994,
              -3.7326790999999275
            ],
            [
              -38.66284399999995,
              -3.7326819999999543
            ],
            [
              -38.66225799999995,
              -3.7331089999999563
            ],
            [
              -38.662064999999984,
              -3.7332439999999565
            ],
            [
              -38.66092899999995,
              -3.7336789999999382
            ],
            [
              -38.66082599999993,
              -3.7331219999999803
            ],
            [
              -38.66073899999998,
              -3.732702999999958
            ],
            [
              -38.66065899999995,
              -3.732315999999969
            ],
            [
              -38.660575999999935,
              -3.7319159999999556
            ],
            [
              -38.660406999999964,
              -3.731102999999962
            ],
            [
              -38.66022899999996,
              -3.7302459999999655
            ],
            [
              -38.66011199999997,
              -3.7294519999999807
            ],
            [
              -38.66003999999998,
              -3.72932899999995
            ],
            [
              -38.65994799999993,
              -3.7286159999999313
            ],
            [
              -38.659778899999935,
              -3.7277846999999724
            ],
            [
              -38.66172119999993,
              -3.727260899999976
            ],
            [
              -38.66172599999993,
              -3.7272819999999456
            ],
            [
              -38.66270199999997,
              -3.72705899999994
            ],
            [
              -38.66371399999997,
              -3.726797999999974
            ],
            [
              -38.66469299999994,
              -3.726513999999952
            ],
            [
              -38.665715999999975,
              -3.7262269999999376
            ],
            [
              -38.66673899999995,
              -3.725956999999937
            ],
            [
              -38.667719999999974,
              -3.7256819999999493
            ],
            [
              -38.668109999999956,
              -3.725599999999929
            ],
            [
              -38.66824799999995,
              -3.725599999999929
            ],
            [
              -38.668298999999934,
              -3.7256589999999505
            ],
            [
              -38.66835299999997,
              -3.7258659999999395
            ],
            [
              -38.66849099999996,
              -3.7262119999999754
            ],
            [
              -38.668800999999974,
              -3.7267549999999687
            ],
            [
              -38.669731999999954,
              -3.7285849999999527
            ],
            [
              -38.66994439999996,
              -3.7290728999999487
            ],
            [
              -38.66995099999997,
              -3.7290879999999333
            ]
          ]
        ]
      }
    },
    {
      "type": "Feature",
      "properties": {
        "id": "caucaia:pabussu",
        "name": "Pabussu",
        "municipality": "Caucaia",
        "kind": "bairro",
        "source": "IBGE - Malha de Setores Censitarios 2022 agregada por unidade territorial de Caucaia"
      },
      "geometry": {
        "type": "Polygon",
        "coordinates": [
          [
            [
              -38.672235899999976,
              -3.7322968999999375
            ],
            [
              -38.67223329999996,
              -3.732367799999963
            ],
            [
              -38.672226499999965,
              -3.7325475999999753
            ],
            [
              -38.67213749999996,
              -3.732859699999949
            ],
            [
              -38.67214759999996,
              -3.732892099999958
            ],
            [
              -38.67096449999997,
              -3.733530299999927
            ],
            [
              -38.670962299999985,
              -3.7335252999999398
            ],
            [
              -38.66916009999994,
              -3.734613099999933
            ],
            [
              -38.668932799999936,
              -3.7346617999999694
            ],
            [
              -38.66808599999996,
              -3.7351639999999406
            ],
            [
              -38.66859869999996,
              -3.7351361999999426
            ],
            [
              -38.66862789999993,
              -3.7353208999999765
            ],
            [
              -38.66882229999993,
              -3.737085699999966
            ],
            [
              -38.66841679999993,
              -3.7371555999999373
            ],
            [
              -38.668010899999956,
              -3.7372042999999735
            ],
            [
              -38.66770239999994,
              -3.7372691999999574
            ],
            [
              -38.667621199999985,
              -3.7372854999999277
            ],
            [
              -38.66745889999993,
              -3.7373179999999593
            ],
            [
              -38.66703669999998,
              -3.737415399999975
            ],
            [
              -38.666598299999976,
              -3.737496599999929
            ],
            [
              -38.666111099999966,
              -3.737575099999958
            ],
            [
              -38.666113999999936,
              -3.737594999999942
            ],
            [
              -38.665258999999935,
              -3.737690999999927
            ],
            [
              -38.66517099999993,
              -3.7371989999999755
            ],
            [
              -38.665145999999936,
              -3.7371649999999477
            ],
            [
              -38.66502399999996,
              -3.7371779999999717
            ],
            [
              -38.66492899999997,
              -3.7372119999999427
            ],
            [
              -38.66479899999996,
              -3.737254999999948
            ],
            [
              -38.66466299999996,
              -3.737287999999978
            ],
            [
              -38.66452999999996,
              -3.7373049999999353
            ],
            [
              -38.66423699999996,
              -3.737310999999977
            ],
            [
              -38.663854999999955,
              -3.737248999999963
            ],
            [
              -38.66341099999994,
              -3.7372199999999793
            ],
            [
              -38.66302109999998,
              -3.737303999999938
            ],
            [
              -38.66276659999994,
              -3.7357878999999343
            ],
            [
              -38.66333949999995,
              -3.7357878999999343
            ],
            [
              -38.663299999999936,
              -3.7353729999999246
            ],
            [
              -38.66328199999998,
              -3.735373999999979
            ],
            [
              -38.663279899999964,
              -3.735373999999979
            ],
            [
              -38.66321879999998,
              -3.7350481999999374
            ],
            [
              -38.663169299999936,
              -3.734676899999954
            ],
            [
              -38.663070199999936,
              -3.7341321999999764
            ],
            [
              -38.662995999999964,
              -3.7336122999999475
            ],
            [
              -38.66292169999997,
              -3.733018099999981
            ],
            [
              -38.66284799999994,
              -3.7326790999999275
            ],
            [
              -38.66297499999996,
              -3.7325859999999693
            ],
            [
              -38.66376699999995,
              -3.7321209999999496
            ],
            [
              -38.66382399999998,
              -3.7320929999999635
            ],
            [
              -38.66437099999996,
              -3.7318219999999656
            ],
            [
              -38.66437519999994,
              -3.7318464999999605
            ],
            [
              -38.664577399999985,
              -3.731677999999931
            ],
            [
              -38.66621139999995,
              -3.7307371999999646
            ],
            [
              -38.66692939999996,
              -3.7302667999999244
            ],
            [
              -38.66761639999993,
              -3.7299886999999785
            ],
            [
              -38.66762099999994,
              -3.729996999999969
            ],
            [
              -38.668293999999946,
              -3.7297419999999306
            ],
            [
              -38.66935199999995,
              -3.7293109999999388
            ],
            [
              -38.66995099999997,
              -3.7290879999999333
            ],
            [
              -38.66994439999996,
              -3.7290728999999487
            ],
            [
              -38.67008229999993,
              -3.729307399999925
            ],
            [
              -38.67038249999996,
              -3.7297432999999387
            ],
            [
              -38.671002199999975,
              -3.730666999999926
            ],
            [
              -38.671635299999934,
              -3.7314598999999475
            ],
            [
              -38.67171859999996,
              -3.731515399999978
            ],
            [
              -38.67186229999993,
              -3.731611199999975
            ],
            [
              -38.67205149999995,
              -3.7317908999999645
            ],
            [
              -38.672235899999976,
              -3.7322968999999375
            ]
          ]
        ]
      }
    },
    {
      "type": "Feature",
      "properties": {
        "id": "caucaia:pacheco",
        "name": "Pacheco",
        "municipality": "Caucaia",
        "kind": "bairro",
        "source": "IBGE - Malha de Setores Censitarios 2022 agregada por unidade territorial de Caucaia"
      },
      "geometry": {
        "type": "Polygon",
        "coordinates": [
          [
            [
              -38.65730709999997,
              -3.68330009999994
            ],
            [
              -38.65717009999997,
              -3.683324999999968
            ],
            [
              -38.65694079999997,
              -3.683321499999977
            ],
            [
              -38.65635499999996,
              -3.683246699999927
            ],
            [
              -38.65581549999996,
              -3.6832407999999646
            ],
            [
              -38.65498969999993,
              -3.6833334999999465
            ],
            [
              -38.65474849999998,
              -3.68341659999993
            ],
            [
              -38.65451799999994,
              -3.6835578999999257
            ],
            [
              -38.654239899999936,
              -3.6838120999999546
            ],
            [
              -38.65404389999998,
              -3.684122299999956
            ],
            [
              -38.653961899999956,
              -3.6844465999999443
            ],
            [
              -38.653997499999946,
              -3.684778999999935
            ],
            [
              -38.654130599999974,
              -3.6856701999999473
            ],
            [
              -38.65425299999998,
              -3.686371299999962
            ],
            [
              -38.654389599999945,
              -3.687537099999929
            ],
            [
              -38.654351599999984,
              -3.687740299999973
            ],
            [
              -38.654263699999944,
              -3.6880111999999485
            ],
            [
              -38.65418879999993,
              -3.6881676999999513
            ],
            [
              -38.65418049999994,
              -3.688303899999937
            ],
            [
              -38.654019999999946,
              -3.6883915999999317
            ],
            [
              -38.65387369999996,
              -3.6886358999999516
            ],
            [
              -38.653403099999935,
              -3.6887909999999806
            ],
            [
              -38.65245129999994,
              -3.688849799999957
            ],
            [
              -38.64992749999993,
              -3.6889352999999687
            ],
            [
              -38.64940879999995,
              -3.6890101999999274
            ],
            [
              -38.64900249999994,
              -3.6891438999999764
            ],
            [
              -38.647622299999966,
              -3.6908880999999383
            ],
            [
              -38.64685119999996,
              -3.6919231999999624
            ],
            [
              -38.64644809999993,
              -3.6923166999999353
            ],
            [
              -38.646172699999966,
              -3.6925094999999715
            ],
            [
              -38.64596789999996,
              -3.6926085999999714
            ],
            [
              -38.64571399999994,
              -3.6926930999999286
            ],
            [
              -38.64525029999993,
              -3.692786299999966
            ],
            [
              -38.64416959999994,
              -3.692883699999925
            ],
            [
              -38.64292229999995,
              -3.6930033999999523
            ],
            [
              -38.64274259999996,
              -3.693016299999954
            ],
            [
              -38.642161399999964,
              -3.6930661999999757
            ],
            [
              -38.64140219999996,
              -3.6931381999999644
            ],
            [
              -38.64048409999998,
              -3.6932341999999494
            ],
            [
              -38.63913199999996,
              -3.6933526999999344
            ],
            [
              -38.637306699999954,
              -3.693529299999966
            ],
            [
              -38.636254099999974,
              -3.6935353999999734
            ],
            [
              -38.63514959999998,
              -3.6935211999999638
            ],
            [
              -38.63424859999998,
              -3.6935163999999645
            ],
            [
              -38.63365289999996,
              -3.6936341999999627
            ],
            [
              -38.633492899999965,
              -3.6936911999999325
            ],
            [
              -38.633353899999975,
              -3.6937643999999636
            ],
            [
              -38.63319279999996,
              -3.6938475999999696
            ],
            [
              -38.63306869999997,
              -3.6939276999999606
            ],
            [
              -38.63286879999998,
              -3.6941271999999685
            ],
            [
              -38.63271189999995,
              -3.694238799999937
            ],
            [
              -38.63233429999997,
              -3.6946309999999585
            ],
            [
              -38.63218679999994,
              -3.6946872999999414
            ],
            [
              -38.63183209999994,
              -3.6946645999999532
            ],
            [
              -38.632011999999975,
              -3.6933629999999766
            ],
            [
              -38.63222799999994,
              -3.6922729999999433
            ],
            [
              -38.63232899999997,
              -3.6911719999999377
            ],
            [
              -38.63243399999993,
              -3.690192999999965
            ],
            [
              -38.63255099999998,
              -3.689175999999975
            ],
            [
              -38.632676999999944,
              -3.688124999999957
            ],
            [
              -38.63366199999996,
              -3.688158999999928
            ],
            [
              -38.63377499999996,
              -3.6871419999999375
            ],
            [
              -38.633942299999944,
              -3.6860540999999785
            ],
            [
              -38.63421909999994,
              -3.686010999999951
            ],
            [
              -38.634581399999945,
              -3.685954699999968
            ],
            [
              -38.63598699999994,
              -3.686242499999935
            ],
            [
              -38.63653889999995,
              -3.686535499999934
            ],
            [
              -38.63684449999994,
              -3.686697699999968
            ],
            [
              -38.63813099999993,
              -3.6871050999999397
            ],
            [
              -38.63889109999997,
              -3.6870671999999445
            ],
            [
              -38.63908399999997,
              -3.687057599999946
            ],
            [
              -38.639171199999964,
              -3.6870367999999303
            ],
            [
              -38.640084799999954,
              -3.6868186999999466
            ],
            [
              -38.640678099999946,
              -3.686889899999926
            ],
            [
              -38.641085499999974,
              -3.6869387999999503
            ],
            [
              -38.64201479999997,
              -3.686580099999958
            ],
            [
              -38.64418319999993,
              -3.6859346999999616
            ],
            [
              -38.64616109999997,
              -3.6851455999999416
            ],
            [
              -38.64899689999993,
              -3.6838780999999585
            ],
            [
              -38.65240469999998,
              -3.6821559999999636
            ],
            [
              -38.653405599999985,
              -3.681438299999968
            ],
            [
              -38.65526459999995,
              -3.680050699999981
            ],
            [
              -38.65593179999996,
              -3.6798833999999374
            ],
            [
              -38.656336899999985,
              -3.6796920999999543
            ],
            [
              -38.65680659999998,
              -3.6793411999999535
            ],
            [
              -38.656871999999964,
              -3.680051399999968
            ],
            [
              -38.656902199999934,
              -3.6803453999999647
            ],
            [
              -38.65696389999994,
              -3.6806144999999333
            ],
            [
              -38.656989099999976,
              -3.6808447999999316
            ],
            [
              -38.65702619999996,
              -3.6811590999999453
            ],
            [
              -38.65708619999998,
              -3.6813540999999645
            ],
            [
              -38.657083399999976,
              -3.681558999999936
            ],
            [
              -38.65710839999997,
              -3.6817384999999376
            ],
            [
              -38.65716639999994,
              -3.682154599999933
            ],
            [
              -38.65719149999995,
              -3.682472099999927
            ],
            [
              -38.657250199999964,
              -3.6828669999999306
            ],
            [
              -38.65730709999997,
              -3.68330009999994
            ]
          ]
        ]
      }
    },
    {
      "type": "Feature",
      "properties": {
        "id": "caucaia:padre-julio-maria",
        "name": "Padre Júlio Maria",
        "municipality": "Caucaia",
        "kind": "bairro",
        "source": "IBGE - Malha de Setores Censitarios 2022 agregada por unidade territorial de Caucaia"
      },
      "geometry": {
        "type": "Polygon",
        "coordinates": [
          [
            [
              -38.676129499999945,
              -3.7468023999999787
            ],
            [
              -38.675739799999974,
              -3.7485396999999807
            ],
            [
              -38.67533389999994,
              -3.7504555999999525
            ],
            [
              -38.674944299999936,
              -3.751900599999942
            ],
            [
              -38.674765699999966,
              -3.7526474999999664
            ],
            [
              -38.67440849999997,
              -3.754319799999962
            ],
            [
              -38.67435109999997,
              -3.754663799999946
            ],
            [
              -38.674225999999976,
              -3.754643999999928
            ],
            [
              -38.67408699999993,
              -3.754545999999948
            ],
            [
              -38.67400299999997,
              -3.754306999999926
            ],
            [
              -38.67400299999997,
              -3.753941999999938
            ],
            [
              -38.67393299999998,
              -3.7538299999999367
            ],
            [
              -38.673577999999964,
              -3.7536479999999415
            ],
            [
              -38.67306899999994,
              -3.753471999999931
            ],
            [
              -38.672838999999954,
              -3.753415999999959
            ],
            [
              -38.67266499999994,
              -3.7534089999999765
            ],
            [
              -38.67236499999996,
              -3.753394999999955
            ],
            [
              -38.67220499999996,
              -3.753268999999932
            ],
            [
              -38.671967999999936,
              -3.7531489999999508
            ],
            [
              -38.67184899999995,
              -3.7529949999999417
            ],
            [
              -38.67170999999996,
              -3.752924999999948
            ],
            [
              -38.67149399999994,
              -3.7528689999999756
            ],
            [
              -38.671298999999976,
              -3.7528689999999756
            ],
            [
              -38.67108299999995,
              -3.7529949999999417
            ],
            [
              -38.67093699999998,
              -3.7531629999999723
            ],
            [
              -38.67081799999994,
              -3.753324999999961
            ],
            [
              -38.67073399999998,
              -3.753492999999935
            ],
            [
              -38.670657999999946,
              -3.7536269999999377
            ],
            [
              -38.67056699999995,
              -3.7537669999999252
            ],
            [
              -38.670357999999965,
              -3.7538509999999405
            ],
            [
              -38.67004399999996,
              -3.7540339999999333
            ],
            [
              -38.66980099999995,
              -3.7541459999999347
            ],
            [
              -38.669667999999945,
              -3.754208999999946
            ],
            [
              -38.669340999999974,
              -3.754208999999946
            ],
            [
              -38.669137999999975,
              -3.754201999999964
            ],
            [
              -38.66885999999994,
              -3.75408299999998
            ],
            [
              -38.668601999999964,
              -3.7539919999999256
            ],
            [
              -38.66847599999994,
              -3.7539919999999256
            ],
            [
              -38.668294999999944,
              -3.754054999999937
            ],
            [
              -38.66814899999997,
              -3.75418099999996
            ],
            [
              -38.668064999999956,
              -3.7542929999999615
            ],
            [
              -38.66796799999997,
              -3.754334999999969
            ],
            [
              -38.66776599999997,
              -3.754334999999969
            ],
            [
              -38.66761199999996,
              -3.754299999999944
            ],
            [
              -38.66750099999996,
              -3.7541459999999347
            ],
            [
              -38.66731299999998,
              -3.753962999999942
            ],
            [
              -38.667123999999944,
              -3.7537489999999707
            ],
            [
              -38.667047199999956,
              -3.753714499999944
            ],
            [
              -38.667030299999965,
              -3.7537068999999406
            ],
            [
              -38.667256399999985,
              -3.7491381999999476
            ],
            [
              -38.66734249999996,
              -3.7474008999999455
            ],
            [
              -38.66736499999996,
              -3.7473979999999756
            ],
            [
              -38.66739699999994,
              -3.746569999999963
            ],
            [
              -38.66743399999996,
              -3.746287999999936
            ],
            [
              -38.66745599999996,
              -3.7458819999999378
            ],
            [
              -38.667501999999956,
              -3.74541499999998
            ],
            [
              -38.66753099999994,
              -3.7449209999999766
            ],
            [
              -38.66756099999998,
              -3.7444489999999746
            ],
            [
              -38.66757199999995,
              -3.744301999999948
            ],
            [
              -38.66757299999995,
              -3.7442843999999695
            ],
            [
              -38.66758999999996,
              -3.743998999999974
            ],
            [
              -38.66758469999996,
              -3.7439986999999633
            ],
            [
              -38.66769469999997,
              -3.7424000999999407
            ],
            [
              -38.66771639999996,
              -3.742084899999952
            ],
            [
              -38.66770999999994,
              -3.7420849999999746
            ],
            [
              -38.66753669999997,
              -3.742076299999951
            ],
            [
              -38.667250999999965,
              -3.742061999999976
            ],
            [
              -38.666789999999935,
              -3.742033999999933
            ],
            [
              -38.666290999999944,
              -3.742012999999929
            ],
            [
              -38.66581599999995,
              -3.7419839999999454
            ],
            [
              -38.66505399999994,
              -3.7419459999999276
            ],
            [
              -38.66485199999994,
              -3.7413819999999305
            ],
            [
              -38.664788999999985,
              -3.7409639999999627
            ],
            [
              -38.664769999999976,
              -3.740477999999939
            ],
            [
              -38.66479799999996,
              -3.739909999999952
            ],
            [
              -38.66486999999995,
              -3.7394839999999476
            ],
            [
              -38.66489199999995,
              -3.7392229999999245
            ],
            [
              -38.664950999999974,
              -3.7388839999999277
            ],
            [
              -38.66502899999995,
              -3.738467999999955
            ],
            [
              -38.665107999999975,
              -3.738177999999948
            ],
            [
              -38.66519399999993,
              -3.7378649999999425
            ],
            [
              -38.665258999999935,
              -3.737690999999927
            ],
            [
              -38.666113999999936,
              -3.737594999999942
            ],
            [
              -38.666111099999966,
              -3.737575099999958
            ],
            [
              -38.666598299999976,
              -3.737496599999929
            ],
            [
              -38.66703669999998,
              -3.737415399999975
            ],
            [
              -38.66745889999993,
              -3.7373179999999593
            ],
            [
              -38.667621199999985,
              -3.7372854999999277
            ],
            [
              -38.66770239999994,
              -3.7372691999999574
            ],
            [
              -38.668010899999956,
              -3.7372042999999735
            ],
            [
              -38.66841679999993,
              -3.7371555999999373
            ],
            [
              -38.66882229999993,
              -3.737085699999966
            ],
            [
              -38.66862789999993,
              -3.7353208999999765
            ],
            [
              -38.66859869999996,
              -3.7351361999999426
            ],
            [
              -38.66808599999996,
              -3.7351639999999406
            ],
            [
              -38.668932799999936,
              -3.7346617999999694
            ],
            [
              -38.66916009999994,
              -3.734613099999933
            ],
            [
              -38.670962299999985,
              -3.7335252999999398
            ],
            [
              -38.67096449999997,
              -3.733530299999927
            ],
            [
              -38.67214759999996,
              -3.732892099999958
            ],
            [
              -38.672177499999975,
              -3.7332328999999618
            ],
            [
              -38.67230449999994,
              -3.7339138999999477
            ],
            [
              -38.67239809999995,
              -3.7346529999999802
            ],
            [
              -38.67236369999995,
              -3.7349700999999413
            ],
            [
              -38.67189419999994,
              -3.7350101999999765
            ],
            [
              -38.671994799999936,
              -3.7358548999999357
            ],
            [
              -38.67223179999996,
              -3.7377819999999247
            ],
            [
              -38.67390519999998,
              -3.738099699999964
            ],
            [
              -38.67412289999993,
              -3.738626199999942
            ],
            [
              -38.67416289999994,
              -3.7387228999999707
            ],
            [
              -38.674203699999964,
              -3.7391503999999713
            ],
            [
              -38.674501299999974,
              -3.7422687999999766
            ],
            [
              -38.67456639999995,
              -3.7429513999999244
            ],
            [
              -38.67466939999997,
              -3.7431069999999522
            ],
            [
              -38.67481799999996,
              -3.743404099999964
            ],
            [
              -38.67546169999997,
              -3.7449638999999593
            ],
            [
              -38.675481299999944,
              -3.7449541999999383
            ],
            [
              -38.67570649999993,
              -3.745615599999951
            ],
            [
              -38.67572359999997,
              -3.745665899999949
            ],
            [
              -38.676129499999945,
              -3.7468023999999787
            ]
          ]
        ]
      }
    },
    {
      "type": "Feature",
      "properties": {
        "id": "caucaia:padre-romualdo",
        "name": "Padre Romualdo",
        "municipality": "Caucaia",
        "kind": "bairro",
        "source": "IBGE - Malha de Setores Censitarios 2022 agregada por unidade territorial de Caucaia"
      },
      "geometry": {
        "type": "Polygon",
        "coordinates": [
          [
            [
              -38.659595999999965,
              -3.723116999999945
            ],
            [
              -38.65957499999996,
              -3.7238689999999792
            ],
            [
              -38.659558999999945,
              -3.7241959999999494
            ],
            [
              -38.65954099999993,
              -3.7246619999999666
            ],
            [
              -38.659490999999946,
              -3.725057999999933
            ],
            [
              -38.65941399999997,
              -3.7254149999999413
            ],
            [
              -38.65933999999993,
              -3.7256229999999277
            ],
            [
              -38.65920999999997,
              -3.7259429999999725
            ],
            [
              -38.65903999999995,
              -3.726214999999968
            ],
            [
              -38.65885499999996,
              -3.7265239999999267
            ],
            [
              -38.658597999999984,
              -3.7268719999999576
            ],
            [
              -38.65829699999995,
              -3.7273029999999494
            ],
            [
              -38.658082999999976,
              -3.727594999999951
            ],
            [
              -38.65800299999995,
              -3.727688999999941
            ],
            [
              -38.65793199999996,
              -3.727792999999963
            ],
            [
              -38.65788699999996,
              -3.727876999999978
            ],
            [
              -38.65784699999995,
              -3.727963999999929
            ],
            [
              -38.657812999999976,
              -3.7280659999999557
            ],
            [
              -38.657761999999934,
              -3.7282699999999522
            ],
            [
              -38.65697599999993,
              -3.7285229999999387
            ],
            [
              -38.656744999999944,
              -3.7286339999999427
            ],
            [
              -38.65651699999995,
              -3.7287739999999303
            ],
            [
              -38.656271999999944,
              -3.7290014999999244
            ],
            [
              -38.65605439999996,
              -3.729146499999956
            ],
            [
              -38.65590589999994,
              -3.729295099999945
            ],
            [
              -38.65580679999994,
              -3.729418799999962
            ],
            [
              -38.65565829999997,
              -3.729592099999934
            ],
            [
              -38.655583999999976,
              -3.72996349999994
            ],
            [
              -38.65556339999995,
              -3.7305509999999344
            ],
            [
              -38.65473399999996,
              -3.7305879999999547
            ],
            [
              -38.654724999999985,
              -3.728328999999974
            ],
            [
              -38.654668699999945,
              -3.727448699999968
            ],
            [
              -38.654582999999946,
              -3.7270729999999617
            ],
            [
              -38.654443999999955,
              -3.7267949999999246
            ],
            [
              -38.654299099999946,
              -3.726490399999932
            ],
            [
              -38.654075999999975,
              -3.7261029999999664
            ],
            [
              -38.653553699999975,
              -3.725217099999952
            ],
            [
              -38.653291999999965,
              -3.7247829999999453
            ],
            [
              -38.65303199999994,
              -3.724275999999975
            ],
            [
              -38.65296499999994,
              -3.7241999999999393
            ],
            [
              -38.65273599999995,
              -3.72376399999996
            ],
            [
              -38.65239599999995,
              -3.7231709999999794
            ],
            [
              -38.65232599999996,
              -3.7230089999999336
            ],
            [
              -38.65173199999998,
              -3.7219409999999584
            ],
            [
              -38.652507999999955,
              -3.7216379999999276
            ],
            [
              -38.65317399999998,
              -3.7214729999999463
            ],
            [
              -38.65407099999993,
              -3.7213499999999726
            ],
            [
              -38.65481299999993,
              -3.721303999999975
            ],
            [
              -38.65587879999998,
              -3.7212403999999424
            ],
            [
              -38.65701769999998,
              -3.7211877999999388
            ],
            [
              -38.65830099999994,
              -3.721132999999952
            ],
            [
              -38.65939099999997,
              -3.7210889999999495
            ],
            [
              -38.65951199999995,
              -3.7218379999999343
            ],
            [
              -38.65953699999994,
              -3.722116999999969
            ],
            [
              -38.65957899999995,
              -3.722605999999928
            ],
            [
              -38.659595999999965,
              -3.723116999999945
            ]
          ]
        ]
      }
    },
    {
      "type": "Feature",
      "properties": {
        "id": "caucaia:parque-albano",
        "name": "Parque Albano",
        "municipality": "Caucaia",
        "kind": "bairro",
        "source": "IBGE - Malha de Setores Censitarios 2022 agregada por unidade territorial de Caucaia"
      },
      "geometry": {
        "type": "Polygon",
        "coordinates": [
          [
            [
              -38.616204799999934,
              -3.760707699999955
            ],
            [
              -38.615873799999974,
              -3.7610297999999602
            ],
            [
              -38.615524799999946,
              -3.7613975999999525
            ],
            [
              -38.61520429999996,
              -3.76161129999997
            ],
            [
              -38.61521099999993,
              -3.7616239999999266
            ],
            [
              -38.61472329999998,
              -3.761943599999938
            ],
            [
              -38.614476999999965,
              -3.7621049999999627
            ],
            [
              -38.61449989999994,
              -3.762208399999963
            ],
            [
              -38.61440449999998,
              -3.7623369999999454
            ],
            [
              -38.614263499999936,
              -3.7624137999999334
            ],
            [
              -38.61415949999997,
              -3.76247479999995
            ],
            [
              -38.61401919999997,
              -3.7621400999999537
            ],
            [
              -38.61376309999997,
              -3.761573999999939
            ],
            [
              -38.61347319999993,
              -3.760918699999934
            ],
            [
              -38.61314129999994,
              -3.760153199999934
            ],
            [
              -38.61282739999996,
              -3.759430899999927
            ],
            [
              -38.61280499999998,
              -3.7593791999999553
            ],
            [
              -38.61257029999996,
              -3.758837099999937
            ],
            [
              -38.61236729999996,
              -3.758374999999944
            ],
            [
              -38.612270499999966,
              -3.7581544999999323
            ],
            [
              -38.611936399999934,
              -3.757437999999979
            ],
            [
              -38.61183289999997,
              -3.757247399999926
            ],
            [
              -38.61176679999994,
              -3.7571256999999605
            ],
            [
              -38.61156079999995,
              -3.7567465999999285
            ],
            [
              -38.61121439999994,
              -3.75616969999993
            ],
            [
              -38.61089109999995,
              -3.7557085999999344
            ],
            [
              -38.610338799999965,
              -3.7550399999999513
            ],
            [
              -38.609831199999974,
              -3.754463899999962
            ],
            [
              -38.60934179999998,
              -3.753996099999938
            ],
            [
              -38.608912799999985,
              -3.7536386999999536
            ],
            [
              -38.60900299999997,
              -3.749991899999941
            ],
            [
              -38.608995999999934,
              -3.7499919999999634
            ],
            [
              -38.60901899999993,
              -3.748410999999976
            ],
            [
              -38.609036999999944,
              -3.7478649999999334
            ],
            [
              -38.60905729999996,
              -3.7466850999999792
            ],
            [
              -38.609063799999944,
              -3.7463085999999635
            ],
            [
              -38.60906499999993,
              -3.746240999999941
            ],
            [
              -38.60909699999996,
              -3.7445569999999293
            ],
            [
              -38.609310999999934,
              -3.744566999999961
            ],
            [
              -38.60930199999996,
              -3.744880999999964
            ],
            [
              -38.61031559999998,
              -3.7449212999999304
            ],
            [
              -38.61031559999998,
              -3.7448984999999766
            ],
            [
              -38.61030589999996,
              -3.7423215999999684
            ],
            [
              -38.612072299999966,
              -3.742578499999979
            ],
            [
              -38.61207529999996,
              -3.7425788999999554
            ],
            [
              -38.61373299999997,
              -3.742819999999938
            ],
            [
              -38.61413399999998,
              -3.742877999999962
            ],
            [
              -38.61487699999998,
              -3.7460079999999607
            ],
            [
              -38.61522599999995,
              -3.748976999999968
            ],
            [
              -38.61531229999997,
              -3.7496542999999747
            ],
            [
              -38.61539199999993,
              -3.750264999999956
            ],
            [
              -38.615393799999936,
              -3.7502803999999514
            ],
            [
              -38.61547299999995,
              -3.750958999999966
            ],
            [
              -38.61555599999997,
              -3.751617999999951
            ],
            [
              -38.61563399999994,
              -3.7522959999999443
            ],
            [
              -38.61571799999996,
              -3.7529479999999467
            ],
            [
              -38.61579899999998,
              -3.7535839999999325
            ],
            [
              -38.61585029999998,
              -3.754273699999942
            ],
            [
              -38.61589989999993,
              -3.7549500999999736
            ],
            [
              -38.61599199999995,
              -3.755608999999936
            ],
            [
              -38.616011999999955,
              -3.756271999999967
            ],
            [
              -38.616033699999946,
              -3.7569235999999364
            ],
            [
              -38.61606299999994,
              -3.7575939999999264
            ],
            [
              -38.616086999999936,
              -3.7582689999999275
            ],
            [
              -38.61611799999997,
              -3.759062999999969
            ],
            [
              -38.616157999999984,
              -3.7600989999999683
            ],
            [
              -38.616157999999984,
              -3.7602109999999698
            ],
            [
              -38.616173999999944,
              -3.7605759999999577
            ],
            [
              -38.616204799999934,
              -3.760707699999955
            ]
          ]
        ]
      }
    },
    {
      "type": "Feature",
      "properties": {
        "id": "caucaia:parque-das-nacoes",
        "name": "Parque das Nações",
        "municipality": "Caucaia",
        "kind": "bairro",
        "source": "IBGE - Malha de Setores Censitarios 2022 agregada por unidade territorial de Caucaia"
      },
      "geometry": {
        "type": "Polygon",
        "coordinates": [
          [
            [
              -38.61031559999998,
              -3.7449212999999304
            ],
            [
              -38.60930199999996,
              -3.744880999999964
            ],
            [
              -38.609310999999934,
              -3.744566999999961
            ],
            [
              -38.60909699999996,
              -3.7445569999999293
            ],
            [
              -38.60906499999993,
              -3.746240999999941
            ],
            [
              -38.609063799999944,
              -3.7463085999999635
            ],
            [
              -38.60905729999996,
              -3.7466850999999792
            ],
            [
              -38.609036999999944,
              -3.7478649999999334
            ],
            [
              -38.60901899999993,
              -3.748410999999976
            ],
            [
              -38.608995999999934,
              -3.7499919999999634
            ],
            [
              -38.60900299999997,
              -3.749991899999941
            ],
            [
              -38.608912799999985,
              -3.7536386999999536
            ],
            [
              -38.608663899999954,
              -3.7534312999999315
            ],
            [
              -38.60838279999996,
              -3.75322129999995
            ],
            [
              -38.607906199999945,
              -3.752864999999929
            ],
            [
              -38.607010299999956,
              -3.752258599999948
            ],
            [
              -38.60632869999995,
              -3.75180899999998
            ],
            [
              -38.60557259999996,
              -3.751289399999962
            ],
            [
              -38.60475079999998,
              -3.7507428999999775
            ],
            [
              -38.60452509999993,
              -3.750590299999942
            ],
            [
              -38.60463699999997,
              -3.7502399999999625
            ],
            [
              -38.60467999999997,
              -3.749843999999939
            ],
            [
              -38.60467999999997,
              -3.7483779999999456
            ],
            [
              -38.60469789999996,
              -3.748334899999975
            ],
            [
              -38.60475299999996,
              -3.748201999999935
            ],
            [
              -38.60486109999994,
              -3.748035199999947
            ],
            [
              -38.604971999999975,
              -3.747863999999936
            ],
            [
              -38.60524799999996,
              -3.74717499999997
            ],
            [
              -38.60536499999995,
              -3.746749999999963
            ],
            [
              -38.605350999999985,
              -3.7465163999999618
            ],
            [
              -38.60514699999993,
              -3.7461189999999647
            ],
            [
              -38.604709999999955,
              -3.7442569999999478
            ],
            [
              -38.60443299999997,
              -3.7429069999999456
            ],
            [
              -38.60437499999995,
              -3.7423939999999334
            ],
            [
              -38.60441799999995,
              -3.7421739999999772
            ],
            [
              -38.60449099999994,
              -3.7420269999999505
            ],
            [
              -38.60467999999997,
              -3.7419099999999617
            ],
            [
              -38.605241999999976,
              -3.7415829999999346
            ],
            [
              -38.606543999999985,
              -3.741767999999979
            ],
            [
              -38.606660999999974,
              -3.741784999999936
            ],
            [
              -38.60758899999996,
              -3.741918999999939
            ],
            [
              -38.608469999999954,
              -3.742051999999944
            ],
            [
              -38.60930399999995,
              -3.742185999999947
            ],
            [
              -38.61030589999996,
              -3.7423215999999684
            ],
            [
              -38.61031559999998,
              -3.7448984999999766
            ],
            [
              -38.61031559999998,
              -3.7449212999999304
            ]
          ]
        ]
      }
    },
    {
      "type": "Feature",
      "properties": {
        "id": "caucaia:parque-leblon",
        "name": "Parque Leblon",
        "municipality": "Caucaia",
        "kind": "bairro",
        "source": "IBGE - Malha de Setores Censitarios 2022 agregada por unidade territorial de Caucaia"
      },
      "geometry": {
        "type": "Polygon",
        "coordinates": [
          [
            [
              -38.61907379999997,
              -3.7027539999999703
            ],
            [
              -38.61898649999995,
              -3.7027702999999406
            ],
            [
              -38.61694789999996,
              -3.703015099999959
            ],
            [
              -38.616904199999965,
              -3.703015199999925
            ],
            [
              -38.61670779999997,
              -3.7030262999999763
            ],
            [
              -38.61645129999994,
              -3.703042699999969
            ],
            [
              -38.61608009999998,
              -3.7030699999999683
            ],
            [
              -38.61567069999995,
              -3.7031026999999312
            ],
            [
              -38.61526669999995,
              -3.703151699999978
            ],
            [
              -38.61492929999997,
              -3.703173099999958
            ],
            [
              -38.614754999999946,
              -3.7031838999999422
            ],
            [
              -38.61463079999993,
              -3.7031943999999726
            ],
            [
              -38.614539099999945,
              -3.7031939999999395
            ],
            [
              -38.61242409999994,
              -3.70326799999998
            ],
            [
              -38.61173779999996,
              -3.7032919999999763
            ],
            [
              -38.61164549999995,
              -3.703275699999949
            ],
            [
              -38.61154769999996,
              -3.7032702999999287
            ],
            [
              -38.611433499999976,
              -3.7032647999999426
            ],
            [
              -38.611357399999974,
              -3.703259399999979
            ],
            [
              -38.61129759999994,
              -3.7032539999999585
            ],
            [
              -38.61121069999996,
              -3.703243099999952
            ],
            [
              -38.61109659999994,
              -3.7032376999999315
            ],
            [
              -38.60998189999998,
              -3.703156399999955
            ],
            [
              -38.60896049999997,
              -3.7030204999999796
            ],
            [
              -38.607217799999944,
              -3.7026290999999674
            ],
            [
              -38.60626079999997,
              -3.702357999999947
            ],
            [
              -38.60496129999996,
              -3.7023959999999647
            ],
            [
              -38.604199499999936,
              -3.7025253999999563
            ],
            [
              -38.60350049999994,
              -3.702738899999929
            ],
            [
              -38.60336429999995,
              -3.7027804999999603
            ],
            [
              -38.60274819999995,
              -3.7029874999999493
            ],
            [
              -38.60197539999996,
              -3.703185899999937
            ],
            [
              -38.60135089999994,
              -3.7033461999999417
            ],
            [
              -38.60057759999995,
              -3.703487799999948
            ],
            [
              -38.60052859999996,
              -3.703487799999948
            ],
            [
              -38.59986939999993,
              -3.703525799999966
            ],
            [
              -38.59903749999995,
              -3.7035211999999547
            ],
            [
              -38.59735379999995,
              -3.703374599999961
            ],
            [
              -38.596478599999955,
              -3.703183499999966
            ],
            [
              -38.595581599999946,
              -3.7030196999999703
            ],
            [
              -38.594239399999935,
              -3.702506299999925
            ],
            [
              -38.59343549999994,
              -3.7019549999999413
            ],
            [
              -38.59254939999994,
              -3.7013817999999787
            ],
            [
              -38.59167379999997,
              -3.7008284999999432
            ],
            [
              -38.590710899999976,
              -3.7002200999999673
            ],
            [
              -38.58996569999994,
              -3.699545599999965
            ],
            [
              -38.58947279999995,
              -3.699198699999954
            ],
            [
              -38.58944139999994,
              -3.6991672999999423
            ],
            [
              -38.588602299999934,
              -3.698040399999968
            ],
            [
              -38.58814069999994,
              -3.6973157999999557
            ],
            [
              -38.58776979999993,
              -3.6967167999999333
            ],
            [
              -38.58758319999998,
              -3.6964059999999677
            ],
            [
              -38.58813999999995,
              -3.696059299999945
            ],
            [
              -38.58876049999998,
              -3.6958980999999653
            ],
            [
              -38.588783399999954,
              -3.6958920999999805
            ],
            [
              -38.589047799999946,
              -3.6958629999999744
            ],
            [
              -38.589057999999966,
              -3.6958618999999544
            ],
            [
              -38.589770199999975,
              -3.6957834999999477
            ],
            [
              -38.590641999999946,
              -3.69553389999993
            ],
            [
              -38.59149999999994,
              -3.6950316999999586
            ],
            [
              -38.592810499999985,
              -3.6948167999999555
            ],
            [
              -38.59490749999998,
              -3.694123599999955
            ],
            [
              -38.596408699999984,
              -3.6937652999999386
            ],
            [
              -38.59736189999995,
              -3.69355029999997
            ],
            [
              -38.59774319999997,
              -3.6933828999999605
            ],
            [
              -38.59833889999993,
              -3.69323959999997
            ],
            [
              -38.59891079999994,
              -3.693072299999926
            ],
            [
              -38.59960179999996,
              -3.6928810999999655
            ],
            [
              -38.60057879999994,
              -3.6925703999999655
            ],
            [
              -38.602914099999964,
              -3.6919729999999618
            ],
            [
              -38.60398639999994,
              -3.6915665999999305
            ],
            [
              -38.60453809999996,
              -3.6913701999999375
            ],
            [
              -38.60472509999994,
              -3.6913035999999693
            ],
            [
              -38.605320699999936,
              -3.691519299999925
            ],
            [
              -38.60586859999995,
              -3.691710999999941
            ],
            [
              -38.606771899999956,
              -3.691409599999929
            ],
            [
              -38.60703049999995,
              -3.691477099999929
            ],
            [
              -38.607393599999966,
              -3.6914723999999524
            ],
            [
              -38.60779869999993,
              -3.6912809999999467
            ],
            [
              -38.60851359999998,
              -3.690994099999955
            ],
            [
              -38.60915719999997,
              -3.6903480999999374
            ],
            [
              -38.60963399999997,
              -3.6897738999999774
            ],
            [
              -38.61029769999993,
              -3.689284599999951
            ],
            [
              -38.61105559999993,
              -3.6887901999999713
            ],
            [
              -38.61108779999995,
              -3.6887691999999674
            ],
            [
              -38.61112989999998,
              -3.6887649999999326
            ],
            [
              -38.61149799999998,
              -3.690127699999948
            ],
            [
              -38.61149799999998,
              -3.6904459999999517
            ],
            [
              -38.61162869999998,
              -3.6907900999999583
            ],
            [
              -38.61186159999994,
              -3.691058099999964
            ],
            [
              -38.61215089999996,
              -3.692120999999929
            ],
            [
              -38.61222639999994,
              -3.6923638999999753
            ],
            [
              -38.61245029999998,
              -3.692762499999958
            ],
            [
              -38.61240079999993,
              -3.692782399999942
            ],
            [
              -38.61202399999996,
              -3.6928073999999356
            ],
            [
              -38.61236349999996,
              -3.693376199999932
            ],
            [
              -38.61250959999995,
              -3.6937558999999283
            ],
            [
              -38.61280369999997,
              -3.693995799999925
            ],
            [
              -38.61316029999995,
              -3.694090499999959
            ],
            [
              -38.61418619999995,
              -3.694447299999979
            ],
            [
              -38.61493009999998,
              -3.694841199999928
            ],
            [
              -38.61493599999994,
              -3.6950270999999475
            ],
            [
              -38.615576499999975,
              -3.695393299999978
            ],
            [
              -38.61606839999996,
              -3.6955857999999466
            ],
            [
              -38.61615399999994,
              -3.695649899999978
            ],
            [
              -38.61658169999998,
              -3.6955429999999296
            ],
            [
              -38.61702909999997,
              -3.6953902999999286
            ],
            [
              -38.61717049999993,
              -3.695182799999941
            ],
            [
              -38.617283999999984,
              -3.6949720999999727
            ],
            [
              -38.61719449999998,
              -3.6952102999999283
            ],
            [
              -38.61722339999994,
              -3.6953843999999663
            ],
            [
              -38.617286399999955,
              -3.695513299999959
            ],
            [
              -38.61768129999996,
              -3.6971258999999463
            ],
            [
              -38.61784359999996,
              -3.6977887999999552
            ],
            [
              -38.61907379999997,
              -3.7027539999999703
            ]
          ]
        ]
      }
    },
    {
      "type": "Feature",
      "properties": {
        "id": "caucaia:parque-soledade",
        "name": "Parque Soledade",
        "municipality": "Caucaia",
        "kind": "bairro",
        "source": "IBGE - Malha de Setores Censitarios 2022 agregada por unidade territorial de Caucaia"
      },
      "geometry": {
        "type": "Polygon",
        "coordinates": [
          [
            [
              -38.65505699999994,
              -3.746520999999973
            ],
            [
              -38.65503099999995,
              -3.746806999999933
            ],
            [
              -38.655006999999955,
              -3.7470259999999485
            ],
            [
              -38.65494899999993,
              -3.747214999999926
            ],
            [
              -38.65494249999995,
              -3.747276099999965
            ],
            [
              -38.654601699999944,
              -3.7473500999999487
            ],
            [
              -38.65455689999993,
              -3.747390199999927
            ],
            [
              -38.65424319999994,
              -3.747670899999946
            ],
            [
              -38.654186599999946,
              -3.7479726999999343
            ],
            [
              -38.65414889999994,
              -3.7482367999999724
            ],
            [
              -38.65424319999994,
              -3.748482099999933
            ],
            [
              -38.654318699999976,
              -3.748991399999966
            ],
            [
              -38.65428099999997,
              -3.7493875999999773
            ],
            [
              -38.654186599999946,
              -3.7498403999999255
            ],
            [
              -38.65403569999995,
              -3.7502553999999577
            ],
            [
              -38.65386589999997,
              -3.75074589999997
            ],
            [
              -38.65371499999998,
              -3.7509156999999504
            ],
            [
              -38.65341319999993,
              -3.751085499999931
            ],
            [
              -38.65303579999994,
              -3.7509533999999576
            ],
            [
              -38.65288489999995,
              -3.7507081999999627
            ],
            [
              -38.65275289999994,
              -3.7504251999999383
            ],
            [
              -38.65256419999997,
              -3.750330799999972
            ],
            [
              -38.65241329999998,
              -3.7503873999999655
            ],
            [
              -38.65231899999998,
              -3.7506137999999396
            ],
            [
              -38.65231899999998,
              -3.750896799999964
            ],
            [
              -38.652262399999984,
              -3.7511985999999524
            ],
            [
              -38.65218689999995,
              -3.751236399999925
            ],
            [
              -38.65194169999995,
              -3.7512740999999323
            ],
            [
              -38.651696399999935,
              -3.7509910999999647
            ],
            [
              -38.651300299999946,
              -3.750934499999971
            ],
            [
              -38.65101729999998,
              -3.751009999999951
            ],
            [
              -38.65075319999994,
              -3.7511420999999245
            ],
            [
              -38.65058339999996,
              -3.751085499999931
            ],
            [
              -38.65045129999993,
              -3.750934499999971
            ],
            [
              -38.65018719999995,
              -3.7507269999999266
            ],
            [
              -38.64971559999998,
              -3.7506137999999396
            ],
            [
              -38.64809319999995,
              -3.750651599999969
            ],
            [
              -38.64748949999995,
              -3.7505949999999757
            ],
            [
              -38.64728199999996,
              -3.7507081999999627
            ],
            [
              -38.64714989999993,
              -3.7509156999999504
            ],
            [
              -38.64724419999993,
              -3.751085499999931
            ],
            [
              -38.647338599999955,
              -3.751349599999969
            ],
            [
              -38.64730079999998,
              -3.7515193999999497
            ],
            [
              -38.64709329999994,
              -3.751670299999944
            ],
            [
              -38.64681029999997,
              -3.7515381999999704
            ],
            [
              -38.64650849999998,
              -3.751462799999956
            ],
            [
              -38.646263199999964,
              -3.7515758999999775
            ],
            [
              -38.64607459999996,
              -3.751707999999951
            ],
            [
              -38.64598029999996,
              -3.7518966999999748
            ],
            [
              -38.645961399999976,
              -3.752198499999963
            ],
            [
              -38.646263199999964,
              -3.7525946999999746
            ],
            [
              -38.646263199999964,
              -3.752745599999969
            ],
            [
              -38.646168899999964,
              -3.7529153999999494
            ],
            [
              -38.645961399999976,
              -3.752971999999943
            ],
            [
              -38.64571619999998,
              -3.75293419999997
            ],
            [
              -38.64548979999995,
              -3.752858799999956
            ],
            [
              -38.64520679999998,
              -3.7526134999999385
            ],
            [
              -38.64501809999996,
              -3.752556899999945
            ],
            [
              -38.64481059999997,
              -3.752632399999925
            ],
            [
              -38.64458419999994,
              -3.752764499999955
            ],
            [
              -38.64430129999994,
              -3.752745599999969
            ],
            [
              -38.64403719999996,
              -3.7525946999999746
            ],
            [
              -38.64381079999998,
              -3.75231169999995
            ],
            [
              -38.64362209999996,
              -3.7521795999999767
            ],
            [
              -38.64335799999998,
              -3.752085299999976
            ],
            [
              -38.64301839999996,
              -3.751972099999932
            ],
            [
              -38.64282979999996,
              -3.7518022999999516
            ],
            [
              -38.64275429999998,
              -3.751349599999969
            ],
            [
              -38.64275429999998,
              -3.750896799999964
            ],
            [
              -38.64299959999994,
              -3.750557199999946
            ],
            [
              -38.643301399999984,
              -3.7504251999999383
            ],
            [
              -38.643471199999965,
              -3.7503496999999584
            ],
            [
              -38.643640999999946,
              -3.7501232999999274
            ],
            [
              -38.64352779999996,
              -3.7498780999999326
            ],
            [
              -38.64328249999994,
              -3.7498025999999527
            ],
            [
              -38.643037299999946,
              -3.7498968999999533
            ],
            [
              -38.642773199999965,
              -3.7500100999999404
            ],
            [
              -38.642509099999984,
              -3.7500100999999404
            ],
            [
              -38.64226379999997,
              -3.7498403999999255
            ],
            [
              -38.64211289999997,
              -3.7495007999999643
            ],
            [
              -38.642169499999966,
              -3.7492932999999766
            ],
            [
              -38.642376999999954,
              -3.7491800999999327
            ],
            [
              -38.64262229999997,
              -3.749123499999939
            ],
            [
              -38.64279209999995,
              -3.7488781999999787
            ],
            [
              -38.642773199999965,
              -3.748632999999927
            ],
            [
              -38.64262229999997,
              -3.7483876999999666
            ],
            [
              -38.64220719999997,
              -3.748293399999966
            ],
            [
              -38.64182989999995,
              -3.748406599999953
            ],
            [
              -38.64149039999995,
              -3.748482099999933
            ],
            [
              -38.64109419999994,
              -3.7485008999999536
            ],
            [
              -38.64071689999997,
              -3.7483876999999666
            ],
            [
              -38.64066029999998,
              -3.748161399999958
            ],
            [
              -38.64073569999994,
              -3.7478028999999538
            ],
            [
              -38.64084889999998,
              -3.7473123999999416
            ],
            [
              -38.64086779999997,
              -3.74691619999993
            ],
            [
              -38.64073569999994,
              -3.746633299999928
            ],
            [
              -38.640452799999935,
              -3.7464822999999683
            ],
            [
              -38.64018869999995,
              -3.7464634999999475
            ],
            [
              -38.64001889999997,
              -3.746633299999928
            ],
            [
              -38.639849099999935,
              -3.74687849999998
            ],
            [
              -38.63971699999996,
              -3.747029399999974
            ],
            [
              -38.63952839999996,
              -3.7470482999999604
            ],
            [
              -38.63920769999993,
              -3.746897399999966
            ],
            [
              -38.638905799999975,
              -3.746784199999979
            ],
            [
              -38.638547399999936,
              -3.746765299999936
            ],
            [
              -38.638113499999974,
              -3.7466709999999352
            ],
            [
              -38.637811599999964,
              -3.746444599999961
            ],
            [
              -38.63766069999997,
              -3.746067299999936
            ],
            [
              -38.63766069999997,
              -3.7456333999999742
            ],
            [
              -38.63754749999998,
              -3.745256099999949
            ],
            [
              -38.63732109999995,
              -3.7450108999999543
            ],
            [
              -38.63717019999996,
              -3.7448221999999305
            ],
            [
              -38.63684949999998,
              -3.7443505999999616
            ],
            [
              -38.63675519999998,
              -3.743916699999943
            ],
            [
              -38.63664199999994,
              -3.7436525999999617
            ],
            [
              -38.63647219999996,
              -3.7435016999999675
            ],
            [
              -38.63609489999993,
              -3.7435016999999675
            ],
            [
              -38.63584969999994,
              -3.7435393999999746
            ],
            [
              -38.635510099999976,
              -3.743350699999951
            ],
            [
              -38.635369999999966,
              -3.743108799999959
            ],
            [
              -38.635347999999965,
              -3.7431119999999396
            ],
            [
              -38.63534199999998,
              -3.7431042999999704
            ],
            [
              -38.63488099999995,
              -3.742510999999979
            ],
            [
              -38.634499999999946,
              -3.7421119999999632
            ],
            [
              -38.63438699999995,
              -3.742055999999934
            ],
            [
              -38.63422699999995,
              -3.7420379999999795
            ],
            [
              -38.63374299999998,
              -3.7421119999999632
            ],
            [
              -38.63336799999996,
              -3.7421319999999696
            ],
            [
              -38.63304999999997,
              -3.742087999999967
            ],
            [
              -38.63279699999998,
              -3.742226999999957
            ],
            [
              -38.632326999999975,
              -3.742324999999937
            ],
            [
              -38.63197199999996,
              -3.742324999999937
            ],
            [
              -38.63136509999998,
              -3.74195409999993
            ],
            [
              -38.631025499999964,
              -3.741444799999954
            ],
            [
              -38.63070479999993,
              -3.7397657999999296
            ],
            [
              -38.63078019999995,
              -3.739067699999964
            ],
            [
              -38.63083679999994,
              -3.7387092999999254
            ],
            [
              -38.630949999999984,
              -3.738520699999981
            ],
            [
              -38.63120849999996,
              -3.738233399999956
            ],
            [
              -38.631190999999944,
              -3.7382219999999506
            ],
            [
              -38.63115499999998,
              -3.7377349999999296
            ],
            [
              -38.631194999999934,
              -3.7374789999999507
            ],
            [
              -38.63143999999994,
              -3.737295999999958
            ],
            [
              -38.63174099999998,
              -3.7370169999999803
            ],
            [
              -38.631827999999985,
              -3.736928999999975
            ],
            [
              -38.63185199999998,
              -3.7366819999999734
            ],
            [
              -38.63178899999997,
              -3.7364109999999755
            ],
            [
              -38.63117099999994,
              -3.735557999999969
            ],
            [
              -38.63109199999997,
              -3.7352549999999383
            ],
            [
              -38.630822999999964,
              -3.7350549999999316
            ],
            [
              -38.63055399999996,
              -3.734895999999935
            ],
            [
              -38.63025299999998,
              -3.7349679999999807
            ],
            [
              -38.63001499999996,
              -3.7351509999999735
            ],
            [
              -38.62972999999994,
              -3.735262999999975
            ],
            [
              -38.629088999999965,
              -3.735262999999975
            ],
            [
              -38.62892999999997,
              -3.7351109999999608
            ],
            [
              -38.628818999999964,
              -3.7349519999999643
            ],
            [
              -38.62862899999993,
              -3.7347919999999704
            ],
            [
              -38.62833599999993,
              -3.7346729999999297
            ],
            [
              -38.62784999999997,
              -3.73479999999995
            ],
            [
              -38.62769099999997,
              -3.734831999999926
            ],
            [
              -38.62742199999997,
              -3.7347839999999337
            ],
            [
              -38.62710499999997,
              -3.7346409999999537
            ],
            [
              -38.62691499999994,
              -3.7344809999999597
            ],
            [
              -38.62666199999995,
              -3.7344329999999673
            ],
            [
              -38.62648799999994,
              -3.7344329999999673
            ],
            [
              -38.626360999999974,
              -3.7345609999999283
            ],
            [
              -38.626075999999955,
              -3.7348159999999666
            ],
            [
              -38.625932999999975,
              -3.7349759999999605
            ],
            [
              -38.625711999999965,
              -3.735166999999933
            ],
            [
              -38.625441999999964,
              -3.7352469999999585
            ],
            [
              -38.625283999999965,
              -3.7352149999999256
            ],
            [
              -38.62526799999995,
              -3.7349439999999277
            ],
            [
              -38.62518899999998,
              -3.7347839999999337
            ],
            [
              -38.62503099999998,
              -3.734735999999941
            ],
            [
              -38.62496699999997,
              -3.7349759999999605
            ],
            [
              -38.62480899999997,
              -3.7351509999999735
            ],
            [
              -38.62468199999995,
              -3.735166999999933
            ],
            [
              -38.62430199999994,
              -3.7354219999999714
            ],
            [
              -38.624127999999985,
              -3.7354219999999714
            ],
            [
              -38.62403299999994,
              -3.735070999999948
            ],
            [
              -38.62382699999995,
              -3.734831999999926
            ],
            [
              -38.623699999999985,
              -3.7348159999999666
            ],
            [
              -38.62354199999993,
              -3.7346729999999297
            ],
            [
              -38.62343099999998,
              -3.7342899999999304
            ],
            [
              -38.62343099999998,
              -3.734113999999977
            ],
            [
              -38.62324099999995,
              -3.7338269999999625
            ],
            [
              -38.622908999999936,
              -3.7337159999999585
            ],
            [
              -38.62260799999996,
              -3.733699999999942
            ],
            [
              -38.62222799999995,
              -3.733699999999942
            ],
            [
              -38.622068999999954,
              -3.7337949999999296
            ],
            [
              -38.62198999999998,
              -3.7338909999999714
            ],
            [
              -38.62198999999998,
              -3.7342899999999304
            ],
            [
              -38.62208499999997,
              -3.7346729999999297
            ],
            [
              -38.622053999999935,
              -3.734927999999968
            ],
            [
              -38.621767999999975,
              -3.7350229999999556
            ],
            [
              -38.62164199999995,
              -3.7350229999999556
            ],
            [
              -38.620960999999966,
              -3.734416999999951
            ],
            [
              -38.62089699999996,
              -3.734113999999977
            ],
            [
              -38.62078699999995,
              -3.7337159999999585
            ],
            [
              -38.62092899999993,
              -3.733428999999944
            ],
            [
              -38.62116699999996,
              -3.7331099999999537
            ],
            [
              -38.62137299999995,
              -3.7327269999999544
            ],
            [
              -38.621419999999944,
              -3.732279999999946
            ],
            [
              -38.62129299999998,
              -3.731912999999963
            ],
            [
              -38.62092899999993,
              -3.7316099999999324
            ],
            [
              -38.620596999999975,
              -3.731482999999969
            ],
            [
              -38.62023599999998,
              -3.7310769999999707
            ],
            [
              -38.62013299999995,
              -3.730701999999951
            ],
            [
              -38.62013299999995,
              -3.7304229999999734
            ],
            [
              -38.62043399999993,
              -3.7301599999999553
            ],
            [
              -38.62063999999998,
              -3.7300639999999703
            ],
            [
              -38.620837999999935,
              -3.7298959999999397
            ],
            [
              -38.62118699999996,
              -3.7295689999999695
            ],
            [
              -38.62147199999998,
              -3.729505999999958
            ],
            [
              -38.62183599999997,
              -3.729505999999958
            ],
            [
              -38.62213699999995,
              -3.7298249999999484
            ],
            [
              -38.622262999999975,
              -3.730015999999978
            ],
            [
              -38.62251699999996,
              -3.7300639999999703
            ],
            [
              -38.62322899999998,
              -3.7300639999999703
            ],
            [
              -38.62338799999998,
              -3.7298569999999245
            ],
            [
              -38.62351399999994,
              -3.729584999999929
            ],
            [
              -38.623561999999936,
              -3.729202999999927
            ],
            [
              -38.62345099999993,
              -3.728691999999967
            ],
            [
              -38.623355999999944,
              -3.7282619999999724
            ],
            [
              -38.623133999999936,
              -3.7277669999999716
            ],
            [
              -38.622848999999974,
              -3.7269379999999614
            ],
            [
              -38.622896999999966,
              -3.726586999999938
            ],
            [
              -38.62302299999993,
              -3.7262679999999477
            ],
            [
              -38.62329299999993,
              -3.72599699999995
            ],
            [
              -38.62367299999994,
              -3.7257419999999684
            ],
            [
              -38.62394199999994,
              -3.7251039999999307
            ],
            [
              -38.62387899999993,
              -3.7245939999999678
            ],
            [
              -38.62337199999996,
              -3.723923999999954
            ],
            [
              -38.62273799999997,
              -3.7232219999999643
            ],
            [
              -38.62229499999995,
              -3.7226799999999685
            ],
            [
              -38.62194699999998,
              -3.721945999999946
            ],
            [
              -38.621977999999956,
              -3.721275999999932
            ],
            [
              -38.62245299999995,
              -3.7204469999999787
            ],
            [
              -38.62245299999995,
              -3.719011999999964
            ],
            [
              -38.62254799999994,
              -3.7178319999999303
            ],
            [
              -38.62242199999997,
              -3.716874999999959
            ],
            [
              -38.62200999999993,
              -3.7165239999999358
            ],
            [
              -38.62147199999998,
              -3.7162689999999543
            ],
            [
              -38.62086999999997,
              -3.716363999999942
            ],
            [
              -38.620353799999975,
              -3.7161069999999654
            ],
            [
              -38.620342799999946,
              -3.7160742999999457
            ],
            [
              -38.62032629999993,
              -3.7160524999999325
            ],
            [
              -38.62030429999993,
              -3.716014399999949
            ],
            [
              -38.620282299999985,
              -3.7159707999999796
            ],
            [
              -38.62026579999997,
              -3.715943599999946
            ],
            [
              -38.620221999999956,
              -3.715883799999972
            ],
            [
              -38.62017279999998,
              -3.715818699999943
            ],
            [
              -38.62012359999994,
              -3.7157589999999345
            ],
            [
              -38.62007989999995,
              -3.7157156999999756
            ],
            [
              -38.62003089999996,
              -3.71567239999996
            ],
            [
              -38.61999279999998,
              -3.7156344999999646
            ],
            [
              -38.619921999999974,
              -3.7155588999999623
            ],
            [
              -38.61987309999995,
              -3.7155047999999624
            ],
            [
              -38.61985679999998,
              -3.7154831999999374
            ],
            [
              -38.61981879999996,
              -3.7154508999999507
            ],
            [
              -38.61976989999994,
              -3.7154076999999575
            ],
            [
              -38.61972919999994,
              -3.715372499999944
            ],
            [
              -38.61967219999997,
              -3.71531559999994
            ],
            [
              -38.61961239999994,
              -3.715250199999957
            ],
            [
              -38.61956879999997,
              -3.7151902999999606
            ],
            [
              -38.619541599999934,
              -3.7151466999999343
            ],
            [
              -38.619497999999965,
              -3.715075899999931
            ],
            [
              -38.61945979999996,
              -3.714994299999944
            ],
            [
              -38.61943249999996,
              -3.7149234999999408
            ],
            [
              -38.61938339999995,
              -3.7148144999999317
            ],
            [
              -38.619347999999945,
              -3.71471669999994
            ],
            [
              -38.61912939999996,
              -3.7137488999999277
            ],
            [
              -38.619124899999974,
              -3.7135962999999492
            ],
            [
              -38.61910979999993,
              -3.7133799999999724
            ],
            [
              -38.61907659999997,
              -3.7131714999999303
            ],
            [
              -38.619043199999965,
              -3.712961899999925
            ],
            [
              -38.61898779999996,
              -3.7127183999999716
            ],
            [
              -38.61898759999997,
              -3.7126912999999604
            ],
            [
              -38.61895479999998,
              -3.7124745999999504
            ],
            [
              -38.61894929999994,
              -3.712409599999944
            ],
            [
              -38.61893829999997,
              -3.7123227999999244
            ],
            [
              -38.618911099999934,
              -3.712230599999941
            ],
            [
              -38.618894799999964,
              -3.7121763999999757
            ],
            [
              -38.618862099999944,
              -3.7121111999999243
            ],
            [
              -38.61884029999993,
              -3.7120731999999634
            ],
            [
              -38.618796799999984,
              -3.7120243999999616
            ],
            [
              -38.61871039999994,
              -3.7119652999999744
            ],
            [
              -38.61866149999997,
              -3.7119219999999586
            ],
            [
              -38.618596399999944,
              -3.7118732999999793
            ],
            [
              -38.61854219999998,
              -3.7118299999999635
            ],
            [
              -38.61849879999994,
              -3.711797499999932
            ],
            [
              -38.61844989999997,
              -3.711764999999957
            ],
            [
              -38.618363099999954,
              -3.711705399999971
            ],
            [
              -38.618291599999964,
              -3.711650099999929
            ],
            [
              -38.618227599999955,
              -3.711608099999978
            ],
            [
              -38.61818489999996,
              -3.7115655999999717
            ],
            [
              -38.61813159999997,
              -3.7115071999999714
            ],
            [
              -38.61810499999996,
              -3.7114753999999266
            ],
            [
              -38.617956499999934,
              -3.7111505999999395
            ],
            [
              -38.617898399999945,
              -3.710956299999964
            ],
            [
              -38.61787229999993,
              -3.710719499999925
            ],
            [
              -38.61785629999997,
              -3.710515199999975
            ],
            [
              -38.61784529999994,
              -3.7103106999999795
            ],
            [
              -38.61789769999996,
              -3.7100889999999254
            ],
            [
              -38.61797699999994,
              -3.709974099999954
            ],
            [
              -38.61801429999997,
              -3.7099408999999355
            ],
            [
              -38.61805679999998,
              -3.7098966999999448
            ],
            [
              -38.61810469999995,
              -3.70984679999998
            ],
            [
              -38.618147499999964,
              -3.709813199999928
            ],
            [
              -38.61819069999996,
              -3.7097746999999686
            ],
            [
              -38.61824509999997,
              -3.709742399999925
            ],
            [
              -38.618304999999964,
              -3.7097099999999728
            ],
            [
              -38.61834849999997,
              -3.7096993999999768
            ],
            [
              -38.61844649999995,
              -3.709694499999955
            ],
            [
              -38.61859329999993,
              -3.7096952999999644
            ],
            [
              -38.61867469999993,
              -3.7096956999999406
            ],
            [
              -38.61873979999996,
              -3.7096960999999737
            ],
            [
              -38.61880489999993,
              -3.7096963999999275
            ],
            [
              -38.61889709999997,
              -3.7097120999999333
            ],
            [
              -38.61902709999998,
              -3.7097290999999473
            ],
            [
              -38.61915689999995,
              -3.7097353999999427
            ],
            [
              -38.61924329999994,
              -3.7097466999999256
            ],
            [
              -38.619329799999946,
              -3.7097685999999612
            ],
            [
              -38.619421699999975,
              -3.709811899999977
            ],
            [
              -38.61951369999997,
              -3.709849799999972
            ],
            [
              -38.619562299999984,
              -3.7098660999999424
            ],
            [
              -38.619632399999944,
              -3.7098878999999556
            ],
            [
              -38.61968669999993,
              -3.709903899999972
            ],
            [
              -38.61975679999995,
              -3.7099094999999807
            ],
            [
              -38.61982139999998,
              -3.709915199999955
            ],
            [
              -38.619896799999935,
              -3.709926199999927
            ],
            [
              -38.61995049999996,
              -3.709931899999958
            ],
            [
              -38.62003649999997,
              -3.7099375999999324
            ],
            [
              -38.62009559999996,
              -3.709937899999943
            ],
            [
              -38.62017599999996,
              -3.7099381999999537
            ],
            [
              -38.62028859999998,
              -3.7099439999999504
            ],
            [
              -38.62037429999998,
              -3.7099443999999266
            ],
            [
              -38.62042259999998,
              -3.709944499999949
            ],
            [
              -38.62047639999997,
              -3.7099499999999352
            ],
            [
              -38.62054079999996,
              -3.7099500999999577
            ],
            [
              -38.62058369999994,
              -3.70995019999998
            ],
            [
              -38.620637399999964,
              -3.709950299999946
            ],
            [
              -38.620685899999955,
              -3.7099287999999433
            ],
            [
              -38.62072379999995,
              -3.709901899999977
            ],
            [
              -38.62075089999996,
              -3.709880299999952
            ],
            [
              -38.62082659999993,
              -3.7098424999999793
            ],
            [
              -38.62086459999995,
              -3.7098154999999338
            ],
            [
              -38.62090239999998,
              -3.7097938999999656
            ],
            [
              -38.62095169999998,
              -3.709755899999948
            ],
            [
              -38.62102329999993,
              -3.709685199999967
            ],
            [
              -38.621050999999966,
              -3.7096524999999474
            ],
            [
              -38.621083899999974,
              -3.7096306999999342
            ],
            [
              -38.621117399999946,
              -3.7095815999999786
            ],
            [
              -38.62115119999993,
              -3.709521499999937
            ],
            [
              -38.62116819999994,
              -3.7094886999999517
            ],
            [
              -38.62117469999998,
              -3.7094394999999736
            ],
            [
              -38.621312099999955,
              -3.7086746999999605
            ],
            [
              -38.62142559999995,
              -3.708360599999935
            ],
            [
              -38.62145259999994,
              -3.7082847999999444
            ],
            [
              -38.62145789999994,
              -3.7082469999999716
            ],
            [
              -38.62147409999994,
              -3.708198399999958
            ],
            [
              -38.62149029999995,
              -3.708128199999976
            ],
            [
              -38.62150639999993,
              -3.7080309999999486
            ],
            [
              -38.621511699999985,
              -3.7079501999999707
            ],
            [
              -38.62151699999998,
              -3.70780469999994
            ],
            [
              -38.62153849999993,
              -3.70764319999995
            ],
            [
              -38.62154389999995,
              -3.7075408999999695
            ],
            [
              -38.62155469999993,
              -3.7074870999999803
            ],
            [
              -38.62157089999994,
              -3.7074223999999276
            ],
            [
              -38.62157089999994,
              -3.707384799999943
            ],
            [
              -38.621581799999944,
              -3.70734699999997
            ],
            [
              -38.621587199999965,
              -3.707293199999981
            ],
            [
              -38.62160339999997,
              -3.7072445999999672
            ],
            [
              -38.621619599999974,
              -3.707196099999976
            ],
            [
              -38.621635899999944,
              -3.707163699999967
            ],
            [
              -38.62165219999997,
              -3.7071096999999327
            ],
            [
              -38.62168479999997,
              -3.70703919999994
            ],
            [
              -38.621711999999945,
              -3.7069956999999363
            ],
            [
              -38.621739299999945,
              -3.706941299999926
            ],
            [
              -38.62176649999998,
              -3.7068815999999742
            ],
            [
              -38.62178279999995,
              -3.7068382999999585
            ],
            [
              -38.62180449999994,
              -3.7068003999999632
            ],
            [
              -38.62182619999993,
              -3.706751699999927
            ],
            [
              -38.621858799999984,
              -3.706692099999941
            ],
            [
              -38.62189669999998,
              -3.706627199999957
            ],
            [
              -38.62193199999996,
              -3.706567599999971
            ],
            [
              -38.621959199999935,
              -3.7065079999999284
            ],
            [
              -38.622010899999964,
              -3.7064209999999775
            ],
            [
              -38.62202139999994,
              -3.7063964999999257
            ],
            [
              -38.62202729999996,
              -3.7063828999999373
            ],
            [
              -38.622054599999956,
              -3.7063338999999473
            ],
            [
              -38.62208719999995,
              -3.706290499999966
            ],
            [
              -38.62211989999997,
              -3.706241499999976
            ],
            [
              -38.622136299999966,
              -3.7062087999999562
            ],
            [
              -38.622357499999964,
              -3.7055665999999405
            ],
            [
              -38.62236329999996,
              -3.705534499999942
            ],
            [
              -38.62238009999993,
              -3.705480899999941
            ],
            [
              -38.62239139999997,
              -3.705437899999936
            ],
            [
              -38.62240819999994,
              -3.705394999999953
            ],
            [
              -38.62243079999996,
              -3.705325099999925
            ],
            [
              -38.62246939999994,
              -3.7052278999999544
            ],
            [
              -38.62248069999998,
              -3.705146799999966
            ],
            [
              -38.62248039999997,
              -3.705076199999951
            ],
            [
              -38.622495699999945,
              -3.7049511999999254
            ],
            [
              -38.622510999999975,
              -3.7048209999999244
            ],
            [
              -38.62251599999996,
              -3.7047721999999794
            ],
            [
              -38.622520899999984,
              -3.7046909999999684
            ],
            [
              -38.62252019999994,
              -3.7045773999999483
            ],
            [
              -38.622519799999964,
              -3.70451259999993
            ],
            [
              -38.62252459999996,
              -3.7043937999999343
            ],
            [
              -38.622524399999975,
              -3.704328999999973
            ],
            [
              -38.62252419999993,
              -3.704264299999977
            ],
            [
              -38.62252669999998,
              -3.7041887999999403
            ],
            [
              -38.622526799999946,
              -3.704185299999949
            ],
            [
              -38.62252899999993,
              -3.7041154999999435
            ],
            [
              -38.62252909999995,
              -3.7041132999999604
            ],
            [
              -38.62253029999994,
              -3.704094199999929
            ],
            [
              -38.62253419999996,
              -3.7040324999999257
            ],
            [
              -38.622544699999935,
              -3.7039786999999365
            ],
            [
              -38.622560299999975,
              -3.703892699999926
            ],
            [
              -38.622570199999984,
              -3.703804699999978
            ],
            [
              -38.62257119999998,
              -3.7037954999999556
            ],
            [
              -38.62257139999997,
              -3.703746899999942
            ],
            [
              -38.622571499999935,
              -3.7037036999999486
            ],
            [
              -38.62257169999998,
              -3.7036441999999283
            ],
            [
              -38.62256659999997,
              -3.7035575999999537
            ],
            [
              -38.62254559999997,
              -3.7034545999999295
            ],
            [
              -38.62251919999994,
              -3.7033296999999266
            ],
            [
              -38.62249799999995,
              -3.70326979999993
            ],
            [
              -38.62249269999995,
              -3.703242599999953
            ],
            [
              -38.622433899999976,
              -3.7031334999999785
            ],
            [
              -38.62235769999995,
              -3.703020399999957
            ],
            [
              -38.62228679999998,
              -3.702940299999966
            ],
            [
              -38.62224519999995,
              -3.7028914999999643
            ],
            [
              -38.622232199999985,
              -3.7028761999999347
            ],
            [
              -38.62187289999997,
              -3.7026486999999406
            ],
            [
              -38.62184569999994,
              -3.702621699999952
            ],
            [
              -38.62176429999994,
              -3.7025784999999587
            ],
            [
              -38.621688699999936,
              -3.7025407999999516
            ],
            [
              -38.62162399999994,
              -3.7025138999999285
            ],
            [
              -38.621631599999944,
              -3.702425099999971
            ],
            [
              -38.62266269999998,
              -3.7013939999999366
            ],
            [
              -38.622671699999955,
              -3.7014009999999757
            ],
            [
              -38.62291989999994,
              -3.701591199999939
            ],
            [
              -38.62323129999993,
              -3.702792199999976
            ],
            [
              -38.623756999999955,
              -3.703047999999967
            ],
            [
              -38.62416949999994,
              -3.703145799999959
            ],
            [
              -38.62451629999998,
              -3.7030319999999506
            ],
            [
              -38.625192599999934,
              -3.702919399999928
            ],
            [
              -38.62535749999995,
              -3.703016499999933
            ],
            [
              -38.625522699999976,
              -3.7031946999999263
            ],
            [
              -38.62593479999998,
              -3.7036162999999647
            ],
            [
              -38.62629819999995,
              -3.7039898999999536
            ],
            [
              -38.62664399999994,
              -3.7040384999999674
            ],
            [
              -38.62717239999995,
              -3.7039408999999637
            ],
            [
              -38.62760169999996,
              -3.703747299999975
            ],
            [
              -38.62788229999995,
              -3.7038122999999246
            ],
            [
              -38.62806359999996,
              -3.7041522999999756
            ],
            [
              -38.62834359999994,
              -3.704508799999928
            ],
            [
              -38.62862439999998,
              -3.7047194999999533
            ],
            [
              -38.62887159999997,
              -3.7046878999999535
            ],
            [
              -38.62916919999998,
              -3.7045095999999376
            ],
            [
              -38.62954899999994,
              -3.7040558999999575
            ],
            [
              -38.62979699999994,
              -3.7034724999999753
            ],
            [
              -38.63017609999997,
              -3.703212599999972
            ],
            [
              -38.63067109999997,
              -3.703018399999962
            ],
            [
              -38.63119949999998,
              -3.7029216999999335
            ],
            [
              -38.631546199999946,
              -3.702662099999941
            ],
            [
              -38.63212189999996,
              -3.7021296999999436
            ],
            [
              -38.63235279999998,
              -3.701850699999966
            ],
            [
              -38.63266239999996,
              -3.7014533999999344
            ],
            [
              -38.63275719999996,
              -3.7012323999999808
            ],
            [
              -38.63275399999998,
              -3.70109999999994
            ],
            [
              -38.63334199999997,
              -3.7018039999999246
            ],
            [
              -38.63630399999994,
              -3.705396999999948
            ],
            [
              -38.63815499999998,
              -3.707531999999958
            ],
            [
              -38.638630999999975,
              -3.7081289999999285
            ],
            [
              -38.63906399999996,
              -3.7087649999999712
            ],
            [
              -38.63935799999996,
              -3.7093509999999696
            ],
            [
              -38.63952899999998,
              -3.7097649999999476
            ],
            [
              -38.639659999999935,
              -3.710350999999946
            ],
            [
              -38.639794999999935,
              -3.7108629999999607
            ],
            [
              -38.63993899999997,
              -3.711501999999939
            ],
            [
              -38.640030999999965,
              -3.712050999999974
            ],
            [
              -38.640155999999934,
              -3.7125319999999533
            ],
            [
              -38.640267999999935,
              -3.712981999999954
            ],
            [
              -38.642781999999954,
              -3.7241729999999507
            ],
            [
              -38.64307299999996,
              -3.7254669999999805
            ],
            [
              -38.64339999999993,
              -3.7269229999999425
            ],
            [
              -38.644529499999976,
              -3.7319497999999385
            ],
            [
              -38.64556699999997,
              -3.7365669999999795
            ],
            [
              -38.64551899999998,
              -3.7368929999999523
            ],
            [
              -38.64542299999994,
              -3.7371689999999376
            ],
            [
              -38.64523899999995,
              -3.737370999999939
            ],
            [
              -38.64496299999996,
              -3.7375939999999446
            ],
            [
              -38.64470499999993,
              -3.737752999999941
            ],
            [
              -38.64452159999996,
              -3.7379134999999337
            ],
            [
              -38.64586029999998,
              -3.7376637999999502
            ],
            [
              -38.64656499999995,
              -3.737479999999948
            ],
            [
              -38.64725299999998,
              -3.7373209999999517
            ],
            [
              -38.647933999999964,
              -3.737201999999968
            ],
            [
              -38.648578999999984,
              -3.73702099999997
            ],
            [
              -38.649324999999976,
              -3.7368619999999737
            ],
            [
              -38.64996199999996,
              -3.736725999999976
            ],
            [
              -38.650675999999976,
              -3.736526999999967
            ],
            [
              -38.65134299999994,
              -3.736321999999973
            ],
            [
              -38.65198699999996,
              -3.736080999999956
            ],
            [
              -38.65266799999995,
              -3.7358619999999405
            ],
            [
              -38.65288899999996,
              -3.7367649999999344
            ],
            [
              -38.65308199999998,
              -3.7377089999999384
            ],
            [
              -38.65308289999996,
              -3.7377120999999534
            ],
            [
              -38.653457999999944,
              -3.7390839999999343
            ],
            [
              -38.65362699999997,
              -3.7397809999999367
            ],
            [
              -38.65382609999995,
              -3.740597199999968
            ],
            [
              -38.654106999999954,
              -3.741717999999935
            ],
            [
              -38.65408599999995,
              -3.742008999999939
            ],
            [
              -38.65443699999997,
              -3.7435109999999554
            ],
            [
              -38.65443819999996,
              -3.743515999999943
            ],
            [
              -38.654762999999946,
              -3.7448889999999437
            ],
            [
              -38.65497199999993,
              -3.7458939999999643
            ],
            [
              -38.655032999999946,
              -3.7462359999999535
            ],
            [
              -38.65505699999994,
              -3.746520999999973
            ]
          ]
        ]
      }
    },
    {
      "type": "Feature",
      "properties": {
        "id": "caucaia:patricia-gomes",
        "name": "Patrícia Gomes",
        "municipality": "Caucaia",
        "kind": "bairro",
        "source": "IBGE - Malha de Setores Censitarios 2022 agregada por unidade territorial de Caucaia"
      },
      "geometry": {
        "type": "Polygon",
        "coordinates": [
          [
            [
              -38.66126899999995,
              -3.749333999999976
            ],
            [
              -38.661251999999934,
              -3.7495869999999627
            ],
            [
              -38.661242999999956,
              -3.749950999999953
            ],
            [
              -38.66069699999997,
              -3.750377999999955
            ],
            [
              -38.66029199999997,
              -3.750644999999963
            ],
            [
              -38.658739999999966,
              -3.7515509999999495
            ],
            [
              -38.65724749999998,
              -3.7524627999999325
            ],
            [
              -38.65653199999997,
              -3.75288699999993
            ],
            [
              -38.656027999999935,
              -3.753191999999956
            ],
            [
              -38.655528999999945,
              -3.75349499999993
            ],
            [
              -38.65503899999993,
              -3.7540449999999623
            ],
            [
              -38.654740999999945,
              -3.7543789999999717
            ],
            [
              -38.65419399999996,
              -3.7558369999999286
            ],
            [
              -38.65375299999994,
              -3.7570139999999697
            ],
            [
              -38.653576999999984,
              -3.757484999999974
            ],
            [
              -38.65335399999998,
              -3.7580789999999524
            ],
            [
              -38.65320499999996,
              -3.758461999999952
            ],
            [
              -38.65303099999994,
              -3.758899999999926
            ],
            [
              -38.653029499999946,
              -3.7589038999999502
            ],
            [
              -38.65282799999994,
              -3.7594099999999457
            ],
            [
              -38.65272599999997,
              -3.7596489999999676
            ],
            [
              -38.65248299999996,
              -3.760471999999936
            ],
            [
              -38.65239699999995,
              -3.760812999999928
            ],
            [
              -38.65236299999998,
              -3.760812999999928
            ],
            [
              -38.65169099999997,
              -3.7607269999999744
            ],
            [
              -38.650053999999955,
              -3.7598029999999767
            ],
            [
              -38.64947699999993,
              -3.7594779999999446
            ],
            [
              -38.64919099999997,
              -3.759269999999958
            ],
            [
              -38.64688069999994,
              -3.758101999999951
            ],
            [
              -38.647374999999954,
              -3.7577759999999785
            ],
            [
              -38.64863769999994,
              -3.757334799999967
            ],
            [
              -38.649291999999946,
              -3.757124099999942
            ],
            [
              -38.65031479999993,
              -3.75671559999995
            ],
            [
              -38.650822199999936,
              -3.7564287999999806
            ],
            [
              -38.651543999999944,
              -3.755967999999939
            ],
            [
              -38.65196499999996,
              -3.7554309999999305
            ],
            [
              -38.65251099999995,
              -3.7546449999999254
            ],
            [
              -38.65406289999993,
              -3.751064799999938
            ],
            [
              -38.65554999999995,
              -3.7475359999999682
            ],
            [
              -38.65598499999993,
              -3.747927999999945
            ],
            [
              -38.65625399999993,
              -3.7481509999999503
            ],
            [
              -38.65634899999998,
              -3.7483579999999392
            ],
            [
              -38.65631799999994,
              -3.748628999999937
            ],
            [
              -38.65611199999995,
              -3.748884999999973
            ],
            [
              -38.65600099999995,
              -3.7490759999999455
            ],
            [
              -38.655952999999954,
              -3.7492829999999344
            ],
            [
              -38.65600099999995,
              -3.7494909999999777
            ],
            [
              -38.65626999999995,
              -3.7496659999999338
            ],
            [
              -38.65653899999995,
              -3.7496659999999338
            ],
            [
              -38.65682399999997,
              -3.749601999999925
            ],
            [
              -38.65717299999994,
              -3.7494909999999777
            ],
            [
              -38.657520999999974,
              -3.749298999999951
            ],
            [
              -38.658090999999956,
              -3.7489799999999605
            ],
            [
              -38.65894599999996,
              -3.748421999999948
            ],
            [
              -38.66104819999998,
              -3.7483585999999605
            ],
            [
              -38.66106659999997,
              -3.7483579999999392
            ],
            [
              -38.66106799999994,
              -3.7483579999999392
            ],
            [
              -38.661231999999984,
              -3.7489569999999617
            ],
            [
              -38.66126899999995,
              -3.749333999999976
            ]
          ]
        ]
      }
    },
    {
      "type": "Feature",
      "properties": {
        "id": "caucaia:pau-branco",
        "name": "Pau Branco",
        "municipality": "Caucaia",
        "kind": "aglomerado",
        "source": "IBGE - Malha de Setores Censitarios 2022 agregada por unidade territorial de Caucaia"
      },
      "geometry": {
        "type": "Polygon",
        "coordinates": [
          [
            [
              -38.73288199999996,
              -3.678241499999956
            ],
            [
              -38.733460099999945,
              -3.6803345999999806
            ],
            [
              -38.73164879999996,
              -3.680678099999966
            ],
            [
              -38.731497899999965,
              -3.6807783999999515
            ],
            [
              -38.73146209999993,
              -3.6810043999999493
            ],
            [
              -38.731486099999984,
              -3.681214999999952
            ],
            [
              -38.73153479999996,
              -3.6814054999999257
            ],
            [
              -38.731626999999946,
              -3.6817901999999663
            ],
            [
              -38.73188829999998,
              -3.6828779999999597
            ],
            [
              -38.73200469999995,
              -3.683370899999943
            ],
            [
              -38.73220639999994,
              -3.684118299999966
            ],
            [
              -38.73241129999997,
              -3.6840460999999323
            ],
            [
              -38.73275199999995,
              -3.6839703999999642
            ],
            [
              -38.73313499999995,
              -3.6838650999999345
            ],
            [
              -38.73343029999995,
              -3.683786699999928
            ],
            [
              -38.73363759999995,
              -3.683737599999972
            ],
            [
              -38.73385549999995,
              -3.6836865999999304
            ],
            [
              -38.73402159999995,
              -3.68429459999993
            ],
            [
              -38.73454629999998,
              -3.6841620999999805
            ],
            [
              -38.73542919999994,
              -3.683915699999943
            ],
            [
              -38.735555499999975,
              -3.6844546999999466
            ],
            [
              -38.736837099999946,
              -3.6843061999999804
            ],
            [
              -38.73794619999995,
              -3.6841503999999645
            ],
            [
              -38.737451799999974,
              -3.6820412999999803
            ],
            [
              -38.73699659999994,
              -3.682170699999972
            ],
            [
              -38.73638159999996,
              -3.6823331999999596
            ],
            [
              -38.735742399999936,
              -3.6800203999999326
            ],
            [
              -38.73444619999998,
              -3.68021049999993
            ],
            [
              -38.73340919999998,
              -3.676246899999967
            ],
            [
              -38.73250809999996,
              -3.6765144999999393
            ],
            [
              -38.73259289999993,
              -3.676934499999959
            ],
            [
              -38.73288199999996,
              -3.678241499999956
            ]
          ]
        ]
      }
    },
    {
      "type": "Feature",
      "properties": {
        "id": "caucaia:paumirim",
        "name": "Paumirim",
        "municipality": "Caucaia",
        "kind": "bairro",
        "source": "IBGE - Malha de Setores Censitarios 2022 agregada por unidade territorial de Caucaia"
      },
      "geometry": {
        "type": "Polygon",
        "coordinates": [
          [
            [
              -38.687363999999945,
              -3.7390099999999507
            ],
            [
              -38.68733999999995,
              -3.739198999999928
            ],
            [
              -38.68713299999996,
              -3.7392679999999245
            ],
            [
              -38.68670999999995,
              -3.7393239999999537
            ],
            [
              -38.68636899999996,
              -3.739398999999935
            ],
            [
              -38.686150699999985,
              -3.7394885999999588
            ],
            [
              -38.686033399999985,
              -3.739739899999961
            ],
            [
              -38.68401589999996,
              -3.740736799999979
            ],
            [
              -38.68391379999997,
              -3.7407872999999654
            ],
            [
              -38.67842289999993,
              -3.7435005999999476
            ],
            [
              -38.67712069999993,
              -3.7441440999999713
            ],
            [
              -38.675481299999944,
              -3.7449541999999383
            ],
            [
              -38.67546169999997,
              -3.7449638999999593
            ],
            [
              -38.67481799999996,
              -3.743404099999964
            ],
            [
              -38.67466939999997,
              -3.7431069999999522
            ],
            [
              -38.67456639999995,
              -3.7429513999999244
            ],
            [
              -38.674501299999974,
              -3.7422687999999766
            ],
            [
              -38.674203699999964,
              -3.7391503999999713
            ],
            [
              -38.67416289999994,
              -3.7387228999999707
            ],
            [
              -38.67412289999993,
              -3.738626199999942
            ],
            [
              -38.67390519999998,
              -3.738099699999964
            ],
            [
              -38.67223179999996,
              -3.7377819999999247
            ],
            [
              -38.671994799999936,
              -3.7358548999999357
            ],
            [
              -38.67189419999994,
              -3.7350101999999765
            ],
            [
              -38.67236369999995,
              -3.7349700999999413
            ],
            [
              -38.67239809999995,
              -3.7346529999999802
            ],
            [
              -38.67230449999994,
              -3.7339138999999477
            ],
            [
              -38.672177499999975,
              -3.7332328999999618
            ],
            [
              -38.67214759999996,
              -3.732892099999958
            ],
            [
              -38.67213749999996,
              -3.732859699999949
            ],
            [
              -38.67260219999997,
              -3.732648499999925
            ],
            [
              -38.67374069999994,
              -3.732165699999939
            ],
            [
              -38.674168899999984,
              -3.731998899999951
            ],
            [
              -38.680765399999984,
              -3.73018959999996
            ],
            [
              -38.68232139999998,
              -3.729767299999935
            ],
            [
              -38.68294899999995,
              -3.729743199999973
            ],
            [
              -38.68401469999998,
              -3.729873699999928
            ],
            [
              -38.68409699999995,
              -3.7301499999999805
            ],
            [
              -38.68420599999996,
              -3.730842999999936
            ],
            [
              -38.68450799999994,
              -3.7317039999999793
            ],
            [
              -38.685085999999956,
              -3.7333059999999705
            ],
            [
              -38.68593299999998,
              -3.7329559999999447
            ],
            [
              -38.68609999999995,
              -3.7335469999999304
            ],
            [
              -38.68638999999996,
              -3.734626999999932
            ],
            [
              -38.686804999999936,
              -3.73628599999995
            ],
            [
              -38.68728799999997,
              -3.738192999999967
            ],
            [
              -38.687300999999934,
              -3.738758999999959
            ],
            [
              -38.687363999999945,
              -3.7390099999999507
            ]
          ]
        ]
      }
    },
    {
      "type": "Feature",
      "properties": {
        "id": "caucaia:pitombeira",
        "name": "Pitombeira",
        "municipality": "Caucaia",
        "kind": "aglomerado",
        "source": "IBGE - Malha de Setores Censitarios 2022 agregada por unidade territorial de Caucaia"
      },
      "geometry": {
        "type": "Polygon",
        "coordinates": [
          [
            [
              -38.79811129999996,
              -3.6456799999999703
            ],
            [
              -38.79494539999996,
              -3.647662599999933
            ],
            [
              -38.79423029999998,
              -3.649124699999959
            ],
            [
              -38.79713849999996,
              -3.650872799999945
            ],
            [
              -38.798060299999975,
              -3.651524399999971
            ],
            [
              -38.801557499999944,
              -3.647577199999944
            ],
            [
              -38.79811129999996,
              -3.6456799999999703
            ]
          ]
        ]
      }
    },
    {
      "type": "Feature",
      "properties": {
        "id": "caucaia:planalto-caucaia",
        "name": "Planalto Caucaia",
        "municipality": "Caucaia",
        "kind": "bairro",
        "source": "IBGE - Malha de Setores Censitarios 2022 agregada por unidade territorial de Caucaia"
      },
      "geometry": {
        "type": "Polygon",
        "coordinates": [
          [
            [
              -38.66771639999996,
              -3.742084899999952
            ],
            [
              -38.66769469999997,
              -3.7424000999999407
            ],
            [
              -38.66758469999996,
              -3.7439986999999633
            ],
            [
              -38.66758999999996,
              -3.743998999999974
            ],
            [
              -38.66757299999995,
              -3.7442843999999695
            ],
            [
              -38.66757199999995,
              -3.744301999999948
            ],
            [
              -38.66756099999998,
              -3.7444489999999746
            ],
            [
              -38.66753099999994,
              -3.7449209999999766
            ],
            [
              -38.667501999999956,
              -3.74541499999998
            ],
            [
              -38.66745599999996,
              -3.7458819999999378
            ],
            [
              -38.66743399999996,
              -3.746287999999936
            ],
            [
              -38.66739699999994,
              -3.746569999999963
            ],
            [
              -38.66736499999996,
              -3.7473979999999756
            ],
            [
              -38.66734249999996,
              -3.7474008999999455
            ],
            [
              -38.667256399999985,
              -3.7491381999999476
            ],
            [
              -38.667030299999965,
              -3.7537068999999406
            ],
            [
              -38.66634399999998,
              -3.753398999999945
            ],
            [
              -38.665479999999945,
              -3.753033999999957
            ],
            [
              -38.66533999999996,
              -3.752892999999972
            ],
            [
              -38.66521499999993,
              -3.7527529999999274
            ],
            [
              -38.665228999999954,
              -3.752499999999941
            ],
            [
              -38.66528499999998,
              -3.752373999999975
            ],
            [
              -38.665367999999944,
              -3.752247999999952
            ],
            [
              -38.66563299999996,
              -3.7520929999999453
            ],
            [
              -38.66593999999998,
              -3.7518399999999588
            ],
            [
              -38.66595399999994,
              -3.7516299999999774
            ],
            [
              -38.665925999999956,
              -3.751404999999977
            ],
            [
              -38.665827999999976,
              -3.7512929999999756
            ],
            [
              -38.66579999999993,
              -3.7511669999999526
            ],
            [
              -38.665813999999955,
              -3.750787999999943
            ],
            [
              -38.66564699999998,
              -3.7503639999999336
            ],
            [
              -38.66527499999995,
              -3.749805999999978
            ],
            [
              -38.665036999999984,
              -3.749606999999969
            ],
            [
              -38.66481599999997,
              -3.749247999999966
            ],
            [
              -38.66465699999998,
              -3.749055999999939
            ],
            [
              -38.664229999999975,
              -3.748952999999972
            ],
            [
              -38.66396099999997,
              -3.7487769999999614
            ],
            [
              -38.66323999999997,
              -3.7482429999999454
            ],
            [
              -38.66304999999994,
              -3.7480279999999766
            ],
            [
              -38.662653999999975,
              -3.747867999999926
            ],
            [
              -38.66238499999997,
              -3.7477879999999573
            ],
            [
              -38.662170999999944,
              -3.747780999999975
            ],
            [
              -38.66204399999998,
              -3.7479319999999348
            ],
            [
              -38.662004999999965,
              -3.7481389999999806
            ],
            [
              -38.661996999999985,
              -3.7482989999999745
            ],
            [
              -38.661933999999974,
              -3.7484819999999672
            ],
            [
              -38.661378999999954,
              -3.7484819999999672
            ],
            [
              -38.66124499999995,
              -3.7484339999999747
            ],
            [
              -38.66106799999994,
              -3.7483579999999392
            ],
            [
              -38.66106659999997,
              -3.7483579999999392
            ],
            [
              -38.660920199999964,
              -3.747842999999932
            ],
            [
              -38.66073149999994,
              -3.7472295999999687
            ],
            [
              -38.660581599999944,
              -3.7466252999999483
            ],
            [
              -38.660513899999955,
              -3.7463603999999577
            ],
            [
              -38.66059699999994,
              -3.7463646999999582
            ],
            [
              -38.66063479999997,
              -3.7463288999999804
            ],
            [
              -38.660757399999966,
              -3.7461529999999357
            ],
            [
              -38.660982599999954,
              -3.7461529999999357
            ],
            [
              -38.66103599999997,
              -3.7453669999999306
            ],
            [
              -38.66110299999997,
              -3.7443829999999707
            ],
            [
              -38.66113299999995,
              -3.7439889999999423
            ],
            [
              -38.66118799999998,
              -3.743125999999961
            ],
            [
              -38.661220999999955,
              -3.7426489999999717
            ],
            [
              -38.66125399999993,
              -3.742198999999971
            ],
            [
              -38.661276999999984,
              -3.7417479999999728
            ],
            [
              -38.66171699999995,
              -3.741771999999969
            ],
            [
              -38.662863999999956,
              -3.7418329999999287
            ],
            [
              -38.66321999999997,
              -3.7418519999999376
            ],
            [
              -38.663554999999974,
              -3.741867999999954
            ],
            [
              -38.663689999999974,
              -3.7418749999999363
            ],
            [
              -38.66505399999994,
              -3.7419459999999276
            ],
            [
              -38.66581599999995,
              -3.7419839999999454
            ],
            [
              -38.666290999999944,
              -3.742012999999929
            ],
            [
              -38.666789999999935,
              -3.742033999999933
            ],
            [
              -38.667250999999965,
              -3.742061999999976
            ],
            [
              -38.66753669999997,
              -3.742076299999951
            ],
            [
              -38.66770999999994,
              -3.7420849999999746
            ],
            [
              -38.66771639999996,
              -3.742084899999952
            ]
          ]
        ]
      }
    },
    {
      "type": "Feature",
      "properties": {
        "id": "caucaia:porteiras",
        "name": "Porteiras",
        "municipality": "Caucaia",
        "kind": "aglomerado",
        "source": "IBGE - Malha de Setores Censitarios 2022 agregada por unidade territorial de Caucaia"
      },
      "geometry": {
        "type": "MultiPolygon",
        "coordinates": [
          [
            [
              [
                -38.76531229999995,
                -3.7438710999999785
              ],
              [
                -38.76506699999993,
                -3.7441312999999354
              ],
              [
                -38.76402619999993,
                -3.742488299999934
              ],
              [
                -38.76432349999993,
                -3.74233959999998
              ],
              [
                -38.76531229999995,
                -3.7438710999999785
              ]
            ]
          ],
          [
            [
              [
                -38.76445729999995,
                -3.7414103999999497
              ],
              [
                -38.76366189999993,
                -3.741573899999935
              ],
              [
                -38.76284409999994,
                -3.741358299999945
              ],
              [
                -38.76259879999998,
                -3.740599999999972
              ],
              [
                -38.76329759999993,
                -3.74051819999994
              ],
              [
                -38.76357269999994,
                -3.741150199999936
              ],
              [
                -38.76433839999993,
                -3.7409865999999283
              ],
              [
                -38.76445729999995,
                -3.7414103999999497
              ]
            ]
          ],
          [
            [
              [
                -38.76282179999998,
                -3.737841899999978
              ],
              [
                -38.76245749999998,
                -3.73807979999998
              ],
              [
                -38.762576499999966,
                -3.7384068999999727
              ],
              [
                -38.761907399999984,
                -3.738577899999939
              ],
              [
                -38.76175129999996,
                -3.738057499999968
              ],
              [
                -38.76075509999998,
                -3.7379534999999464
              ],
              [
                -38.76021989999998,
                -3.737529699999925
              ],
              [
                -38.759420699999964,
                -3.738247099999967
              ],
              [
                -38.75842079999995,
                -3.7371653999999808
              ],
              [
                -38.761706699999934,
                -3.7361245999999255
              ],
              [
                -38.76282179999998,
                -3.737841899999978
              ]
            ]
          ]
        ]
      }
    },
    {
      "type": "Feature",
      "properties": {
        "id": "caucaia:potira",
        "name": "Potira",
        "municipality": "Caucaia",
        "kind": "bairro",
        "source": "IBGE - Malha de Setores Censitarios 2022 agregada por unidade territorial de Caucaia"
      },
      "geometry": {
        "type": "Polygon",
        "coordinates": [
          [
            [
              -38.64224399999995,
              -3.7557579999999575
            ],
            [
              -38.640149399999984,
              -3.757329099999936
            ],
            [
              -38.63817719999997,
              -3.758808399999964
            ],
            [
              -38.63924859999997,
              -3.7606490999999664
            ],
            [
              -38.64031319999998,
              -3.7624779999999305
            ],
            [
              -38.64113999999995,
              -3.7622539999999276
            ],
            [
              -38.64111299999996,
              -3.762538999999947
            ],
            [
              -38.640150999999946,
              -3.7627639999999474
            ],
            [
              -38.639268999999956,
              -3.7629929999999376
            ],
            [
              -38.63835099999994,
              -3.7633669999999597
            ],
            [
              -38.63761499999998,
              -3.7638339999999744
            ],
            [
              -38.637310999999954,
              -3.764069999999947
            ],
            [
              -38.63708099999997,
              -3.764227999999946
            ],
            [
              -38.636758999999984,
              -3.764445999999964
            ],
            [
              -38.63618399999996,
              -3.764881999999943
            ],
            [
              -38.63602399999996,
              -3.7650129999999535
            ],
            [
              -38.63608799999997,
              -3.765639999999962
            ],
            [
              -38.63612199999994,
              -3.7660289999999463
            ],
            [
              -38.63625499999995,
              -3.7673219999999787
            ],
            [
              -38.636301999999944,
              -3.7677959999999757
            ],
            [
              -38.63599999999997,
              -3.767945999999938
            ],
            [
              -38.63592399999993,
              -3.767983999999956
            ],
            [
              -38.63565799999998,
              -3.768128999999931
            ],
            [
              -38.635471999999936,
              -3.768246999999974
            ],
            [
              -38.63528599999995,
              -3.768391999999949
            ],
            [
              -38.63494899999995,
              -3.7686789999999633
            ],
            [
              -38.634720999999956,
              -3.768902999999966
            ],
            [
              -38.634596999999985,
              -3.7689809999999397
            ],
            [
              -38.63424699999996,
              -3.7692709999999465
            ],
            [
              -38.63317399999994,
              -3.767774999999972
            ],
            [
              -38.633415999999954,
              -3.7675969999999666
            ],
            [
              -38.63351699999998,
              -3.7675219999999285
            ],
            [
              -38.633876999999984,
              -3.7672599999999647
            ],
            [
              -38.63402199999996,
              -3.7671529999999507
            ],
            [
              -38.63340699999998,
              -3.766367999999943
            ],
            [
              -38.63303599999995,
              -3.765901999999926
            ],
            [
              -38.632619999999974,
              -3.7658689999999524
            ],
            [
              -38.63124499999998,
              -3.765684999999962
            ],
            [
              -38.63059199999998,
              -3.765598999999952
            ],
            [
              -38.63005499999997,
              -3.7655379999999354
            ],
            [
              -38.62952799999994,
              -3.7654829999999606
            ],
            [
              -38.629332999999974,
              -3.765506999999957
            ],
            [
              -38.629030099999966,
              -3.765581999999938
            ],
            [
              -38.62892899999997,
              -3.7656069999999318
            ],
            [
              -38.62861799999996,
              -3.7657149999999433
            ],
            [
              -38.628195999999946,
              -3.7658539999999334
            ],
            [
              -38.627711999999974,
              -3.766055999999935
            ],
            [
              -38.62720099999996,
              -3.7663879999999494
            ],
            [
              -38.62679399999996,
              -3.766728999999941
            ],
            [
              -38.62642499999998,
              -3.7670689999999354
            ],
            [
              -38.625940999999955,
              -3.7675329999999576
            ],
            [
              -38.625782999999956,
              -3.7677419999999415
            ],
            [
              -38.62563599999993,
              -3.7674449999999524
            ],
            [
              -38.625328999999965,
              -3.7669279999999503
            ],
            [
              -38.624784999999974,
              -3.7660869999999704
            ],
            [
              -38.62477629999995,
              -3.7660734999999477
            ],
            [
              -38.62423299999995,
              -3.7652369999999564
            ],
            [
              -38.623684999999966,
              -3.764398999999969
            ],
            [
              -38.62310299999996,
              -3.7634859999999435
            ],
            [
              -38.623090299999944,
              -3.7634978999999475
            ],
            [
              -38.622600999999975,
              -3.762633499999936
            ],
            [
              -38.62258499999996,
              -3.762647999999956
            ],
            [
              -38.62203999999997,
              -3.761758999999927
            ],
            [
              -38.62146389999998,
              -3.76084069999996
            ],
            [
              -38.62092899999993,
              -3.7599879999999644
            ],
            [
              -38.62034499999993,
              -3.759153999999967
            ],
            [
              -38.61981599999996,
              -3.7582899999999313
            ],
            [
              -38.62121799999994,
              -3.7570749999999293
            ],
            [
              -38.621230899999944,
              -3.7570636999999465
            ],
            [
              -38.620170299999984,
              -3.7552899999999454
            ],
            [
              -38.61961619999994,
              -3.7543915999999626
            ],
            [
              -38.61976499999997,
              -3.754287999999974
            ],
            [
              -38.62004799999994,
              -3.75418099999996
            ],
            [
              -38.62035899999995,
              -3.7540619999999763
            ],
            [
              -38.62056899999993,
              -3.753998999999965
            ],
            [
              -38.62083499999994,
              -3.7539489999999773
            ],
            [
              -38.62101599999994,
              -3.7539169999999444
            ],
            [
              -38.62130099999996,
              -3.753936999999951
            ],
            [
              -38.62137299999995,
              -3.7542519999999513
            ],
            [
              -38.621441999999945,
              -3.7542029999999613
            ],
            [
              -38.621523999999965,
              -3.754161999999951
            ],
            [
              -38.62157099999996,
              -3.7541559999999663
            ],
            [
              -38.621609999999976,
              -3.754159999999956
            ],
            [
              -38.62164599999994,
              -3.754163999999946
            ],
            [
              -38.62168499999996,
              -3.754178999999965
            ],
            [
              -38.621730999999954,
              -3.754208999999946
            ],
            [
              -38.62179999999995,
              -3.7543039999999337
            ],
            [
              -38.622210999999936,
              -3.754940999999974
            ],
            [
              -38.622912499999984,
              -3.7543331999999623
            ],
            [
              -38.62361199999998,
              -3.7537229999999795
            ],
            [
              -38.62410499999993,
              -3.7533239999999637
            ],
            [
              -38.62418599999995,
              -3.753268999999932
            ],
            [
              -38.624304999999936,
              -3.7532169999999496
            ],
            [
              -38.62443399999995,
              -3.753178999999932
            ],
            [
              -38.624593999999945,
              -3.7531499999999482
            ],
            [
              -38.62470599999995,
              -3.7531349999999293
            ],
            [
              -38.624810999999966,
              -3.753108999999938
            ],
            [
              -38.62490999999994,
              -3.753070999999977
            ],
            [
              -38.624986999999976,
              -3.753020999999933
            ],
            [
              -38.62505399999998,
              -3.7529589999999757
            ],
            [
              -38.625193999999965,
              -3.752860999999939
            ],
            [
              -38.62528629999997,
              -3.752800299999933
            ],
            [
              -38.625295999999935,
              -3.7527939999999376
            ],
            [
              -38.625404999999944,
              -3.75273999999996
            ],
            [
              -38.62555199999997,
              -3.7526379999999335
            ],
            [
              -38.62560799999994,
              -3.75255199999998
            ],
            [
              -38.62562699999995,
              -3.7524479999999585
            ],
            [
              -38.625617999999974,
              -3.752350999999976
            ],
            [
              -38.62559199999998,
              -3.7522769999999355
            ],
            [
              -38.62551199999996,
              -3.7520309999999313
            ],
            [
              -38.62698999999998,
              -3.7517009999999686
            ],
            [
              -38.62705099999994,
              -3.7519569999999476
            ],
            [
              -38.627974999999935,
              -3.751408999999967
            ],
            [
              -38.62814499999996,
              -3.7513249999999516
            ],
            [
              -38.628394999999955,
              -3.751280999999949
            ],
            [
              -38.62876699999998,
              -3.7513289999999415
            ],
            [
              -38.62892499999998,
              -3.7513609999999744
            ],
            [
              -38.62913099999997,
              -3.7516509999999244
            ],
            [
              -38.629894999999976,
              -3.751009999999951
            ],
            [
              -38.63036699999998,
              -3.750595999999973
            ],
            [
              -38.630889999999965,
              -3.7501389999999333
            ],
            [
              -38.631069999999966,
              -3.7499809999999343
            ],
            [
              -38.63282399999997,
              -3.7508869999999774
            ],
            [
              -38.63319829999995,
              -3.7510807999999543
            ],
            [
              -38.634912499999984,
              -3.7519680999999423
            ],
            [
              -38.63537199999996,
              -3.752205999999944
            ],
            [
              -38.63697199999996,
              -3.753016999999943
            ],
            [
              -38.63786579999993,
              -3.753470199999981
            ],
            [
              -38.638038999999935,
              -3.7535579999999413
            ],
            [
              -38.638728999999955,
              -3.7539239999999268
            ],
            [
              -38.63977999999997,
              -3.7544429999999807
            ],
            [
              -38.640233999999964,
              -3.754684999999938
            ],
            [
              -38.64224399999995,
              -3.7557579999999575
            ]
          ]
        ]
      }
    },
    {
      "type": "Feature",
      "properties": {
        "id": "caucaia:sao-miguel",
        "name": "São Miguel",
        "municipality": "Caucaia",
        "kind": "bairro",
        "source": "IBGE - Malha de Setores Censitarios 2022 agregada por unidade territorial de Caucaia"
      },
      "geometry": {
        "type": "Polygon",
        "coordinates": [
          [
            [
              -38.60536499999995,
              -3.746749999999963
            ],
            [
              -38.60524799999996,
              -3.74717499999997
            ],
            [
              -38.604971999999975,
              -3.747863999999936
            ],
            [
              -38.60486109999994,
              -3.748035199999947
            ],
            [
              -38.60475299999996,
              -3.748201999999935
            ],
            [
              -38.60469789999996,
              -3.748334899999975
            ],
            [
              -38.60467999999997,
              -3.7483779999999456
            ],
            [
              -38.60467999999997,
              -3.749843999999939
            ],
            [
              -38.60463699999997,
              -3.7502399999999625
            ],
            [
              -38.60452509999993,
              -3.750590299999942
            ],
            [
              -38.60414549999996,
              -3.7503337999999644
            ],
            [
              -38.603462699999966,
              -3.749870999999928
            ],
            [
              -38.60301979999997,
              -3.7495816999999647
            ],
            [
              -38.60269619999997,
              -3.7493703999999752
            ],
            [
              -38.60226499999993,
              -3.7490724999999543
            ],
            [
              -38.60210619999998,
              -3.7489627999999584
            ],
            [
              -38.601887999999974,
              -3.748841299999981
            ],
            [
              -38.601539499999944,
              -3.7486471999999367
            ],
            [
              -38.60133239999993,
              -3.7484655999999745
            ],
            [
              -38.60115969999998,
              -3.7482567999999787
            ],
            [
              -38.60103809999998,
              -3.7481047999999646
            ],
            [
              -38.60103669999995,
              -3.748102299999971
            ],
            [
              -38.60084789999996,
              -3.7477801999999656
            ],
            [
              -38.60079579999996,
              -3.7476824999999394
            ],
            [
              -38.60064169999998,
              -3.7473346999999535
            ],
            [
              -38.60050289999998,
              -3.746942899999965
            ],
            [
              -38.60045949999994,
              -3.7468204999999557
            ],
            [
              -38.600178899999946,
              -3.74599139999998
            ],
            [
              -38.59988839999994,
              -3.7451458999999545
            ],
            [
              -38.599753799999974,
              -3.7447351999999796
            ],
            [
              -38.599576999999954,
              -3.7441958999999656
            ],
            [
              -38.59942689999997,
              -3.7437498999999548
            ],
            [
              -38.59919629999996,
              -3.743071999999927
            ],
            [
              -38.59893109999996,
              -3.7422290999999746
            ],
            [
              -38.599188399999946,
              -3.741937499999949
            ],
            [
              -38.59925379999993,
              -3.7418630999999323
            ],
            [
              -38.59933059999997,
              -3.7418062999999506
            ],
            [
              -38.599382599999956,
              -3.7417592999999556
            ],
            [
              -38.59943459999994,
              -3.7416999999999803
            ],
            [
              -38.59946189999994,
              -3.7416778999999565
            ],
            [
              -38.59951389999998,
              -3.7416507999999453
            ],
            [
              -38.59960309999997,
              -3.7416110999999432
            ],
            [
              -38.59971699999994,
              -3.741578899999979
            ],
            [
              -38.59978129999996,
              -3.7415568999999778
            ],
            [
              -38.599818599999935,
              -3.74154429999993
            ],
            [
              -38.59986059999994,
              -3.741523499999971
            ],
            [
              -38.59991249999996,
              -3.741510099999971
            ],
            [
              -38.600001599999985,
              -3.741505199999949
            ],
            [
              -38.60005359999997,
              -3.7415026999999554
            ],
            [
              -38.60009069999995,
              -3.741502799999978
            ],
            [
              -38.60016749999994,
              -3.74151999999998
            ],
            [
              -38.60020949999995,
              -3.7415273999999386
            ],
            [
              -38.60025159999998,
              -3.741554599999972
            ],
            [
              -38.600273899999934,
              -3.7415767999999616
            ],
            [
              -38.60031099999998,
              -3.7416039999999384
            ],
            [
              -38.600348199999985,
              -3.7416237999999566
            ],
            [
              -38.60036669999994,
              -3.7416409999999587
            ],
            [
              -38.60039519999998,
              -3.7416731999999797
            ],
            [
              -38.60042239999996,
              -3.741700299999934
            ],
            [
              -38.60046929999993,
              -3.741730099999927
            ],
            [
              -38.60049609999993,
              -3.741732699999943
            ],
            [
              -38.60053319999997,
              -3.741735199999937
            ],
            [
              -38.60056289999994,
              -3.7417376999999306
            ],
            [
              -38.60059009999998,
              -3.7417376999999306
            ],
            [
              -38.60060989999994,
              -3.7417400999999586
            ],
            [
              -38.600726899999984,
              -3.7417343999999275
            ],
            [
              -38.60075899999998,
              -3.74172939999994
            ],
            [
              -38.60078389999995,
              -3.7417219999999247
            ],
            [
              -38.60085049999998,
              -3.7416948999999704
            ],
            [
              -38.600919999999974,
              -3.7416454999999473
            ],
            [
              -38.60094739999994,
              -3.7416182999999705
            ],
            [
              -38.60098199999993,
              -3.741586199999972
            ],
            [
              -38.60102409999996,
              -3.7415540999999735
            ],
            [
              -38.601058799999976,
              -3.741512099999966
            ],
            [
              -38.601091199999985,
              -3.7414649999999483
            ],
            [
              -38.60111569999998,
              -3.741420699999935
            ],
            [
              -38.60115069999995,
              -3.741348799999969
            ],
            [
              -38.601189999999974,
              -3.7412649999999417
            ],
            [
              -38.60120589999997,
              -3.7411956999999347
            ],
            [
              -38.60120439999997,
              -3.741169799999966
            ],
            [
              -38.60120439999997,
              -3.7411431999999536
            ],
            [
              -38.60119989999998,
              -3.7411039999999502
            ],
            [
              -38.60120519999998,
              -3.7410793999999328
            ],
            [
              -38.602826799999946,
              -3.741231999999968
            ],
            [
              -38.603331999999966,
              -3.741307999999947
            ],
            [
              -38.604086999999936,
              -3.7414179999999533
            ],
            [
              -38.60411099999993,
              -3.741421399999979
            ],
            [
              -38.605241999999976,
              -3.7415829999999346
            ],
            [
              -38.60467999999997,
              -3.7419099999999617
            ],
            [
              -38.60449099999994,
              -3.7420269999999505
            ],
            [
              -38.60441799999995,
              -3.7421739999999772
            ],
            [
              -38.60437499999995,
              -3.7423939999999334
            ],
            [
              -38.60443299999997,
              -3.7429069999999456
            ],
            [
              -38.604709999999955,
              -3.7442569999999478
            ],
            [
              -38.60514699999993,
              -3.7461189999999647
            ],
            [
              -38.605350999999985,
              -3.7465163999999618
            ],
            [
              -38.60536499999995,
              -3.746749999999963
            ]
          ]
        ]
      }
    },
    {
      "type": "Feature",
      "properties": {
        "id": "caucaia:sobradinho",
        "name": "Sobradinho",
        "municipality": "Caucaia",
        "kind": "bairro",
        "source": "IBGE - Malha de Setores Censitarios 2022 agregada por unidade territorial de Caucaia"
      },
      "geometry": {
        "type": "Polygon",
        "coordinates": [
          [
            [
              -38.65554999999995,
              -3.7475359999999682
            ],
            [
              -38.65406289999993,
              -3.751064799999938
            ],
            [
              -38.65251099999995,
              -3.7546449999999254
            ],
            [
              -38.65196499999996,
              -3.7554309999999305
            ],
            [
              -38.651543999999944,
              -3.755967999999939
            ],
            [
              -38.650822199999936,
              -3.7564287999999806
            ],
            [
              -38.65031479999993,
              -3.75671559999995
            ],
            [
              -38.649291999999946,
              -3.757124099999942
            ],
            [
              -38.64863769999994,
              -3.757334799999967
            ],
            [
              -38.647374999999954,
              -3.7577759999999785
            ],
            [
              -38.64688069999994,
              -3.758101999999951
            ],
            [
              -38.64530389999993,
              -3.7573048999999514
            ],
            [
              -38.64224399999995,
              -3.7557579999999575
            ],
            [
              -38.640233999999964,
              -3.754684999999938
            ],
            [
              -38.63977999999997,
              -3.7544429999999807
            ],
            [
              -38.638728999999955,
              -3.7539239999999268
            ],
            [
              -38.638038999999935,
              -3.7535579999999413
            ],
            [
              -38.63786579999993,
              -3.753470199999981
            ],
            [
              -38.63697199999996,
              -3.753016999999943
            ],
            [
              -38.63537199999996,
              -3.752205999999944
            ],
            [
              -38.634912499999984,
              -3.7519680999999423
            ],
            [
              -38.63319829999995,
              -3.7510807999999543
            ],
            [
              -38.63341609999998,
              -3.750455299999942
            ],
            [
              -38.63386879999996,
              -3.749104599999953
            ],
            [
              -38.63375559999997,
              -3.7488215999999284
            ],
            [
              -38.63369899999998,
              -3.748670699999934
            ],
            [
              -38.63396309999996,
              -3.7485952999999768
            ],
            [
              -38.63403859999994,
              -3.747934999999927
            ],
            [
              -38.63337829999995,
              -3.7469539999999597
            ],
            [
              -38.63396309999996,
              -3.7463879999999676
            ],
            [
              -38.63430269999998,
              -3.7464257999999404
            ],
            [
              -38.63475549999998,
              -3.7464257999999404
            ],
            [
              -38.63507619999996,
              -3.746142799999973
            ],
            [
              -38.63524599999994,
              -3.7458597999999483
            ],
            [
              -38.635283699999945,
              -3.74548249999998
            ],
            [
              -38.63526479999996,
              -3.7450108999999543
            ],
            [
              -38.63515169999994,
              -3.7448221999999305
            ],
            [
              -38.63522709999995,
              -3.7445769999999357
            ],
            [
              -38.635415799999976,
              -3.7444825999999694
            ],
            [
              -38.63496299999997,
              -3.744067599999937
            ],
            [
              -38.63534199999998,
              -3.7431042999999704
            ],
            [
              -38.635347999999965,
              -3.7431119999999396
            ],
            [
              -38.635369999999966,
              -3.743108799999959
            ],
            [
              -38.635510099999976,
              -3.743350699999951
            ],
            [
              -38.63584969999994,
              -3.7435393999999746
            ],
            [
              -38.63609489999993,
              -3.7435016999999675
            ],
            [
              -38.63647219999996,
              -3.7435016999999675
            ],
            [
              -38.63664199999994,
              -3.7436525999999617
            ],
            [
              -38.63675519999998,
              -3.743916699999943
            ],
            [
              -38.63684949999998,
              -3.7443505999999616
            ],
            [
              -38.63717019999996,
              -3.7448221999999305
            ],
            [
              -38.63732109999995,
              -3.7450108999999543
            ],
            [
              -38.63754749999998,
              -3.745256099999949
            ],
            [
              -38.63766069999997,
              -3.7456333999999742
            ],
            [
              -38.63766069999997,
              -3.746067299999936
            ],
            [
              -38.637811599999964,
              -3.746444599999961
            ],
            [
              -38.638113499999974,
              -3.7466709999999352
            ],
            [
              -38.638547399999936,
              -3.746765299999936
            ],
            [
              -38.638905799999975,
              -3.746784199999979
            ],
            [
              -38.63920769999993,
              -3.746897399999966
            ],
            [
              -38.63952839999996,
              -3.7470482999999604
            ],
            [
              -38.63971699999996,
              -3.747029399999974
            ],
            [
              -38.639849099999935,
              -3.74687849999998
            ],
            [
              -38.64001889999997,
              -3.746633299999928
            ],
            [
              -38.64018869999995,
              -3.7464634999999475
            ],
            [
              -38.640452799999935,
              -3.7464822999999683
            ],
            [
              -38.64073569999994,
              -3.746633299999928
            ],
            [
              -38.64086779999997,
              -3.74691619999993
            ],
            [
              -38.64084889999998,
              -3.7473123999999416
            ],
            [
              -38.64073569999994,
              -3.7478028999999538
            ],
            [
              -38.64066029999998,
              -3.748161399999958
            ],
            [
              -38.64071689999997,
              -3.7483876999999666
            ],
            [
              -38.64109419999994,
              -3.7485008999999536
            ],
            [
              -38.64149039999995,
              -3.748482099999933
            ],
            [
              -38.64182989999995,
              -3.748406599999953
            ],
            [
              -38.64220719999997,
              -3.748293399999966
            ],
            [
              -38.64262229999997,
              -3.7483876999999666
            ],
            [
              -38.642773199999965,
              -3.748632999999927
            ],
            [
              -38.64279209999995,
              -3.7488781999999787
            ],
            [
              -38.64262229999997,
              -3.749123499999939
            ],
            [
              -38.642376999999954,
              -3.7491800999999327
            ],
            [
              -38.642169499999966,
              -3.7492932999999766
            ],
            [
              -38.64211289999997,
              -3.7495007999999643
            ],
            [
              -38.64226379999997,
              -3.7498403999999255
            ],
            [
              -38.642509099999984,
              -3.7500100999999404
            ],
            [
              -38.642773199999965,
              -3.7500100999999404
            ],
            [
              -38.643037299999946,
              -3.7498968999999533
            ],
            [
              -38.64328249999994,
              -3.7498025999999527
            ],
            [
              -38.64352779999996,
              -3.7498780999999326
            ],
            [
              -38.643640999999946,
              -3.7501232999999274
            ],
            [
              -38.643471199999965,
              -3.7503496999999584
            ],
            [
              -38.643301399999984,
              -3.7504251999999383
            ],
            [
              -38.64299959999994,
              -3.750557199999946
            ],
            [
              -38.64275429999998,
              -3.750896799999964
            ],
            [
              -38.64275429999998,
              -3.751349599999969
            ],
            [
              -38.64282979999996,
              -3.7518022999999516
            ],
            [
              -38.64301839999996,
              -3.751972099999932
            ],
            [
              -38.64335799999998,
              -3.752085299999976
            ],
            [
              -38.64362209999996,
              -3.7521795999999767
            ],
            [
              -38.64381079999998,
              -3.75231169999995
            ],
            [
              -38.64403719999996,
              -3.7525946999999746
            ],
            [
              -38.64430129999994,
              -3.752745599999969
            ],
            [
              -38.64458419999994,
              -3.752764499999955
            ],
            [
              -38.64481059999997,
              -3.752632399999925
            ],
            [
              -38.64501809999996,
              -3.752556899999945
            ],
            [
              -38.64520679999998,
              -3.7526134999999385
            ],
            [
              -38.64548979999995,
              -3.752858799999956
            ],
            [
              -38.64571619999998,
              -3.75293419999997
            ],
            [
              -38.645961399999976,
              -3.752971999999943
            ],
            [
              -38.646168899999964,
              -3.7529153999999494
            ],
            [
              -38.646263199999964,
              -3.752745599999969
            ],
            [
              -38.646263199999964,
              -3.7525946999999746
            ],
            [
              -38.645961399999976,
              -3.752198499999963
            ],
            [
              -38.64598029999996,
              -3.7518966999999748
            ],
            [
              -38.64607459999996,
              -3.751707999999951
            ],
            [
              -38.646263199999964,
              -3.7515758999999775
            ],
            [
              -38.64650849999998,
              -3.751462799999956
            ],
            [
              -38.64681029999997,
              -3.7515381999999704
            ],
            [
              -38.64709329999994,
              -3.751670299999944
            ],
            [
              -38.64730079999998,
              -3.7515193999999497
            ],
            [
              -38.647338599999955,
              -3.751349599999969
            ],
            [
              -38.64724419999993,
              -3.751085499999931
            ],
            [
              -38.64714989999993,
              -3.7509156999999504
            ],
            [
              -38.64728199999996,
              -3.7507081999999627
            ],
            [
              -38.64748949999995,
              -3.7505949999999757
            ],
            [
              -38.64809319999995,
              -3.750651599999969
            ],
            [
              -38.64971559999998,
              -3.7506137999999396
            ],
            [
              -38.65018719999995,
              -3.7507269999999266
            ],
            [
              -38.65045129999993,
              -3.750934499999971
            ],
            [
              -38.65058339999996,
              -3.751085499999931
            ],
            [
              -38.65075319999994,
              -3.7511420999999245
            ],
            [
              -38.65101729999998,
              -3.751009999999951
            ],
            [
              -38.651300299999946,
              -3.750934499999971
            ],
            [
              -38.651696399999935,
              -3.7509910999999647
            ],
            [
              -38.65194169999995,
              -3.7512740999999323
            ],
            [
              -38.65218689999995,
              -3.751236399999925
            ],
            [
              -38.652262399999984,
              -3.7511985999999524
            ],
            [
              -38.65231899999998,
              -3.750896799999964
            ],
            [
              -38.65231899999998,
              -3.7506137999999396
            ],
            [
              -38.65241329999998,
              -3.7503873999999655
            ],
            [
              -38.65256419999997,
              -3.750330799999972
            ],
            [
              -38.65275289999994,
              -3.7504251999999383
            ],
            [
              -38.65288489999995,
              -3.7507081999999627
            ],
            [
              -38.65303579999994,
              -3.7509533999999576
            ],
            [
              -38.65341319999993,
              -3.751085499999931
            ],
            [
              -38.65371499999998,
              -3.7509156999999504
            ],
            [
              -38.65386589999997,
              -3.75074589999997
            ],
            [
              -38.65403569999995,
              -3.7502553999999577
            ],
            [
              -38.654186599999946,
              -3.7498403999999255
            ],
            [
              -38.65428099999997,
              -3.7493875999999773
            ],
            [
              -38.654318699999976,
              -3.748991399999966
            ],
            [
              -38.65424319999994,
              -3.748482099999933
            ],
            [
              -38.65414889999994,
              -3.7482367999999724
            ],
            [
              -38.654186599999946,
              -3.7479726999999343
            ],
            [
              -38.65424319999994,
              -3.747670899999946
            ],
            [
              -38.65455689999993,
              -3.747390199999927
            ],
            [
              -38.654601699999944,
              -3.7473500999999487
            ],
            [
              -38.65494249999995,
              -3.747276099999965
            ],
            [
              -38.65492999999998,
              -3.7473929999999314
            ],
            [
              -38.65522299999998,
              -3.7474729999999568
            ],
            [
              -38.65554999999995,
              -3.7475359999999682
            ]
          ]
        ]
      }
    },
    {
      "type": "Feature",
      "properties": {
        "id": "caucaia:tabapua",
        "name": "Tabapuá",
        "municipality": "Caucaia",
        "kind": "bairro",
        "source": "IBGE - Malha de Setores Censitarios 2022 agregada por unidade territorial de Caucaia"
      },
      "geometry": {
        "type": "Polygon",
        "coordinates": [
          [
            [
              -38.62394199999994,
              -3.7251039999999307
            ],
            [
              -38.62367299999994,
              -3.7257419999999684
            ],
            [
              -38.62329299999993,
              -3.72599699999995
            ],
            [
              -38.62302299999993,
              -3.7262679999999477
            ],
            [
              -38.622896999999966,
              -3.726586999999938
            ],
            [
              -38.622848999999974,
              -3.7269379999999614
            ],
            [
              -38.623133999999936,
              -3.7277669999999716
            ],
            [
              -38.623355999999944,
              -3.7282619999999724
            ],
            [
              -38.62345099999993,
              -3.728691999999967
            ],
            [
              -38.623561999999936,
              -3.729202999999927
            ],
            [
              -38.62351399999994,
              -3.729584999999929
            ],
            [
              -38.62338799999998,
              -3.7298569999999245
            ],
            [
              -38.62322899999998,
              -3.7300639999999703
            ],
            [
              -38.62251699999996,
              -3.7300639999999703
            ],
            [
              -38.622262999999975,
              -3.730015999999978
            ],
            [
              -38.62213699999995,
              -3.7298249999999484
            ],
            [
              -38.62183599999997,
              -3.729505999999958
            ],
            [
              -38.62147199999998,
              -3.729505999999958
            ],
            [
              -38.62118699999996,
              -3.7295689999999695
            ],
            [
              -38.620837999999935,
              -3.7298959999999397
            ],
            [
              -38.62063999999998,
              -3.7300639999999703
            ],
            [
              -38.62043399999993,
              -3.7301599999999553
            ],
            [
              -38.62013299999995,
              -3.7304229999999734
            ],
            [
              -38.62013299999995,
              -3.730701999999951
            ],
            [
              -38.62023599999998,
              -3.7310769999999707
            ],
            [
              -38.620596999999975,
              -3.731482999999969
            ],
            [
              -38.62013699999994,
              -3.731482999999969
            ],
            [
              -38.62015299999996,
              -3.731705999999974
            ],
            [
              -38.62015299999996,
              -3.732008999999948
            ],
            [
              -38.62013699999994,
              -3.7323599999999715
            ],
            [
              -38.61985199999998,
              -3.7326309999999694
            ],
            [
              -38.61972599999996,
              -3.7327909999999633
            ],
            [
              -38.61942499999998,
              -3.7328699999999344
            ],
            [
              -38.61934599999995,
              -3.732981999999936
            ],
            [
              -38.61912399999994,
              -3.7331099999999537
            ],
            [
              -38.618614399999956,
              -3.7335727999999335
            ],
            [
              -38.618835599999954,
              -3.7339745999999536
            ],
            [
              -38.618979399999944,
              -3.7342576999999437
            ],
            [
              -38.61901259999996,
              -3.734981399999981
            ],
            [
              -38.61905919999998,
              -3.7351441999999793
            ],
            [
              -38.61913499999997,
              -3.7352643999999486
            ],
            [
              -38.61920909999998,
              -3.73553899999996
            ],
            [
              -38.61919629999994,
              -3.73613789999996
            ],
            [
              -38.61916599999995,
              -3.736535999999944
            ],
            [
              -38.61933189999996,
              -3.73705549999994
            ],
            [
              -38.61946359999996,
              -3.7375290999999606
            ],
            [
              -38.61923429999996,
              -3.737481999999943
            ],
            [
              -38.61854329999994,
              -3.7372064999999566
            ],
            [
              -38.61826449999995,
              -3.7370696999999495
            ],
            [
              -38.61819409999998,
              -3.737040299999933
            ],
            [
              -38.617602199999965,
              -3.7368993999999702
            ],
            [
              -38.616825999999946,
              -3.7367786999999453
            ],
            [
              -38.616251199999965,
              -3.736701499999981
            ],
            [
              -38.615916899999945,
              -3.736617699999954
            ],
            [
              -38.615754899999956,
              -3.7365877999999384
            ],
            [
              -38.61483729999998,
              -3.736369799999977
            ],
            [
              -38.61451409999995,
              -3.7379421999999636
            ],
            [
              -38.61443379999997,
              -3.7384728999999766
            ],
            [
              -38.61441179999997,
              -3.738667899999939
            ],
            [
              -38.61435369999998,
              -3.7390058999999383
            ],
            [
              -38.61430669999993,
              -3.7392802999999617
            ],
            [
              -38.614248799999984,
              -3.7395931999999448
            ],
            [
              -38.61421439999998,
              -3.739854599999944
            ],
            [
              -38.61417629999994,
              -3.7401276999999595
            ],
            [
              -38.61412629999995,
              -3.7404997999999523
            ],
            [
              -38.61411389999995,
              -3.740589499999942
            ],
            [
              -38.61409509999993,
              -3.7407250999999633
            ],
            [
              -38.61399499999993,
              -3.7413519999999494
            ],
            [
              -38.613764999999944,
              -3.7426289999999653
            ],
            [
              -38.61373299999997,
              -3.742819999999938
            ],
            [
              -38.61207529999996,
              -3.7425788999999554
            ],
            [
              -38.612072299999966,
              -3.742578499999979
            ],
            [
              -38.61030589999996,
              -3.7423215999999684
            ],
            [
              -38.60930399999995,
              -3.742185999999947
            ],
            [
              -38.608469999999954,
              -3.742051999999944
            ],
            [
              -38.60758899999996,
              -3.741918999999939
            ],
            [
              -38.606660999999974,
              -3.741784999999936
            ],
            [
              -38.606543999999985,
              -3.741767999999979
            ],
            [
              -38.605241999999976,
              -3.7415829999999346
            ],
            [
              -38.60411099999993,
              -3.741421399999979
            ],
            [
              -38.604086999999936,
              -3.7414179999999533
            ],
            [
              -38.603331999999966,
              -3.741307999999947
            ],
            [
              -38.602826799999946,
              -3.741231999999968
            ],
            [
              -38.60120519999998,
              -3.7410793999999328
            ],
            [
              -38.601239599999985,
              -3.7408735999999294
            ],
            [
              -38.60142689999998,
              -3.7404355999999552
            ],
            [
              -38.60145899999998,
              -3.7403600999999753
            ],
            [
              -38.60147379999995,
              -3.7403254999999263
            ],
            [
              -38.60148869999995,
              -3.7402982999999494
            ],
            [
              -38.60150729999998,
              -3.7402413999999453
            ],
            [
              -38.60152799999997,
              -3.740152499999965
            ],
            [
              -38.601530399999945,
              -3.740122799999938
            ],
            [
              -38.60155759999998,
              -3.740006699999981
            ],
            [
              -38.60156239999998,
              -3.7399721999999542
            ],
            [
              -38.60158219999994,
              -3.73990299999997
            ],
            [
              -38.60160169999995,
              -3.7398414999999545
            ],
            [
              -38.60160429999996,
              -3.7397820999999567
            ],
            [
              -38.601616899999954,
              -3.7397176999999715
            ],
            [
              -38.60162679999996,
              -3.7396682999999484
            ],
            [
              -38.601634299999944,
              -3.739613899999938
            ],
            [
              -38.601649099999975,
              -3.7395570999999563
            ],
            [
              -38.601658999999984,
              -3.739497799999981
            ],
            [
              -38.60168349999998,
              -3.739236999999946
            ],
            [
              -38.60169399999995,
              -3.7391101999999705
            ],
            [
              -38.601708299999984,
              -3.739018299999941
            ],
            [
              -38.601710999999966,
              -3.738961399999937
            ],
            [
              -38.60171569999994,
              -3.7389095999999427
            ],
            [
              -38.60171569999994,
              -3.7388354999999365
            ],
            [
              -38.60171819999994,
              -3.7387687999999457
            ],
            [
              -38.60171819999994,
              -3.7386699999999564
            ],
            [
              -38.60172319999998,
              -3.7385810999999762
            ],
            [
              -38.60172559999995,
              -3.738501999999926
            ],
            [
              -38.60172319999998,
              -3.7384624999999687
            ],
            [
              -38.60171569999994,
              -3.7383982999999716
            ],
            [
              -38.601700799999946,
              -3.7383095999999796
            ],
            [
              -38.601698399999975,
              -3.738178399999981
            ],
            [
              -38.601656299999945,
              -3.738014499999963
            ],
            [
              -38.60164649999996,
              -3.7379476999999497
            ],
            [
              -38.60165139999998,
              -3.737804399999959
            ],
            [
              -38.601653899999974,
              -3.7377353999999627
            ],
            [
              -38.60165879999994,
              -3.7376760999999306
            ],
            [
              -38.60165879999994,
              -3.7376266999999643
            ],
            [
              -38.601666199999954,
              -3.7375599999999736
            ],
            [
              -38.60167859999996,
              -3.737505599999963
            ],
            [
              -38.60170089999997,
              -3.7374388999999724
            ],
            [
              -38.60171819999994,
              -3.737406799999974
            ],
            [
              -38.60175039999996,
              -3.7373622999999725
            ],
            [
              -38.60179249999993,
              -3.737315399999943
            ],
            [
              -38.601827199999946,
              -3.7372856999999726
            ],
            [
              -38.60185689999997,
              -3.7372634999999264
            ],
            [
              -38.601906499999984,
              -3.7372287999999685
            ],
            [
              -38.60194619999993,
              -3.737211299999956
            ],
            [
              -38.602015499999936,
              -3.737188999999944
            ],
            [
              -38.602042799999936,
              -3.737181499999963
            ],
            [
              -38.60209329999998,
              -3.737148399999967
            ],
            [
              -38.60219329999995,
              -3.7370950999999764
            ],
            [
              -38.60219979999994,
              -3.7370915999999283
            ],
            [
              -38.602236999999946,
              -3.737071799999967
            ],
            [
              -38.60225909999997,
              -3.737049699999943
            ],
            [
              -38.60228409999996,
              -3.7370149999999285
            ],
            [
              -38.602301299999965,
              -3.7369803999999363
            ],
            [
              -38.60230619999993,
              -3.736935899999935
            ],
            [
              -38.60230599999994,
              -3.73688889999994
            ],
            [
              -38.60229359999994,
              -3.7368591999999694
            ],
            [
              -38.602271299999984,
              -3.7368121999999744
            ],
            [
              -38.60225159999993,
              -3.7367775999999253
            ],
            [
              -38.602214499999945,
              -3.736745499999927
            ],
            [
              -38.602160599999934,
              -3.7367037999999297
            ],
            [
              -38.60209279999998,
              -3.7366232999999625
            ],
            [
              -38.60207019999996,
              -3.736589599999945
            ],
            [
              -38.60201719999998,
              -3.7365261999999575
            ],
            [
              -38.601967799999954,
              -3.736469399999976
            ],
            [
              -38.60190259999996,
              -3.736394599999926
            ],
            [
              -38.601863099999946,
              -3.7363427999999317
            ],
            [
              -38.601806299999964,
              -3.736266399999977
            ],
            [
              -38.60177169999997,
              -3.7362119999999663
            ],
            [
              -38.60155199999997,
              -3.735856599999977
            ],
            [
              -38.601527199999964,
              -3.7357824999999707
            ],
            [
              -38.601487599999984,
              -3.735676299999966
            ],
            [
              -38.601462899999945,
              -3.735599699999966
            ],
            [
              -38.60144059999993,
              -3.735530499999925
            ],
            [
              -38.60141089999996,
              -3.7354563999999755
            ],
            [
              -38.60138609999996,
              -3.735389699999928
            ],
            [
              -38.60135639999993,
              -3.735322999999937
            ],
            [
              -38.60132429999993,
              -3.735248899999931
            ],
            [
              -38.60129449999994,
              -3.7351500999999416
            ],
            [
              -38.60117079999998,
              -3.7348128999999517
            ],
            [
              -38.60116089999997,
              -3.7347782999999595
            ],
            [
              -38.60115349999995,
              -3.7346893999999793
            ],
            [
              -38.60114359999994,
              -3.7346251999999254
            ],
            [
              -38.60114109999995,
              -3.7345732999999655
            ],
            [
              -38.60114109999995,
              -3.7345139999999333
            ],
            [
              -38.60114359999994,
              -3.734449799999936
            ],
            [
              -38.601178199999936,
              -3.734390499999961
            ],
            [
              -38.601240099999984,
              -3.734322499999962
            ],
            [
              -38.601309399999934,
              -3.7342470999999477
            ],
            [
              -38.601368899999954,
              -3.7341926999999373
            ],
            [
              -38.60142089999994,
              -3.734167999999954
            ],
            [
              -38.601480299999935,
              -3.7341457999999648
            ],
            [
              -38.60154229999995,
              -3.734121099999925
            ],
            [
              -38.60160909999996,
              -3.7340913999999543
            ],
            [
              -38.60166129999993,
              -3.7340714999999705
            ],
            [
              -38.60175039999996,
              -3.7340394999999376
            ],
            [
              -38.60179479999994,
              -3.734014899999977
            ],
            [
              -38.60184929999997,
              -3.733990199999937
            ],
            [
              -38.60191099999997,
              -3.733963099999926
            ],
            [
              -38.601962999999955,
              -3.73394339999993
            ],
            [
              -38.60201999999998,
              -3.7339013999999793
            ],
            [
              -38.60205709999997,
              -3.7338642999999365
            ],
            [
              -38.602111599999944,
              -3.733819799999935
            ],
            [
              -38.60219329999995,
              -3.7337234999999396
            ],
            [
              -38.60223289999993,
              -3.7336715999999797
            ],
            [
              -38.60230679999995,
              -3.733560999999952
            ],
            [
              -38.60233649999998,
              -3.7335226999999804
            ],
            [
              -38.602467599999954,
              -3.733375799999976
            ],
            [
              -38.60251469999997,
              -3.733326399999953
            ],
            [
              -38.60254679999997,
              -3.733284499999968
            ],
            [
              -38.60259139999994,
              -3.733242399999938
            ],
            [
              -38.60264089999998,
              -3.73320039999993
            ],
            [
              -38.60273499999994,
              -3.7331409999999323
            ],
            [
              -38.602834299999984,
              -3.73307989999995
            ],
            [
              -38.60291079999996,
              -3.733010199999967
            ],
            [
              -38.60297259999993,
              -3.7329557999999565
            ],
            [
              -38.60301529999998,
              -3.732886599999972
            ],
            [
              -38.60307169999993,
              -3.7328149999999596
            ],
            [
              -38.603121199999975,
              -3.7327655999999365
            ],
            [
              -38.60318309999997,
              -3.7326914999999303
            ],
            [
              -38.60320779999995,
              -3.7326594999999543
            ],
            [
              -38.603242499999965,
              -3.7326247999999396
            ],
            [
              -38.60328459999994,
              -3.7325802999999382
            ],
            [
              -38.603324199999975,
              -3.732528499999944
            ],
            [
              -38.603405899999984,
              -3.7324938999999517
            ],
            [
              -38.60345049999995,
              -3.732466699999975
            ],
            [
              -38.60348269999997,
              -3.73243709999997
            ],
            [
              -38.60351239999994,
              -3.7324049999999716
            ],
            [
              -38.603544599999964,
              -3.7323727999999505
            ],
            [
              -38.603566899999976,
              -3.7323431999999457
            ],
            [
              -38.603598999999974,
              -3.732291299999929
            ],
            [
              -38.60364489999995,
              -3.732236999999941
            ],
            [
              -38.60425479999998,
              -3.731159699999978
            ],
            [
              -38.60458319999998,
              -3.7305562999999324
            ],
            [
              -38.60464529999996,
              -3.7302902999999787
            ],
            [
              -38.60462049999995,
              -3.7301000999999587
            ],
            [
              -38.60464769999993,
              -3.7299690999999484
            ],
            [
              -38.60475679999996,
              -3.7295012999999244
            ],
            [
              -38.60483609999994,
              -3.7292789999999627
            ],
            [
              -38.60507869999998,
              -3.7290071999999554
            ],
            [
              -38.605323399999975,
              -3.728681799999947
            ],
            [
              -38.60570579999995,
              -3.7280915999999706
            ],
            [
              -38.60578529999998,
              -3.7279688999999507
            ],
            [
              -38.605882099999974,
              -3.727724299999977
            ],
            [
              -38.605911599999956,
              -3.727459999999951
            ],
            [
              -38.60592649999995,
              -3.7272475999999415
            ],
            [
              -38.60599819999993,
              -3.727069399999948
            ],
            [
              -38.60610219999995,
              -3.7269831999999496
            ],
            [
              -38.60619619999994,
              -3.726911199999961
            ],
            [
              -38.60630039999995,
              -3.726876299999958
            ],
            [
              -38.60634649999997,
              -3.7268753999999262
            ],
            [
              -38.60641319999996,
              -3.7268659999999727
            ],
            [
              -38.60661649999997,
              -3.7268753999999262
            ],
            [
              -38.606729299999984,
              -3.7268455999999333
            ],
            [
              -38.60682939999998,
              -3.726792499999931
            ],
            [
              -38.606915199999946,
              -3.726736599999981
            ],
            [
              -38.60696479999996,
              -3.726689799999974
            ],
            [
              -38.607010799999955,
              -3.726655199999925
            ],
            [
              -38.607046699999955,
              -3.7266303999999764
            ],
            [
              -38.60708529999994,
              -3.726604499999951
            ],
            [
              -38.60712969999997,
              -3.726572899999951
            ],
            [
              -38.60716969999993,
              -3.7265413999999737
            ],
            [
              -38.60721119999994,
              -3.726518399999975
            ],
            [
              -38.60726299999993,
              -3.7264765999999554
            ],
            [
              -38.607338399999946,
              -3.726443599999925
            ],
            [
              -38.60740759999993,
              -3.7263931999999613
            ],
            [
              -38.60747919999994,
              -3.7263611999999284
            ],
            [
              -38.607561799999985,
              -3.726305899999943
            ],
            [
              -38.60761579999996,
              -3.7262618999999404
            ],
            [
              -38.60767789999994,
              -3.726224499999944
            ],
            [
              -38.607739299999935,
              -3.726190299999928
            ],
            [
              -38.60780569999997,
              -3.726139099999955
            ],
            [
              -38.60784759999996,
              -3.7261194999999248
            ],
            [
              -38.60796779999998,
              -3.726032299999929
            ],
            [
              -38.60800539999997,
              -3.7259998999999766
            ],
            [
              -38.608088099999975,
              -3.7259599999999296
            ],
            [
              -38.60815579999996,
              -3.7259301999999366
            ],
            [
              -38.608223599999974,
              -3.725891699999977
            ],
            [
              -38.608285999999964,
              -3.725850399999956
            ],
            [
              -38.60838529999995,
              -3.7257977999999525
            ],
            [
              -38.60847069999994,
              -3.725741899999946
            ],
            [
              -38.60852459999995,
              -3.7256876999999804
            ],
            [
              -38.608568799999944,
              -3.7256508999999483
            ],
            [
              -38.608676799999955,
              -3.7255802999999332
            ],
            [
              -38.608703799999944,
              -3.725548599999968
            ],
            [
              -38.608713199999954,
              -3.725504199999932
            ],
            [
              -38.60870969999996,
              -3.7254640999999538
            ],
            [
              -38.608712699999955,
              -3.725379999999973
            ],
            [
              -38.60869879999996,
              -3.725323899999978
            ],
            [
              -38.60868719999996,
              -3.725270699999953
            ],
            [
              -38.60870709999995,
              -3.7252147999999465
            ],
            [
              -38.60872599999993,
              -3.72519589999996
            ],
            [
              -38.60874609999996,
              -3.7250922999999716
            ],
            [
              -38.60878519999994,
              -3.7250331999999275
            ],
            [
              -38.60881729999994,
              -3.72498429999996
            ],
            [
              -38.608856999999944,
              -3.724939499999948
            ],
            [
              -38.60889419999995,
              -3.724904899999956
            ],
            [
              -38.608943099999976,
              -3.7248451999999475
            ],
            [
              -38.60896969999993,
              -3.7248230999999805
            ],
            [
              -38.60901339999998,
              -3.724813499999925
            ],
            [
              -38.60905369999995,
              -3.724785699999927
            ],
            [
              -38.609081999999944,
              -3.724756799999966
            ],
            [
              -38.609135599999945,
              -3.7247034999999755
            ],
            [
              -38.609256399999936,
              -3.724650399999973
            ],
            [
              -38.60930079999997,
              -3.7246231999999395
            ],
            [
              -38.60932279999997,
              -3.7245401999999785
            ],
            [
              -38.60934049999997,
              -3.724452999999926
            ],
            [
              -38.60934999999995,
              -3.7243645999999444
            ],
            [
              -38.60935159999997,
              -3.7242764999999736
            ],
            [
              -38.60935089999998,
              -3.724189899999942
            ],
            [
              -38.609365699999955,
              -3.724105899999927
            ],
            [
              -38.609432399999946,
              -3.7240215999999577
            ],
            [
              -38.60952489999994,
              -3.7239858999999456
            ],
            [
              -38.60966419999994,
              -3.7239761999999246
            ],
            [
              -38.60969819999997,
              -3.723994599999969
            ],
            [
              -38.60975609999997,
              -3.7240359999999555
            ],
            [
              -38.60982969999998,
              -3.724065499999938
            ],
            [
              -38.609828799999946,
              -3.7240957999999296
            ],
            [
              -38.60985429999994,
              -3.7241411999999627
            ],
            [
              -38.60996369999998,
              -3.7241751999999337
            ],
            [
              -38.61003089999997,
              -3.7242171999999414
            ],
            [
              -38.610114299999964,
              -3.7242352999999753
            ],
            [
              -38.61018519999993,
              -3.7242259999999305
            ],
            [
              -38.61024459999993,
              -3.724184199999968
            ],
            [
              -38.610278799999946,
              -3.7241027999999687
            ],
            [
              -38.61029069999995,
              -3.7240459999999302
            ],
            [
              -38.610284899999954,
              -3.723987299999976
            ],
            [
              -38.61028079999994,
              -3.72388959999995
            ],
            [
              -38.610285999999974,
              -3.7238164999999412
            ],
            [
              -38.61028609999994,
              -3.7237526999999773
            ],
            [
              -38.61030939999995,
              -3.7237020999999686
            ],
            [
              -38.61038359999998,
              -3.7236195999999495
            ],
            [
              -38.61045119999994,
              -3.7235480999999595
            ],
            [
              -38.610514199999955,
              -3.723518699999943
            ],
            [
              -38.610589699999935,
              -3.7235249999999382
            ],
            [
              -38.61070259999997,
              -3.7235731999999757
            ],
            [
              -38.61076029999998,
              -3.7235956999999757
            ],
            [
              -38.61078649999996,
              -3.7236153999999715
            ],
            [
              -38.61084939999995,
              -3.7235943999999677
            ],
            [
              -38.61094719999994,
              -3.723616799999945
            ],
            [
              -38.611067299999945,
              -3.723602099999937
            ],
            [
              -38.611207899999954,
              -3.723564799999963
            ],
            [
              -38.61131949999998,
              -3.723527699999977
            ],
            [
              -38.611383399999966,
              -3.7234491999999477
            ],
            [
              -38.611450099999956,
              -3.723377899999946
            ],
            [
              -38.61149739999996,
              -3.7233282999999346
            ],
            [
              -38.61158039999998,
              -3.723247899999933
            ],
            [
              -38.611640299999976,
              -3.7231929999999807
            ],
            [
              -38.61176899999998,
              -3.7231290999999374
            ],
            [
              -38.61184369999995,
              -3.7230983999999694
            ],
            [
              -38.61192919999996,
              -3.723085899999944
            ],
            [
              -38.61201139999997,
              -3.7230837999999267
            ],
            [
              -38.612125799999944,
              -3.7230703999999264
            ],
            [
              -38.61220529999997,
              -3.7230566999999724
            ],
            [
              -38.61231699999996,
              -3.7230253999999263
            ],
            [
              -38.61241129999996,
              -3.7229725999999346
            ],
            [
              -38.61245569999994,
              -3.7229542999999694
            ],
            [
              -38.61256979999996,
              -3.722905599999933
            ],
            [
              -38.61262459999995,
              -3.72285949999997
            ],
            [
              -38.61272709999997,
              -3.722785099999953
            ],
            [
              -38.612823499999934,
              -3.7227115999999683
            ],
            [
              -38.61301339999994,
              -3.7226483999999687
            ],
            [
              -38.613076199999966,
              -3.722608399999956
            ],
            [
              -38.613124099999936,
              -3.7225590999999554
            ],
            [
              -38.613167799999985,
              -3.7225124999999366
            ],
            [
              -38.61326679999996,
              -3.7224663999999734
            ],
            [
              -38.613346099999944,
              -3.722445299999947
            ],
            [
              -38.61343629999993,
              -3.7224272999999357
            ],
            [
              -38.613503399999956,
              -3.7224050999999463
            ],
            [
              -38.61359619999996,
              -3.7223912999999698
            ],
            [
              -38.61368659999994,
              -3.7223822999999356
            ],
            [
              -38.61378369999994,
              -3.7223829999999793
            ],
            [
              -38.61395799999997,
              -3.722413099999926
            ],
            [
              -38.61421269999994,
              -3.7225221999999576
            ],
            [
              -38.614251199999956,
              -3.7225684999999658
            ],
            [
              -38.614319499999965,
              -3.7226157999999714
            ],
            [
              -38.61442219999998,
              -3.7226832999999715
            ],
            [
              -38.61445699999996,
              -3.722713899999974
            ],
            [
              -38.61451429999994,
              -3.722738599999957
            ],
            [
              -38.61461469999995,
              -3.722766999999976
            ],
            [
              -38.61470509999998,
              -3.7227798999999777
            ],
            [
              -38.614780199999984,
              -3.7227728999999385
            ],
            [
              -38.61481079999993,
              -3.722737699999925
            ],
            [
              -38.61485559999994,
              -3.722699999999975
            ],
            [
              -38.614900399999954,
              -3.7226693999999725
            ],
            [
              -38.614944899999955,
              -3.722603799999945
            ],
            [
              -38.61499139999995,
              -3.722533099999964
            ],
            [
              -38.61503389999996,
              -3.722451099999944
            ],
            [
              -38.61504329999997,
              -3.7223639999999705
            ],
            [
              -38.615048599999966,
              -3.722260399999925
            ],
            [
              -38.61504499999995,
              -3.722122499999955
            ],
            [
              -38.61504139999994,
              -3.7218656999999666
            ],
            [
              -38.61505139999997,
              -3.721806499999957
            ],
            [
              -38.61509669999998,
              -3.7217114999999694
            ],
            [
              -38.61513249999996,
              -3.7216496999999436
            ],
            [
              -38.615174199999956,
              -3.7215926999999738
            ],
            [
              -38.615218899999945,
              -3.721533499999964
            ],
            [
              -38.61526329999998,
              -3.7214839999999754
            ],
            [
              -38.61536139999998,
              -3.721434699999975
            ],
            [
              -38.615444999999966,
              -3.721403299999963
            ],
            [
              -38.61549859999997,
              -3.721371799999929
            ],
            [
              -38.615540599999974,
              -3.7213318999999387
            ],
            [
              -38.615571399999965,
              -3.721298899999965
            ],
            [
              -38.61562299999997,
              -3.7212546999999745
            ],
            [
              -38.615722999999946,
              -3.7211977999999704
            ],
            [
              -38.61576439999993,
              -3.7211661999999706
            ],
            [
              -38.61591919999995,
              -3.72103629999998
            ],
            [
              -38.615957099999946,
              -3.720977199999936
            ],
            [
              -38.61599979999994,
              -3.72092269999996
            ],
            [
              -38.61607109999994,
              -3.7208704999999327
            ],
            [
              -38.616128199999935,
              -3.7208252999999445
            ],
            [
              -38.61619729999995,
              -3.720787199999961
            ],
            [
              -38.61626879999994,
              -3.720760999999925
            ],
            [
              -38.61634299999997,
              -3.720744199999956
            ],
            [
              -38.616438399999936,
              -3.7207345999999575
            ],
            [
              -38.616531899999984,
              -3.7207319999999413
            ],
            [
              -38.616601499999945,
              -3.720731799999953
            ],
            [
              -38.616661299999976,
              -3.7207365999999524
            ],
            [
              -38.61670669999995,
              -3.7207484999999565
            ],
            [
              -38.61686439999994,
              -3.720870899999966
            ],
            [
              -38.616943299999946,
              -3.72093289999998
            ],
            [
              -38.61698629999995,
              -3.7209755999999743
            ],
            [
              -38.61703899999998,
              -3.7210315999999466
            ],
            [
              -38.61708689999995,
              -3.721128799999974
            ],
            [
              -38.61709159999998,
              -3.721155099999976
            ],
            [
              -38.61710119999998,
              -3.721195699999953
            ],
            [
              -38.61711559999998,
              -3.721245799999963
            ],
            [
              -38.61711799999995,
              -3.721324599999946
            ],
            [
              -38.61711079999998,
              -3.7214393999999515
            ],
            [
              -38.617089299999975,
              -3.7215325999999322
            ],
            [
              -38.61707489999998,
              -3.721616299999937
            ],
            [
              -38.61706529999998,
              -3.721666399999947
            ],
            [
              -38.61706289999995,
              -3.721711599999935
            ],
            [
              -38.61706289999995,
              -3.72176879999995
            ],
            [
              -38.617072399999984,
              -3.721813999999938
            ],
            [
              -38.61708439999995,
              -3.7218544999999494
            ],
            [
              -38.61709869999993,
              -3.7219021999999313
            ],
            [
              -38.61713219999996,
              -3.721968899999979
            ],
            [
              -38.61717749999997,
              -3.722030699999948
            ],
            [
              -38.617218099999945,
              -3.7220733999999425
            ],
            [
              -38.61727539999998,
              -3.7220828999999753
            ],
            [
              -38.61734229999996,
              -3.722090099999946
            ],
            [
              -38.61739479999994,
              -3.722094899999945
            ],
            [
              -38.61745469999994,
              -3.722097499999961
            ],
            [
              -38.61751229999993,
              -3.722093099999938
            ],
            [
              -38.617569999999944,
              -3.7220384999999396
            ],
            [
              -38.617621199999974,
              -3.7219773999999575
            ],
            [
              -38.61765279999997,
              -3.7219107999999324
            ],
            [
              -38.61768929999994,
              -3.7218392999999423
            ],
            [
              -38.61772849999994,
              -3.7217295999999465
            ],
            [
              -38.61776119999996,
              -3.721629299999961
            ],
            [
              -38.61782249999993,
              -3.721540599999969
            ],
            [
              -38.61785029999993,
              -3.7214921999999433
            ],
            [
              -38.61790439999993,
              -3.7214250999999763
            ],
            [
              -38.61794889999993,
              -3.721334299999967
            ],
            [
              -38.617972099999974,
              -3.7212721999999303
            ],
            [
              -38.61801139999994,
              -3.7211531999999465
            ],
            [
              -38.61802959999994,
              -3.7210390999999277
            ],
            [
              -38.61804999999998,
              -3.720756799999947
            ],
            [
              -38.618042299999956,
              -3.7206924999999273
            ],
            [
              -38.61804139999998,
              -3.720635199999947
            ],
            [
              -38.618019199999935,
              -3.7205496999999355
            ],
            [
              -38.61799739999998,
              -3.72049039999996
            ],
            [
              -38.61797809999996,
              -3.7204192999999464
            ],
            [
              -38.61796119999997,
              -3.7203695999999695
            ],
            [
              -38.61793259999996,
              -3.720322299999964
            ],
            [
              -38.61786429999995,
              -3.720253599999978
            ],
            [
              -38.617803299999935,
              -3.720213299999955
            ],
            [
              -38.617718999999965,
              -3.7201727999999434
            ],
            [
              -38.61765799999995,
              -3.7201440999999704
            ],
            [
              -38.61761809999996,
              -3.7201367999999775
            ],
            [
              -38.61755169999998,
              -3.72014379999996
            ],
            [
              -38.61748739999996,
              -3.720153299999936
            ],
            [
              -38.61741359999996,
              -3.7201746999999727
            ],
            [
              -38.61735649999997,
              -3.7201841999999488
            ],
            [
              -38.61724919999995,
              -3.7201864999999543
            ],
            [
              -38.61717049999993,
              -3.7201672999999573
            ],
            [
              -38.61706049999998,
              -3.7201265999999578
            ],
            [
              -38.61697189999995,
              -3.7200857999999357
            ],
            [
              -38.616897499999936,
              -3.7200423999999543
            ],
            [
              -38.61686139999995,
              -3.720011099999965
            ],
            [
              -38.61672319999997,
              -3.7197596999999405
            ],
            [
              -38.61673209999998,
              -3.7195628999999713
            ],
            [
              -38.61689379999996,
              -3.719284099999925
            ],
            [
              -38.61695919999994,
              -3.7192102999999292
            ],
            [
              -38.61701499999998,
              -3.71914019999997
            ],
            [
              -38.617075599999964,
              -3.7190384999999537
            ],
            [
              -38.617119199999934,
              -3.7189756999999304
            ],
            [
              -38.617161599999974,
              -3.718926099999976
            ],
            [
              -38.61718949999994,
              -3.7188909999999282
            ],
            [
              -38.61722089999995,
              -3.718851299999926
            ],
            [
              -38.61724149999998,
              -3.7188271999999643
            ],
            [
              -38.61727159999998,
              -3.7188069999999698
            ],
            [
              -38.617289599999935,
              -3.71879279999996
            ],
            [
              -38.61732089999998,
              -3.7187664999999583
            ],
            [
              -38.617348499999935,
              -3.7187415999999303
            ],
            [
              -38.61737359999995,
              -3.71872639999998
            ],
            [
              -38.617425099999934,
              -3.718710299999941
            ],
            [
              -38.617465599999946,
              -3.7186964999999645
            ],
            [
              -38.61751899999996,
              -3.718676099999925
            ],
            [
              -38.617565199999945,
              -3.718667299999936
            ],
            [
              -38.61761649999994,
              -3.7186554999999544
            ],
            [
              -38.61766239999997,
              -3.718653199999949
            ],
            [
              -38.617709899999966,
              -3.7186499999999683
            ],
            [
              -38.61774789999998,
              -3.7186455999999453
            ],
            [
              -38.61777409999996,
              -3.7186456999999677
            ],
            [
              -38.617801499999985,
              -3.7186470999999415
            ],
            [
              -38.61783829999996,
              -3.7186604999999417
            ],
            [
              -38.61786909999995,
              -3.718672599999934
            ],
            [
              -38.61791419999997,
              -3.718689599999948
            ],
            [
              -38.61795109999997,
              -3.718705199999931
            ],
            [
              -38.61798559999994,
              -3.7187207999999714
            ],
            [
              -38.61800929999998,
              -3.718737699999963
            ],
            [
              -38.61802899999998,
              -3.71875289999997
            ],
            [
              -38.61806029999997,
              -3.718776099999957
            ],
            [
              -38.61808289999993,
              -3.718797499999937
            ],
            [
              -38.618114899999966,
              -3.7188286999999605
            ],
            [
              -38.61813369999993,
              -3.7188537999999767
            ],
            [
              -38.61815389999998,
              -3.7189014999999586
            ],
            [
              -38.61816509999994,
              -3.7189338999999677
            ],
            [
              -38.61816819999996,
              -3.718963899999949
            ],
            [
              -38.61825179999994,
              -3.7191450999999347
            ],
            [
              -38.61826529999996,
              -3.7191711999999484
            ],
            [
              -38.61828339999994,
              -3.719194899999934
            ],
            [
              -38.61830869999994,
              -3.7192280999999525
            ],
            [
              -38.61834099999993,
              -3.7192624999999566
            ],
            [
              -38.61836839999995,
              -3.7192920999999615
            ],
            [
              -38.61838759999995,
              -3.719310999999948
            ],
            [
              -38.61842219999994,
              -3.7193428999999583
            ],
            [
              -38.61844729999996,
              -3.719365299999936
            ],
            [
              -38.61846859999997,
              -3.7193865999999502
            ],
            [
              -38.61848409999993,
              -3.719404299999951
            ],
            [
              -38.61850689999994,
              -3.719431399999962
            ],
            [
              -38.618528399999946,
              -3.7194478999999774
            ],
            [
              -38.61854969999996,
              -3.7194643999999357
            ],
            [
              -38.618570999999974,
              -3.7194773999999597
            ],
            [
              -38.618604199999936,
              -3.719493899999975
            ],
            [
              -38.618642199999954,
              -3.7195067999999765
            ],
            [
              -38.61867779999994,
              -3.7195173999999724
            ],
            [
              -38.61871439999993,
              -3.7195279999999684
            ],
            [
              -38.618746399999964,
              -3.7195420999999556
            ],
            [
              -38.618777199999954,
              -3.7195539999999596
            ],
            [
              -38.61881979999998,
              -3.719567999999981
            ],
            [
              -38.618890799999974,
              -3.71957029999993
            ],
            [
              -38.61894639999997,
              -3.71957029999993
            ],
            [
              -38.61900899999995,
              -3.7195703999999523
            ],
            [
              -38.61908239999997,
              -3.7195703999999523
            ],
            [
              -38.619129699999974,
              -3.7195656999999755
            ],
            [
              -38.61916759999997,
              -3.7195586999999364
            ],
            [
              -38.61919599999993,
              -3.7195539999999596
            ],
            [
              -38.61922199999998,
              -3.7195491999999604
            ],
            [
              -38.619248099999936,
              -3.71953979999995
            ],
            [
              -38.61928359999996,
              -3.719523299999935
            ],
            [
              -38.61934169999995,
              -3.7194985999999517
            ],
            [
              -38.619376099999954,
              -3.7194785999999453
            ],
            [
              -38.61940699999997,
              -3.7194526999999766
            ],
            [
              -38.61944149999994,
              -3.7194195999999806
            ],
            [
              -38.61946419999998,
              -3.719384199999979
            ],
            [
              -38.619483199999934,
              -3.719365299999936
            ],
            [
              -38.61950959999996,
              -3.7193357999999535
            ],
            [
              -38.61952869999993,
              -3.719301499999972
            ],
            [
              -38.61954069999996,
              -3.7192730999999526
            ],
            [
              -38.61955269999993,
              -3.7192375999999285
            ],
            [
              -38.61957199999995,
              -3.719197299999962
            ],
            [
              -38.61958889999994,
              -3.7191640999999436
            ],
            [
              -38.61961039999994,
              -3.7191190999999435
            ],
            [
              -38.619628499999976,
              -3.7190881999999306
            ],
            [
              -38.61964649999993,
              -3.7190572999999745
            ],
            [
              -38.61967199999998,
              -3.7190191999999342
            ],
            [
              -38.619691099999955,
              -3.718988299999978
            ],
            [
              -38.61971639999996,
              -3.718959699999971
            ],
            [
              -38.61974169999996,
              -3.718929899999978
            ],
            [
              -38.61975729999995,
              -3.7189036999999416
            ],
            [
              -38.619790799999976,
              -3.7188524999999686
            ],
            [
              -38.61982919999997,
              -3.7188012999999387
            ],
            [
              -38.61985079999994,
              -3.71877139999998
            ],
            [
              -38.619869999999935,
              -3.718745199999944
            ],
            [
              -38.62011019999994,
              -3.7183767999999304
            ],
            [
              -38.62019649999996,
              -3.718271799999968
            ],
            [
              -38.620244499999956,
              -3.718188199999929
            ],
            [
              -38.620284599999934,
              -3.718085799999926
            ],
            [
              -38.62034179999995,
              -3.71795469999995
            ],
            [
              -38.620379699999944,
              -3.7177952999999775
            ],
            [
              -38.62049659999997,
              -3.717408399999954
            ],
            [
              -38.62050439999996,
              -3.717354999999941
            ],
            [
              -38.62050969999996,
              -3.7173236999999517
            ],
            [
              -38.620520399999975,
              -3.717249099999947
            ],
            [
              -38.62052979999993,
              -3.717181299999936
            ],
            [
              -38.620536699999946,
              -3.7171251999999413
            ],
            [
              -38.62054019999994,
              -3.717053999999962
            ],
            [
              -38.62054349999994,
              -3.717004599999939
            ],
            [
              -38.62054879999994,
              -3.716972299999952
            ],
            [
              -38.620551999999975,
              -3.716934799999933
            ],
            [
              -38.620558399999936,
              -3.716860499999939
            ],
            [
              -38.62055929999997,
              -3.7168135999999663
            ],
            [
              -38.62055699999996,
              -3.7167861999999445
            ],
            [
              -38.62055219999996,
              -3.716753899999958
            ],
            [
              -38.62048949999996,
              -3.7164171999999667
            ],
            [
              -38.62047339999998,
              -3.716351999999972
            ],
            [
              -38.62043539999996,
              -3.716270399999928
            ],
            [
              -38.62040829999995,
              -3.716205099999968
            ],
            [
              -38.62039199999998,
              -3.716172399999948
            ],
            [
              -38.620353799999975,
              -3.7161069999999654
            ],
            [
              -38.62086999999997,
              -3.716363999999942
            ],
            [
              -38.62147199999998,
              -3.7162689999999543
            ],
            [
              -38.62200999999993,
              -3.7165239999999358
            ],
            [
              -38.62242199999997,
              -3.716874999999959
            ],
            [
              -38.62254799999994,
              -3.7178319999999303
            ],
            [
              -38.62245299999995,
              -3.719011999999964
            ],
            [
              -38.62245299999995,
              -3.7204469999999787
            ],
            [
              -38.621977999999956,
              -3.721275999999932
            ],
            [
              -38.62194699999998,
              -3.721945999999946
            ],
            [
              -38.62229499999995,
              -3.7226799999999685
            ],
            [
              -38.62273799999997,
              -3.7232219999999643
            ],
            [
              -38.62337199999996,
              -3.723923999999954
            ],
            [
              -38.62387899999993,
              -3.7245939999999678
            ],
            [
              -38.62394199999994,
              -3.7251039999999307
            ]
          ]
        ]
      }
    },
    {
      "type": "Feature",
      "properties": {
        "id": "caucaia:tabapua-brasilia",
        "name": "Tabapuá Brasília",
        "municipality": "Caucaia",
        "kind": "bairro",
        "source": "IBGE - Malha de Setores Censitarios 2022 agregada por unidade territorial de Caucaia"
      },
      "geometry": {
        "type": "Polygon",
        "coordinates": [
          [
            [
              -38.635415799999976,
              -3.7444825999999694
            ],
            [
              -38.63522709999995,
              -3.7445769999999357
            ],
            [
              -38.63515169999994,
              -3.7448221999999305
            ],
            [
              -38.63526479999996,
              -3.7450108999999543
            ],
            [
              -38.635283699999945,
              -3.74548249999998
            ],
            [
              -38.63524599999994,
              -3.7458597999999483
            ],
            [
              -38.63507619999996,
              -3.746142799999973
            ],
            [
              -38.63475549999998,
              -3.7464257999999404
            ],
            [
              -38.63430269999998,
              -3.7464257999999404
            ],
            [
              -38.63396309999996,
              -3.7463879999999676
            ],
            [
              -38.63337829999995,
              -3.7469539999999597
            ],
            [
              -38.63403859999994,
              -3.747934999999927
            ],
            [
              -38.63396309999996,
              -3.7485952999999768
            ],
            [
              -38.63369899999998,
              -3.748670699999934
            ],
            [
              -38.63375559999997,
              -3.7488215999999284
            ],
            [
              -38.63386879999996,
              -3.749104599999953
            ],
            [
              -38.63341609999998,
              -3.750455299999942
            ],
            [
              -38.63319829999995,
              -3.7510807999999543
            ],
            [
              -38.63282399999997,
              -3.7508869999999774
            ],
            [
              -38.631069999999966,
              -3.7499809999999343
            ],
            [
              -38.630889999999965,
              -3.7501389999999333
            ],
            [
              -38.63036699999998,
              -3.750595999999973
            ],
            [
              -38.629894999999976,
              -3.751009999999951
            ],
            [
              -38.62913099999997,
              -3.7516509999999244
            ],
            [
              -38.62892499999998,
              -3.7513609999999744
            ],
            [
              -38.62876699999998,
              -3.7513289999999415
            ],
            [
              -38.628394999999955,
              -3.751280999999949
            ],
            [
              -38.62814499999996,
              -3.7513249999999516
            ],
            [
              -38.627974999999935,
              -3.751408999999967
            ],
            [
              -38.62705099999994,
              -3.7519569999999476
            ],
            [
              -38.62698999999998,
              -3.7517009999999686
            ],
            [
              -38.62551199999996,
              -3.7520309999999313
            ],
            [
              -38.62559199999998,
              -3.7522769999999355
            ],
            [
              -38.625617999999974,
              -3.752350999999976
            ],
            [
              -38.62562699999995,
              -3.7524479999999585
            ],
            [
              -38.62560799999994,
              -3.75255199999998
            ],
            [
              -38.62555199999997,
              -3.7526379999999335
            ],
            [
              -38.625404999999944,
              -3.75273999999996
            ],
            [
              -38.625295999999935,
              -3.7527939999999376
            ],
            [
              -38.62528629999997,
              -3.752800299999933
            ],
            [
              -38.625193999999965,
              -3.752860999999939
            ],
            [
              -38.62505399999998,
              -3.7529589999999757
            ],
            [
              -38.624986999999976,
              -3.753020999999933
            ],
            [
              -38.62490999999994,
              -3.753070999999977
            ],
            [
              -38.624810999999966,
              -3.753108999999938
            ],
            [
              -38.62470599999995,
              -3.7531349999999293
            ],
            [
              -38.624593999999945,
              -3.7531499999999482
            ],
            [
              -38.62443399999995,
              -3.753178999999932
            ],
            [
              -38.624304999999936,
              -3.7532169999999496
            ],
            [
              -38.62418599999995,
              -3.753268999999932
            ],
            [
              -38.62410499999993,
              -3.7533239999999637
            ],
            [
              -38.62361199999998,
              -3.7537229999999795
            ],
            [
              -38.622912499999984,
              -3.7543331999999623
            ],
            [
              -38.622210999999936,
              -3.754940999999974
            ],
            [
              -38.62179999999995,
              -3.7543039999999337
            ],
            [
              -38.621730999999954,
              -3.754208999999946
            ],
            [
              -38.62168499999996,
              -3.754178999999965
            ],
            [
              -38.62164599999994,
              -3.754163999999946
            ],
            [
              -38.621609999999976,
              -3.754159999999956
            ],
            [
              -38.62157099999996,
              -3.7541559999999663
            ],
            [
              -38.621523999999965,
              -3.754161999999951
            ],
            [
              -38.621441999999945,
              -3.7542029999999613
            ],
            [
              -38.62137299999995,
              -3.7542519999999513
            ],
            [
              -38.62130099999996,
              -3.753936999999951
            ],
            [
              -38.62101599999994,
              -3.7539169999999444
            ],
            [
              -38.62083499999994,
              -3.7539489999999773
            ],
            [
              -38.62056899999993,
              -3.753998999999965
            ],
            [
              -38.62035899999995,
              -3.7540619999999763
            ],
            [
              -38.62004799999994,
              -3.75418099999996
            ],
            [
              -38.61976499999997,
              -3.754287999999974
            ],
            [
              -38.61961619999994,
              -3.7543915999999626
            ],
            [
              -38.61936899999995,
              -3.754549999999938
            ],
            [
              -38.61909899999995,
              -3.754776999999933
            ],
            [
              -38.61885499999994,
              -3.7549959999999487
            ],
            [
              -38.61850099999998,
              -3.755327999999963
            ],
            [
              -38.618322999999975,
              -3.7554969999999344
            ],
            [
              -38.61805199999998,
              -3.7558579999999324
            ],
            [
              -38.61777999999998,
              -3.7561929999999393
            ],
            [
              -38.617538999999965,
              -3.756516999999974
            ],
            [
              -38.61740899999995,
              -3.7567549999999414
            ],
            [
              -38.61729999999994,
              -3.7569409999999266
            ],
            [
              -38.61693999999994,
              -3.7569009999999707
            ],
            [
              -38.616033699999946,
              -3.7569235999999364
            ],
            [
              -38.616011999999955,
              -3.756271999999967
            ],
            [
              -38.61599199999995,
              -3.755608999999936
            ],
            [
              -38.61589989999993,
              -3.7549500999999736
            ],
            [
              -38.61585029999998,
              -3.754273699999942
            ],
            [
              -38.61579899999998,
              -3.7535839999999325
            ],
            [
              -38.61571799999996,
              -3.7529479999999467
            ],
            [
              -38.61563399999994,
              -3.7522959999999443
            ],
            [
              -38.61555599999997,
              -3.751617999999951
            ],
            [
              -38.61547299999995,
              -3.750958999999966
            ],
            [
              -38.615393799999936,
              -3.7502803999999514
            ],
            [
              -38.61539199999993,
              -3.750264999999956
            ],
            [
              -38.61531229999997,
              -3.7496542999999747
            ],
            [
              -38.61522599999995,
              -3.748976999999968
            ],
            [
              -38.61487699999998,
              -3.7460079999999607
            ],
            [
              -38.61413399999998,
              -3.742877999999962
            ],
            [
              -38.61373299999997,
              -3.742819999999938
            ],
            [
              -38.613764999999944,
              -3.7426289999999653
            ],
            [
              -38.61399499999993,
              -3.7413519999999494
            ],
            [
              -38.61409509999993,
              -3.7407250999999633
            ],
            [
              -38.61411389999995,
              -3.740589499999942
            ],
            [
              -38.61412629999995,
              -3.7404997999999523
            ],
            [
              -38.61417629999994,
              -3.7401276999999595
            ],
            [
              -38.61421439999998,
              -3.739854599999944
            ],
            [
              -38.614248799999984,
              -3.7395931999999448
            ],
            [
              -38.61430669999993,
              -3.7392802999999617
            ],
            [
              -38.61435369999998,
              -3.7390058999999383
            ],
            [
              -38.61441179999997,
              -3.738667899999939
            ],
            [
              -38.61443379999997,
              -3.7384728999999766
            ],
            [
              -38.61451409999995,
              -3.7379421999999636
            ],
            [
              -38.61483729999998,
              -3.736369799999977
            ],
            [
              -38.615754899999956,
              -3.7365877999999384
            ],
            [
              -38.615916899999945,
              -3.736617699999954
            ],
            [
              -38.616251199999965,
              -3.736701499999981
            ],
            [
              -38.616825999999946,
              -3.7367786999999453
            ],
            [
              -38.617602199999965,
              -3.7368993999999702
            ],
            [
              -38.61819409999998,
              -3.737040299999933
            ],
            [
              -38.61826449999995,
              -3.7370696999999495
            ],
            [
              -38.61854329999994,
              -3.7372064999999566
            ],
            [
              -38.61923429999996,
              -3.737481999999943
            ],
            [
              -38.61946359999996,
              -3.7375290999999606
            ],
            [
              -38.61933189999996,
              -3.73705549999994
            ],
            [
              -38.61916599999995,
              -3.736535999999944
            ],
            [
              -38.61919629999994,
              -3.73613789999996
            ],
            [
              -38.61920909999998,
              -3.73553899999996
            ],
            [
              -38.61913499999997,
              -3.7352643999999486
            ],
            [
              -38.61905919999998,
              -3.7351441999999793
            ],
            [
              -38.61901259999996,
              -3.734981399999981
            ],
            [
              -38.618979399999944,
              -3.7342576999999437
            ],
            [
              -38.618835599999954,
              -3.7339745999999536
            ],
            [
              -38.618614399999956,
              -3.7335727999999335
            ],
            [
              -38.61912399999994,
              -3.7331099999999537
            ],
            [
              -38.61934599999995,
              -3.732981999999936
            ],
            [
              -38.61942499999998,
              -3.7328699999999344
            ],
            [
              -38.61972599999996,
              -3.7327909999999633
            ],
            [
              -38.61985199999998,
              -3.7326309999999694
            ],
            [
              -38.62013699999994,
              -3.7323599999999715
            ],
            [
              -38.62015299999996,
              -3.732008999999948
            ],
            [
              -38.62015299999996,
              -3.731705999999974
            ],
            [
              -38.62013699999994,
              -3.731482999999969
            ],
            [
              -38.620596999999975,
              -3.731482999999969
            ],
            [
              -38.62092899999993,
              -3.7316099999999324
            ],
            [
              -38.62129299999998,
              -3.731912999999963
            ],
            [
              -38.621419999999944,
              -3.732279999999946
            ],
            [
              -38.62137299999995,
              -3.7327269999999544
            ],
            [
              -38.62116699999996,
              -3.7331099999999537
            ],
            [
              -38.62092899999993,
              -3.733428999999944
            ],
            [
              -38.62078699999995,
              -3.7337159999999585
            ],
            [
              -38.62089699999996,
              -3.734113999999977
            ],
            [
              -38.620960999999966,
              -3.734416999999951
            ],
            [
              -38.62164199999995,
              -3.7350229999999556
            ],
            [
              -38.621767999999975,
              -3.7350229999999556
            ],
            [
              -38.622053999999935,
              -3.734927999999968
            ],
            [
              -38.62208499999997,
              -3.7346729999999297
            ],
            [
              -38.62198999999998,
              -3.7342899999999304
            ],
            [
              -38.62198999999998,
              -3.7338909999999714
            ],
            [
              -38.622068999999954,
              -3.7337949999999296
            ],
            [
              -38.62222799999995,
              -3.733699999999942
            ],
            [
              -38.62260799999996,
              -3.733699999999942
            ],
            [
              -38.622908999999936,
              -3.7337159999999585
            ],
            [
              -38.62324099999995,
              -3.7338269999999625
            ],
            [
              -38.62343099999998,
              -3.734113999999977
            ],
            [
              -38.62343099999998,
              -3.7342899999999304
            ],
            [
              -38.62354199999993,
              -3.7346729999999297
            ],
            [
              -38.623699999999985,
              -3.7348159999999666
            ],
            [
              -38.62382699999995,
              -3.734831999999926
            ],
            [
              -38.62403299999994,
              -3.735070999999948
            ],
            [
              -38.624127999999985,
              -3.7354219999999714
            ],
            [
              -38.62430199999994,
              -3.7354219999999714
            ],
            [
              -38.62468199999995,
              -3.735166999999933
            ],
            [
              -38.62480899999997,
              -3.7351509999999735
            ],
            [
              -38.62496699999997,
              -3.7349759999999605
            ],
            [
              -38.62503099999998,
              -3.734735999999941
            ],
            [
              -38.62518899999998,
              -3.7347839999999337
            ],
            [
              -38.62526799999995,
              -3.7349439999999277
            ],
            [
              -38.625283999999965,
              -3.7352149999999256
            ],
            [
              -38.625441999999964,
              -3.7352469999999585
            ],
            [
              -38.625711999999965,
              -3.735166999999933
            ],
            [
              -38.625932999999975,
              -3.7349759999999605
            ],
            [
              -38.626075999999955,
              -3.7348159999999666
            ],
            [
              -38.626360999999974,
              -3.7345609999999283
            ],
            [
              -38.62648799999994,
              -3.7344329999999673
            ],
            [
              -38.62666199999995,
              -3.7344329999999673
            ],
            [
              -38.62691499999994,
              -3.7344809999999597
            ],
            [
              -38.62710499999997,
              -3.7346409999999537
            ],
            [
              -38.62742199999997,
              -3.7347839999999337
            ],
            [
              -38.62769099999997,
              -3.734831999999926
            ],
            [
              -38.62784999999997,
              -3.73479999999995
            ],
            [
              -38.62833599999993,
              -3.7346729999999297
            ],
            [
              -38.62862899999993,
              -3.7347919999999704
            ],
            [
              -38.628818999999964,
              -3.7349519999999643
            ],
            [
              -38.62892999999997,
              -3.7351109999999608
            ],
            [
              -38.629088999999965,
              -3.735262999999975
            ],
            [
              -38.62972999999994,
              -3.735262999999975
            ],
            [
              -38.63001499999996,
              -3.7351509999999735
            ],
            [
              -38.63025299999998,
              -3.7349679999999807
            ],
            [
              -38.63055399999996,
              -3.734895999999935
            ],
            [
              -38.630822999999964,
              -3.7350549999999316
            ],
            [
              -38.63109199999997,
              -3.7352549999999383
            ],
            [
              -38.63117099999994,
              -3.735557999999969
            ],
            [
              -38.63178899999997,
              -3.7364109999999755
            ],
            [
              -38.63185199999998,
              -3.7366819999999734
            ],
            [
              -38.631827999999985,
              -3.736928999999975
            ],
            [
              -38.63174099999998,
              -3.7370169999999803
            ],
            [
              -38.63143999999994,
              -3.737295999999958
            ],
            [
              -38.631194999999934,
              -3.7374789999999507
            ],
            [
              -38.63115499999998,
              -3.7377349999999296
            ],
            [
              -38.631190999999944,
              -3.7382219999999506
            ],
            [
              -38.63120849999996,
              -3.738233399999956
            ],
            [
              -38.630949999999984,
              -3.738520699999981
            ],
            [
              -38.63083679999994,
              -3.7387092999999254
            ],
            [
              -38.63078019999995,
              -3.739067699999964
            ],
            [
              -38.63070479999993,
              -3.7397657999999296
            ],
            [
              -38.631025499999964,
              -3.741444799999954
            ],
            [
              -38.63136509999998,
              -3.74195409999993
            ],
            [
              -38.63197199999996,
              -3.742324999999937
            ],
            [
              -38.632326999999975,
              -3.742324999999937
            ],
            [
              -38.63279699999998,
              -3.742226999999957
            ],
            [
              -38.63304999999997,
              -3.742087999999967
            ],
            [
              -38.63336799999996,
              -3.7421319999999696
            ],
            [
              -38.63374299999998,
              -3.7421119999999632
            ],
            [
              -38.63422699999995,
              -3.7420379999999795
            ],
            [
              -38.63438699999995,
              -3.742055999999934
            ],
            [
              -38.634499999999946,
              -3.7421119999999632
            ],
            [
              -38.63488099999995,
              -3.742510999999979
            ],
            [
              -38.63534199999998,
              -3.7431042999999704
            ],
            [
              -38.63496299999997,
              -3.744067599999937
            ],
            [
              -38.635415799999976,
              -3.7444825999999694
            ]
          ]
        ]
      }
    },
    {
      "type": "Feature",
      "properties": {
        "id": "caucaia:tabuba",
        "name": "Tabuba",
        "municipality": "Caucaia",
        "kind": "bairro",
        "source": "IBGE - Malha de Setores Censitarios 2022 agregada por unidade territorial de Caucaia"
      },
      "geometry": {
        "type": "Polygon",
        "coordinates": [
          [
            [
              -38.715534899999966,
              -3.667302799999959
            ],
            [
              -38.714785699999936,
              -3.667241499999932
            ],
            [
              -38.713454199999944,
              -3.6671016999999324
            ],
            [
              -38.71292529999994,
              -3.6669557999999256
            ],
            [
              -38.71214089999995,
              -3.666505799999925
            ],
            [
              -38.711386999999945,
              -3.666292999999939
            ],
            [
              -38.70975759999993,
              -3.6660801999999535
            ],
            [
              -38.70908869999994,
              -3.666007299999933
            ],
            [
              -38.70730729999997,
              -3.6664206999999465
            ],
            [
              -38.70679659999996,
              -3.66649979999994
            ],
            [
              -38.70667609999998,
              -3.666452799999945
            ],
            [
              -38.70608649999997,
              -3.666581899999926
            ],
            [
              -38.70607179999996,
              -3.6666466999999443
            ],
            [
              -38.70147529999997,
              -3.6686959999999544
            ],
            [
              -38.70149599999996,
              -3.668907699999977
            ],
            [
              -38.700661199999956,
              -3.6701814999999556
            ],
            [
              -38.70038129999995,
              -3.6705074999999283
            ],
            [
              -38.700639799999976,
              -3.6728462999999465
            ],
            [
              -38.70121569999998,
              -3.674700199999961
            ],
            [
              -38.70146729999993,
              -3.675563699999941
            ],
            [
              -38.70166149999994,
              -3.6758045999999354
            ],
            [
              -38.701618199999984,
              -3.6758737999999767
            ],
            [
              -38.70131339999995,
              -3.675966599999981
            ],
            [
              -38.70098189999993,
              -3.6761015999999245
            ],
            [
              -38.700517599999955,
              -3.6761600999999473
            ],
            [
              -38.70032349999997,
              -3.6762138999999365
            ],
            [
              -38.700067599999954,
              -3.6763702999999737
            ],
            [
              -38.69980349999997,
              -3.676444199999935
            ],
            [
              -38.69963729999995,
              -3.676485399999933
            ],
            [
              -38.69931489999993,
              -3.6766842999999767
            ],
            [
              -38.69902899999994,
              -3.676995999999974
            ],
            [
              -38.69847619999996,
              -3.6778254999999263
            ],
            [
              -38.69828309999997,
              -3.6781731999999465
            ],
            [
              -38.69815429999994,
              -3.6783448999999564
            ],
            [
              -38.69770369999998,
              -3.6785379999999464
            ],
            [
              -38.69731749999994,
              -3.6785379999999464
            ],
            [
              -38.697059999999965,
              -3.6787095999999337
            ],
            [
              -38.69671669999997,
              -3.678752599999939
            ],
            [
              -38.69641629999995,
              -3.678859799999941
            ],
            [
              -38.695987199999934,
              -3.678838399999961
            ],
            [
              -38.69560089999993,
              -3.6788812999999436
            ],
            [
              -38.69480699999997,
              -3.6792674999999804
            ],
            [
              -38.694442299999935,
              -3.67963229999998
            ],
            [
              -38.69418479999996,
              -3.679760999999928
            ],
            [
              -38.69347669999996,
              -3.6801472999999305
            ],
            [
              -38.69279009999997,
              -3.6808553999999276
            ],
            [
              -38.69261839999996,
              -3.6807909999999424
            ],
            [
              -38.692210699999976,
              -3.680662199999972
            ],
            [
              -38.69152409999998,
              -3.6806192999999325
            ],
            [
              -38.690966199999934,
              -3.6808123999999793
            ],
            [
              -38.69075159999994,
              -3.68096259999993
            ],
            [
              -38.69070869999996,
              -3.680705199999977
            ],
            [
              -38.69046539999994,
              -3.680600899999945
            ],
            [
              -38.690408299999945,
              -3.68057639999995
            ],
            [
              -38.69017229999997,
              -3.680640799999935
            ],
            [
              -38.69000059999996,
              -3.6808123999999793
            ],
            [
              -38.68972169999995,
              -3.680898299999967
            ],
            [
              -38.68957149999994,
              -3.680469099999925
            ],
            [
              -38.68937839999995,
              -3.680447699999945
            ],
            [
              -38.689421299999935,
              -3.680726599999957
            ],
            [
              -38.68914239999998,
              -3.6809411999999497
            ],
            [
              -38.68906679999998,
              -3.681085399999972
            ],
            [
              -38.688906299999985,
              -3.6813917999999717
            ],
            [
              -38.68856299999993,
              -3.681670699999927
            ],
            [
              -38.68815529999995,
              -3.681842399999937
            ],
            [
              -38.68809199999998,
              -3.6817409999999313
            ],
            [
              -38.68804799999998,
              -3.681670699999927
            ],
            [
              -38.687854899999934,
              -3.6812629999999444
            ],
            [
              -38.68751159999994,
              -3.681348899999932
            ],
            [
              -38.68712539999996,
              -3.6811342999999397
            ],
            [
              -38.686524599999984,
              -3.68096259999993
            ],
            [
              -38.68622419999997,
              -3.680640799999935
            ],
            [
              -38.68566629999998,
              -3.6805119999999647
            ],
            [
              -38.68497519999994,
              -3.6810303999999405
            ],
            [
              -38.68487799999997,
              -3.6809599999999705
            ],
            [
              -38.68319999999994,
              -3.682495999999958
            ],
            [
              -38.682361999999955,
              -3.6828609999999458
            ],
            [
              -38.68039799999997,
              -3.6830719999999246
            ],
            [
              -38.678796999999975,
              -3.6830529999999726
            ],
            [
              -38.67742499999997,
              -3.6828029999999785
            ],
            [
              -38.67330179999993,
              -3.683345299999928
            ],
            [
              -38.67559739999996,
              -3.681584399999963
            ],
            [
              -38.67618599999997,
              -3.6811329999999316
            ],
            [
              -38.677678999999955,
              -3.678658999999925
            ],
            [
              -38.67886299999998,
              -3.677682999999945
            ],
            [
              -38.680770999999936,
              -3.6764899999999443
            ],
            [
              -38.68124099999994,
              -3.67656599999998
            ],
            [
              -38.681356999999934,
              -3.6762019999999325
            ],
            [
              -38.68145899999996,
              -3.6755889999999454
            ],
            [
              -38.68145899999996,
              -3.675194999999974
            ],
            [
              -38.681487999999945,
              -3.6749909999999772
            ],
            [
              -38.68164699999994,
              -3.674596999999949
            ],
            [
              -38.68186399999996,
              -3.6741889999999557
            ],
            [
              -38.682095999999945,
              -3.6737509999999247
            ],
            [
              -38.68226999999996,
              -3.6732699999999454
            ],
            [
              -38.68226999999996,
              -3.672890999999936
            ],
            [
              -38.68237799999997,
              -3.6723949999999377
            ],
            [
              -38.682500999999945,
              -3.672314999999969
            ],
            [
              -38.68263899999994,
              -3.6722489999999652
            ],
            [
              -38.68276199999997,
              -3.6721539999999777
            ],
            [
              -38.68306599999994,
              -3.6721619999999575
            ],
            [
              -38.68324699999994,
              -3.6722489999999652
            ],
            [
              -38.68337699999995,
              -3.6723729999999364
            ],
            [
              -38.68362399999995,
              -3.672401999999977
            ],
            [
              -38.68376099999995,
              -3.672365999999954
            ],
            [
              -38.68384099999997,
              -3.6722349999999437
            ],
            [
              -38.683963999999946,
              -3.6720379999999295
            ],
            [
              -38.68425399999995,
              -3.671767999999929
            ],
            [
              -38.68442699999997,
              -3.671453999999926
            ],
            [
              -38.68465199999997,
              -3.6711409999999773
            ],
            [
              -38.68492699999996,
              -3.6708999999999605
            ],
            [
              -38.68513699999994,
              -3.6707759999999325
            ],
            [
              -38.685614999999984,
              -3.67063799999994
            ],
            [
              -38.68571599999996,
              -3.6704259999999636
            ],
            [
              -38.68578899999994,
              -3.6701779999999644
            ],
            [
              -38.685824999999966,
              -3.669856999999979
            ],
            [
              -38.68581799999998,
              -3.669674999999927
            ],
            [
              -38.68581799999998,
              -3.6694629999999506
            ],
            [
              -38.685708999999974,
              -3.6692879999999377
            ],
            [
              -38.68556399999994,
              -3.669207999999969
            ],
            [
              -38.68533999999994,
              -3.669076999999959
            ],
            [
              -38.68524599999995,
              -3.6689459999999485
            ],
            [
              -38.68517299999996,
              -3.6688139999999407
            ],
            [
              -38.68515899999994,
              -3.668609999999944
            ],
            [
              -38.685179999999946,
              -3.6683909999999287
            ],
            [
              -38.685179999999946,
              -3.6682159999999726
            ],
            [
              -38.68514399999998,
              -3.6680559999999787
            ],
            [
              -38.68507899999997,
              -3.6679319999999507
            ],
            [
              -38.68504299999995,
              -3.6677719999999567
            ],
            [
              -38.68489399999993,
              -3.667242999999928
            ],
            [
              -38.68485099999998,
              -3.6666009999999574
            ],
            [
              -38.68473499999993,
              -3.6662509999999315
            ],
            [
              -38.68458999999996,
              -3.6655509999999367
            ],
            [
              -38.684473999999966,
              -3.6651279999999247
            ],
            [
              -38.68434399999995,
              -3.6647779999999557
            ],
            [
              -38.68424299999998,
              -3.66455899999994
            ],
            [
              -38.68348309999993,
              -3.663760899999943
            ],
            [
              -38.68293499999993,
              -3.6627999999999474
            ],
            [
              -38.682214999999985,
              -3.661551999999972
            ],
            [
              -38.68113589999996,
              -3.6598083999999744
            ],
            [
              -38.68128969999998,
              -3.6596426999999494
            ],
            [
              -38.68314269999996,
              -3.657601199999931
            ],
            [
              -38.683982999999955,
              -3.6566755999999714
            ],
            [
              -38.68457069999994,
              -3.6561990999999807
            ],
            [
              -38.684778499999936,
              -3.656030699999974
            ],
            [
              -38.685341499999936,
              -3.6554552999999714
            ],
            [
              -38.685937199999955,
              -3.655096399999934
            ],
            [
              -38.68639009999998,
              -3.6544981999999777
            ],
            [
              -38.68700979999994,
              -3.6539717999999652
            ],
            [
              -38.68955999999997,
              -3.6511720999999397
            ],
            [
              -38.69044949999994,
              -3.6494956999999317
            ],
            [
              -38.69072819999997,
              -3.648970399999939
            ],
            [
              -38.690993599999956,
              -3.6486915999999496
            ],
            [
              -38.69169729999993,
              -3.647952499999974
            ],
            [
              -38.691926799999976,
              -3.6476990999999543
            ],
            [
              -38.69232519999997,
              -3.647181299999943
            ],
            [
              -38.69258729999996,
              -3.6468406999999274
            ],
            [
              -38.694861999999944,
              -3.6445057999999335
            ],
            [
              -38.695590299999935,
              -3.643705999999952
            ],
            [
              -38.69640049999998,
              -3.643131799999935
            ],
            [
              -38.69704399999995,
              -3.642461799999978
            ],
            [
              -38.69778279999997,
              -3.6419115999999576
            ],
            [
              -38.698545399999944,
              -3.64121769999997
            ],
            [
              -38.69974449999995,
              -3.6398391999999262
            ],
            [
              -38.70156529999997,
              -3.6385031999999455
            ],
            [
              -38.70153809999994,
              -3.6385192999999276
            ],
            [
              -38.70175469999998,
              -3.638359899999955
            ],
            [
              -38.70521679999996,
              -3.636410299999966
            ],
            [
              -38.70600769999993,
              -3.6359648999999763
            ],
            [
              -38.70776449999994,
              -3.6345461999999316
            ],
            [
              -38.70800609999998,
              -3.634350999999981
            ],
            [
              -38.70898299999993,
              -3.634111999999959
            ],
            [
              -38.70972169999993,
              -3.633824999999945
            ],
            [
              -38.71036509999993,
              -3.6334421999999336
            ],
            [
              -38.71166669999997,
              -3.6330648999999653
            ],
            [
              -38.71239859999997,
              -3.632757999999967
            ],
            [
              -38.71214669999995,
              -3.633371699999941
            ],
            [
              -38.71235749999994,
              -3.635090299999945
            ],
            [
              -38.71247119999998,
              -3.6368788999999424
            ],
            [
              -38.71255209999998,
              -3.637693899999931
            ],
            [
              -38.71260509999996,
              -3.6381109999999808
            ],
            [
              -38.71266559999998,
              -3.638284399999975
            ],
            [
              -38.71300199999996,
              -3.6397349999999733
            ],
            [
              -38.713526799999954,
              -3.6424279999999385
            ],
            [
              -38.71408309999998,
              -3.6453952999999615
            ],
            [
              -38.71415049999996,
              -3.6457547999999633
            ],
            [
              -38.71480299999996,
              -3.6457884999999806
            ],
            [
              -38.71427429999994,
              -3.646564699999942
            ],
            [
              -38.71391429999994,
              -3.6477457999999388
            ],
            [
              -38.714895799999965,
              -3.658080699999971
            ],
            [
              -38.714916399999936,
              -3.660453099999927
            ],
            [
              -38.71527309999993,
              -3.6641497999999615
            ],
            [
              -38.715534899999966,
              -3.667302799999959
            ]
          ]
        ]
      }
    },
    {
      "type": "Feature",
      "properties": {
        "id": "caucaia:toco",
        "name": "Toco",
        "municipality": "Caucaia",
        "kind": "bairro",
        "source": "IBGE - Malha de Setores Censitarios 2022 agregada por unidade territorial de Caucaia"
      },
      "geometry": {
        "type": "Polygon",
        "coordinates": [
          [
            [
              -38.65758089999997,
              -3.789395499999955
            ],
            [
              -38.65767209999996,
              -3.7882776999999805
            ],
            [
              -38.66099649999995,
              -3.785654799999975
            ],
            [
              -38.66340459999998,
              -3.786825399999941
            ],
            [
              -38.663816199999985,
              -3.7871621999999547
            ],
            [
              -38.66730209999997,
              -3.784380399999975
            ],
            [
              -38.67203059999997,
              -3.780555599999957
            ],
            [
              -38.67280699999998,
              -3.7815283999999565
            ],
            [
              -38.67275559999996,
              -3.781749399999967
            ],
            [
              -38.67342789999998,
              -3.782625199999927
            ],
            [
              -38.67335309999993,
              -3.782835699999964
            ],
            [
              -38.67358159999998,
              -3.7831111999999507
            ],
            [
              -38.674302599999976,
              -3.783962899999949
            ],
            [
              -38.67585749999995,
              -3.782651299999941
            ],
            [
              -38.68118629999998,
              -3.7783081999999695
            ],
            [
              -38.68273209999995,
              -3.778621499999929
            ],
            [
              -38.68442699999997,
              -3.780136999999968
            ],
            [
              -38.68650029999998,
              -3.778424599999937
            ],
            [
              -38.68622399999998,
              -3.77824899999996
            ],
            [
              -38.685449999999946,
              -3.7778509999999415
            ],
            [
              -38.67826459999998,
              -3.7741333999999256
            ],
            [
              -38.67561099999995,
              -3.772760499999947
            ],
            [
              -38.67420099999998,
              -3.77203099999997
            ],
            [
              -38.66582999999997,
              -3.7677309999999693
            ],
            [
              -38.665420799999936,
              -3.767512199999942
            ],
            [
              -38.665367999999944,
              -3.7674839999999676
            ],
            [
              -38.66514799999993,
              -3.7679339999999684
            ],
            [
              -38.66007099999996,
              -3.7768799999999487
            ],
            [
              -38.65826699999997,
              -3.780078999999944
            ],
            [
              -38.65821429999994,
              -3.780079599999965
            ],
            [
              -38.65441849999996,
              -3.7866588999999635
            ],
            [
              -38.653574299999946,
              -3.7877498999999375
            ],
            [
              -38.652170799999965,
              -3.7894273999999655
            ],
            [
              -38.65758089999997,
              -3.789395499999955
            ]
          ]
        ]
      }
    },
    {
      "type": "Feature",
      "properties": {
        "id": "caucaia:urucutuba",
        "name": "Urucutuba",
        "municipality": "Caucaia",
        "kind": "bairro",
        "source": "IBGE - Malha de Setores Censitarios 2022 agregada por unidade territorial de Caucaia"
      },
      "geometry": {
        "type": "Polygon",
        "coordinates": [
          [
            [
              -38.63489169999997,
              -3.787674299999935
            ],
            [
              -38.635060099999976,
              -3.7869656999999393
            ],
            [
              -38.635417899999936,
              -3.786250099999961
            ],
            [
              -38.635789699999975,
              -3.785730899999976
            ],
            [
              -38.636147499999936,
              -3.7852958999999373
            ],
            [
              -38.63650779999995,
              -3.7849925999999527
            ],
            [
              -38.637010499999974,
              -3.7845872999999415
            ],
            [
              -38.63747349999994,
              -3.7842575999999326
            ],
            [
              -38.63819639999997,
              -3.785557399999959
            ],
            [
              -38.63905909999994,
              -3.7870007999999302
            ],
            [
              -38.63928359999994,
              -3.7872182999999495
            ],
            [
              -38.63963439999998,
              -3.7873234999999568
            ],
            [
              -38.64075699999995,
              -3.7873382999999308
            ],
            [
              -38.64363359999993,
              -3.7873760999999604
            ],
            [
              -38.645273299999985,
              -3.7874120999999263
            ],
            [
              -38.64566439999993,
              -3.7876646999999366
            ],
            [
              -38.64598229999996,
              -3.787764599999946
            ],
            [
              -38.64662079999994,
              -3.787811999999974
            ],
            [
              -38.64683299999996,
              -3.7877961999999457
            ],
            [
              -38.647218899999984,
              -3.787804999999935
            ],
            [
              -38.64739289999994,
              -3.7877606999999784
            ],
            [
              -38.64804859999998,
              -3.7876777999999263
            ],
            [
              -38.64829279999998,
              -3.7876326999999606
            ],
            [
              -38.649319799999944,
              -3.7873958999999786
            ],
            [
              -38.64964779999997,
              -3.787394099999972
            ],
            [
              -38.64975479999998,
              -3.7873747999999523
            ],
            [
              -38.64984599999997,
              -3.7873396999999613
            ],
            [
              -38.64998009999994,
              -3.787258599999973
            ],
            [
              -38.65007309999993,
              -3.787237599999969
            ],
            [
              -38.650411599999984,
              -3.7872129999999515
            ],
            [
              -38.65061859999997,
              -3.7872515999999337
            ],
            [
              -38.65072379999998,
              -3.7872427999999445
            ],
            [
              -38.65085709999994,
              -3.78719719999998
            ],
            [
              -38.651265799999976,
              -3.7871270999999638
            ],
            [
              -38.65162269999996,
              -3.7870796999999357
            ],
            [
              -38.65179989999996,
              -3.787091999999973
            ],
            [
              -38.651830899999936,
              -3.7871010999999726
            ],
            [
              -38.65441849999996,
              -3.7866588999999635
            ],
            [
              -38.65821429999994,
              -3.780079599999965
            ],
            [
              -38.65566199999995,
              -3.780452999999966
            ],
            [
              -38.65188509999996,
              -3.7807041999999456
            ],
            [
              -38.65079469999995,
              -3.780728099999976
            ],
            [
              -38.63969479999997,
              -3.7809711999999536
            ],
            [
              -38.63832999999994,
              -3.781001099999969
            ],
            [
              -38.63315289999997,
              -3.7811143999999786
            ],
            [
              -38.632488999999964,
              -3.7811657999999397
            ],
            [
              -38.632410799999946,
              -3.781171899999947
            ],
            [
              -38.63238269999994,
              -3.781180499999948
            ],
            [
              -38.631394899999975,
              -3.78148479999993
            ],
            [
              -38.630269699999985,
              -3.7818381999999247
            ],
            [
              -38.628869099999974,
              -3.7822391999999354
            ],
            [
              -38.628549599999985,
              -3.782330599999966
            ],
            [
              -38.62765329999996,
              -3.782588799999928
            ],
            [
              -38.62745189999998,
              -3.7826297999999383
            ],
            [
              -38.62756059999998,
              -3.78306299999997
            ],
            [
              -38.62762289999995,
              -3.783309499999973
            ],
            [
              -38.62781679999995,
              -3.784003699999971
            ],
            [
              -38.62802829999998,
              -3.7846776999999747
            ],
            [
              -38.62946469999997,
              -3.7842778999999496
            ],
            [
              -38.63027789999995,
              -3.7840532999999255
            ],
            [
              -38.63090089999997,
              -3.783870199999967
            ],
            [
              -38.63095379999993,
              -3.7838243999999577
            ],
            [
              -38.63099509999995,
              -3.7838083999999412
            ],
            [
              -38.63109439999994,
              -3.783788999999956
            ],
            [
              -38.63119659999995,
              -3.78378129999993
            ],
            [
              -38.631376399999965,
              -3.7837423999999373
            ],
            [
              -38.631457499999954,
              -3.783713599999942
            ],
            [
              -38.63154429999997,
              -3.7836873999999625
            ],
            [
              -38.63293269999997,
              -3.788764799999967
            ],
            [
              -38.63489169999997,
              -3.787674299999935
            ]
          ]
        ]
      }
    }
  ]
}
